:020000040000FA
:10000000A84400205DEA0000FB75010049EA0000F9
:1000100049EA000049EA000049EA00000000000047
:10002000000000000000000000000000D5EB000010
:1000300049EA00000000000071EB000049EA0000FE
:1000400075ED000091A3010075ED000075ED000055
:1000500075ED000075ED000075ED000075ED000018
:10006000A7A3010075ED000075ED00007BA3010062
:1000700075ED000075ED000075ED000075ED0000F8
:1000800075ED000075ED000075ED000075ED0000E8
:1000900075ED000075ED000075ED000075ED0000D8
:1000A00075ED000075ED000075ED000075ED0000C8
:1000B00075ED000075ED0000064B074A5B780260A5
:1000C0004FF422728280C37108220023827103726E
:1000D000704700BFC0060020DBCE0000064B074A79
:1000E0005B7A02604FF49C728280C3710822FF2306
:1000F00082710372704700BFC0060020EFC9000084
:10010000F8B5C41D002824F00704054614BF204696
:10011000002000F07BFA071E02DA6FF00B00F8BD3A
:10012000254EB1887088F379B2790331033089B2F2
:1001300080B20AF0B4FD0028EFDB737831783C44DC
:1001400003341944002D24F0030400FB01F114BF13
:100150002046002000F0E0FB23180DB9002BDCDB6B
:10016000717A184679B10333002D23F0030414BFCC
:1001700020460020728900F041FC0028CDDB20449D
:100180000DB90028C9DB317A91B1737A83B1C41DEE
:10019000002D24F0070414BF2046002002F08EFF3B
:1001A0000028BADB0DB10020B9E72018B7D5B4E7B5
:1001B000002DF8D1B3E700BFC00600201FB572B60E
:1001C000194BDD68EDB9BFF34F8F1849184BCA685A
:1001D00002F4E0621343CB60BFF34F8F00BFFDE733
:1001E0002346B2FBF6F25C1C002AF9D104AEDCB265
:1001F00056FA83F303F80C2C0A2234B901A8A84755
:10020000E1E7024600230A26EDE7631E04AEDCB2F6
:1002100056FA83F3B0FBF2F602FB1600303003F817
:100220000C0C3046E9E700BFC006002000ED00E0FE
:100230000400FA0507B50A4BDA88ADF800206846D5
:100240009A885B88ADF80420ADF8023001F0BCFC60
:1002500018B1FD219C20FFF7B1FF03B05DF804FB4E
:10026000C006002010B5044628B308F087FF10B977
:100270004FF0FF3010BD06F0A5FEB0F5FA7FF7D8BD
:100280000E4B00221A744FF480721A801B225A807F
:100290009A8040F20322DA804FF484721A811F227E
:1002A000DC605A81EFF3108472B600F005FC04B9EB
:1002B00062B60020DEE76FF01500DBE7C006002025
:1002C00010B5002840D1234C237C032B39D059B1E1
:1002D000002A3CD00239052936D8DFE801F00312A4
:1002E00027352A2D137863700020FFF709FF0028B7
:1002F000B7BF0123022323746FF00B00A8BF237440
:1003000010BD13791BB353790BB31188FB291ED889
:1003100053881B3B9BB2E02B19D81A2917D91368B5
:10032000C4F802300C4B92889A80DDE71378637230
:10033000DAE713886381D7E71388FF2B07D8237286
:10034000D2E74FF0FF30DBE76FF02C00D8E76FF01B
:100350001500D5E7C0060020C2060020F8B50D46FE
:10036000064620B319B311F0070420D1114F3B7C8E
:10037000012B02D16FF00B00F8BD032B02D14FF01F
:10038000FF30F9E700F060F80028F8D02846FFF7C2
:10039000B7FE0028EEDB0CF0FDFD3046214601F0F3
:1003A00087FCFFF747FF03233B742046E4E76FF029
:1003B0001500E1E7C006002010B5064C237C032B96
:1003C00003D101F08BFC02F009F90AF072FD002064
:1003D000207410BDC006002050B1074B03F1140279
:1003E00053F8041B40F8041B9342F9D100207047D6
:1003F0006FF01500704700BFDDCB010008B501F0BC
:1004000023FCBDE808400249012000F0F7B800BF16
:10041000DD00000008B501F02BFCBDE808400249F2
:10042000002000F0EBB800BFB9000000024B0268EA
:100430001A600020704700BFD4060020014B1B68E3
:10044000184700BFD4060020024B1868003818BFB8
:1004500001207047D4060020074B4FF0FF3141F6D2
:10046000FF72C3E9001205490022C1E900221F21E1
:10047000C3E90212704700BF00000020D806002028
:100480003F280CD801380B4BC0F3421200F01F007C
:1004900053F8223023FA00F000F001007047FF28E3
:1004A00006D04038C0F34212034B00F01F00EFE7C4
:1004B0000120704700000020D80600200146074BAD
:1004C000006849681A4603C240F48C221A6041F061
:1004D000107242F4FF625A60002070470000002052
:1004E0000246034B0068516803C30020704700BFF9
:1004F000D80600200246034B0068516803C3002061
:10050000704700BF080000200138064BC0F34212BC
:1005100003EB820300F01F009B6823FA00F000F059
:100520000100704700000020F0B50C88C37C0288F1
:10053000A5B2C4F30E0404F118060233865B1A4414
:10054000334497B213FA82F3013B4288B3FBF7F3CB
:1005500013FB07439BB29A42044A93BF22EA050366
:100560002A4013439BB20B80F0BD00BF0080FFFF09
:100570004A1E062A08B50346084604D84FF4D1712E
:100580001520FFF71BFE094A914202D940F2A31140
:10059000F6E711B903B1196008BD2BB11B68002241
:1005A000C3E901211A1D1A600430F5E7FAFFFF7F45
:1005B00010B5114B00EB41041A786389B3FBF2F3D9
:1005C00003FB0223013A1A44B2F5706F0279807876
:1005D00028BF00231A440B18B2FBF0F100FB1121D5
:1005E0005B1AB3FBF0F100FB113313446FEA434392
:1005F0006FEA5343638110BDE0060020024B03EB1A
:1006000080035960704700BFE00600202DE9F04FDD
:1006100010F0070A85B0054604D040F26F1117208C
:10062000FFF7CCFD534F07F10C06B1460446B04628
:1006300057F8043B8DF80BA03BB101A898479DF8F3
:100640000A30082B01D9F521E9E79DF80B1041BBD1
:1006500005B131604F4506F10406E9D1002D70D097
:10066000DFF81491002289F800209646022758F8F6
:1006700027A0013FBAF1000F56D09AF804609AF80B
:1006800002C0FF2E61D039460023481C39D19C445A
:10069000BCF1FF0F40D90AB189F800E04FF49A711C
:1006A000BDE79DF80AC06046022838BF02204B1DF6
:1006B0005A0004EB4303441E2344BDF8084064443D
:1006C000013CCCF1000C04EA0C044042B4F5803F3C
:1006D00003EA000302D340F20511A0E775B19A1AAC
:1006E0000120326091701480D0709DF80C00107160
:1006F000019810814FEA104CA2F806C004FB0134A7
:10070000A8E758F8210028B190F804B0B34504BF19
:1007100080781B180139B8E7DBB2E6458AF8043067
:100720003CBF5FFA8CFE01227B1CA0D10AB189F884
:1007300000E0022640F6FF6A58F82670B7B9013E7D
:10074000FAD2601B05B0BDE8F08F0023E5E707EBA8
:1007500041033846A3F80AA0FFF72AFF09F101096F
:10076000BB785FFA89F18B42F1D8E8E74FF00009D6
:10077000F6E700BFE4060020E006002038B54FF69B
:10078000FF730380184B03EB810302461869A8B17D
:1007900084780379B3FBF4F104FB1133DBB219461F
:1007A00000EB4105B5F90A50002D0EDB0131B1FB1C
:1007B000F4F504FB1511C9B28B42F1D1002038BD0C
:1007C0006381BDE838400AF046BA00EB4104638912
:1007D000C3F30E031380C278002AF1D14FF4E57100
:1007E0001720FFF7EBFC00BFE00600201C4B03EBDB
:1007F000810370B51C69054644B3030404D54FF466
:10080000EC711720FFF7DAFC014620460AF005FAE2
:10081000FF28014604D02046BDE870400AF01BBA0C
:10082000A078B5FBF0F300FB1353DBB219460A1DA9
:1008300004EB4206B6F90260002E09DB0131B1FB80
:10084000F0F200FB1211C9B28B42F0D1002070BD52
:100850008B4201D00023E37004EB42025580DAE7BB
:10086000E0060020094B03EB810310B51C6901462B
:1008700020460AF0D2F9FF28014604D02046BDE800
:1008800010400AF0E8B9002010BD00BFE0060020CB
:10089000F8B5104B03EB810307461C69014620465F
:1008A0000AF0BBF9FF28054611D0E288238953EAF4
:1008B000024606D0014620460AF0CDF901463846E8
:1008C000B04720462946FFF773FE0020F8BD0520FB
:1008D000FCE700BFE006002038B50E4B827903EB41
:1008E00082030446186908B9052038BD8278E17989
:1008F0009142F9D24B1CE37100EB41035D89B3F9DE
:100900000A30002BF3DBA5800AF0A5F92060002057
:10091000EBE700BFE006002070B5044610F00300CE
:100920000E4603D04E211820FFF748FCFFF720FEAB
:10093000054624B1034831460460FFF719FE2846F6
:1009400070BD00BFFC0600202DE9F14FDFF870B04C
:100950009DF828A09DF82C901E46DBF80030074635
:100960000D4690461BB960211820FFF727FC524620
:100970000921404609F0D6FF4A4684B20921304693
:1009800009F0D0FF14FA80F1DBF800000AF019F941
:10099000386018B9286001B0BDE8F08F04442C60BD
:1009A000386853464146092209F07FFF28684B46C4
:1009B0000922314601B0BDE8F04F09F076BF00BF13
:1009C000FC06002070B50E46044609F0BEFF054641
:1009D000304609F0BAFF044B2A1821461868BDE8D2
:1009E00070400AF013B900BFFC060020024B1868E3
:1009F00008B10AF0DAB87047FC0600201F2AF8B5E3
:100A0000044626D804200323134D12FB003254B1B0
:100A1000A30703D068210920FFF7D0FB22F00303CE
:100A200029706C602B8122F003022823120403FB3F
:100A300001F001276B68120C0025EEB2B14200D81C
:100A4000F8BD14B126181F705E60104401352833BC
:100A5000F3E74FF0FF30F3E70007002070B5154AC9
:100A6000157853680021C8B2854203D8BA210920FD
:100A7000FFF7A4FB1C46184614F8286B01310EB989
:100A80002346F0E700219970128999610124D96108
:100A900059685C70920803F11E0403F1260524F8DE
:100AA000022FAC4243F8041F1144F8D100234361E4
:100AB000037070BD00070020134B012200214FF08E
:100AC000FF309A60C3F80012C3F80803C3F800159A
:100AD000C3F804259A60C3F80803C3F80015C3F8E7
:100AE00004250A490A4A03F580334FF40040C3F84D
:100AF0000825C1F88000BFF34F8FBFF36F8FC1F897
:100B00008001C3F80825704700F0004000E100E0D4
:100B10000000F63F0A46192302F8033B0448C36865
:100B2000C1F803300369536043699360704700BFA5
:100B30000C070020024B5A8C02435A845B6A184708
:100B40000C070020014B00215B6A18470C070020AE
:100B500010B5154C05F056F905F0F0FC208DFFF7A7
:100B6000F1FF237E63B12246104952F80C3BE3604B
:100B70006368536004F11900A36893600BF02EF9C9
:100B80000B4B228D93E8030002F0CCFA236B1888FC
:100B900002F04AFAA36B94F8341094F835009847A1
:100BA000002384F83C3010BD0C070020150B00001A
:100BB00038070020034B93F83C300BB1FFF7C8BF58
:100BC000704700BF0C07002070B51B4C256B236DD0
:100BD00023644FF481730646A4F8443094F854001B
:100BE00095F88B3095F8691000EB83002EB9FF283B
:100BF00003D195F868308B4201D004F0A3FF95F83B
:100C00008B309BB1A06D05F09BF9A16D206C05F0B8
:100C100071FC16B9304605F0E7F995F86810002028
:100C200005F036FA022384F83C3070BD206C05F0E4
:100C300087F905F083FCECE70C070020F0B590F88D
:100C40006940134A0B46012CD1E91C6792F85420E5
:100C500087B001F1780103F188034FF0010006D05D
:100C6000022C13D040F22C410620FFF7A7FA0024F3
:100C70000025CDE9013205900090CDE903453246CB
:100C80003B46012005F094FB07B0F0BD0446EFE7BA
:100C90000C07002008B5094B93F83C20022A04D029
:100CA00040F2E6212720FFF789FADA7A42F00102C2
:100CB000DA72BDE80840FFF74BBF00BF0C07002009
:100CC000F7B5184CE56D06460DB1A36C23B940F29B
:100CD000E9712720FFF772FAB4F84C306B702B786B
:100CE0002F4601F0030123F003030B4307F8033BF6
:100CF000B4F84C20A16C384608F0D4FC0DF1020287
:100D000001A9206E2564A76409F045FF019809F048
:100D100030FFB4F84C1030600122206E09F0D8FE8C
:100D200003B0F0BD0C0700202DE9F0412A4C94F8E7
:100D30003C30012B06460F465FFA83F804D040F69C
:100D400031012720FFF73AFA256B95F87C303BB14B
:100D5000002185F87C100420FFF7ECFE85F87D80EB
:100D600095F88030042B0AD11C490220FFF7E2FEDF
:100D7000E36E1B78991E4B424B4184F8743095F812
:100D80008B3023B1206B05F17801FFF757FF1EB1BF
:100D9000BDE8F041FFF7DCBE002FF9D0A36F30466D
:100DA00098470028F4D094F83430002BF0D1638CAD
:100DB0009A0708D594F87430002BE9D0BDE8F041CB
:100DC0000020FFF701BF002BE2D194F87C30002B0C
:100DD000F4D194F87D30EFE70C070020780700206D
:100DE0002DE9F04F8C4C8FB00023CDE90B3394F8F4
:100DF0003C30256B0791022B074604D040F6C20118
:100E00002720FFF7DBF9236C5A781E78A4F84C20D2
:100E100003221344A36406F0030895F88B30A4F86A
:100E20004420002800F0E680C6F3C009C3B105F0F5
:100E30009DFB831EDBB2012B04D8FFF789FE0FB0A8
:100E4000BDE8F08F60B9B4F84C304BB195F8823002
:100E500003F001034B4503D1012384F83530ECE75F
:100E6000B4F84C1019B1206E09F012FE014695F845
:100E70008120238DE165013243F40073D2B22385D2
:100E800082EA9603D80723D5069795F8822002F0C8
:100E90000103994562D04FF0000995F88A30002B84
:100EA00000F0CD8095F868C0BCF1010FD5E938237A
:100EB00005F1F00105F5807E4FF0010000F0B280F1
:100EC000BCF1020F00F0028140F22C41062098E7AD
:100ED00095F88030DBB1013BDBB2042B85F8812033
:100EE00012D84E4AD35C002BCED0B5F8B820A5F866
:100EF000BA20022B0DD1D4F884000BA909F071FDA2
:100F000098B940F2F9617BE740F2D76178E70423B2
:100F1000EBE7032B10D100F099FF10B940F20371F9
:100F20006EE700210820FFF705FED5E938320133CE
:100F300042F10002C5E9383295F87D30002185F88C
:100F4000801023B185F87D101020FFF7F3FD238D6D
:100F500043F4006323850023069396E7B4F84C30EE
:100F6000E3B108F1FF31012918D8218D41F48051F6
:100F7000218594F88810994206D294F8343043F0D1
:100F8000100384F8343086E7E16D002983D094F8AB
:100F9000891019B12020FFF7D5FD7CE70132B8F1A7
:100FA000030F85F8822011D1238D1D49012043F4C0
:100FB000805385F87C002385FFF7BCFDD5E93A32E4
:100FC000013342F10002C5E93A3264E708F1FF3229
:100FD000012A0BD8002B3FF45EAFD5E93A3201333A
:100FE00042F10002C5E93A32B94656E7002B3FF418
:100FF00052AFE3E70BB105F0F5FA94F88A3001330C
:1010000084F88A30238D4FF0000943F480632385F0
:10101000CDF8189041E700BF0C07002088BB010005
:10102000540700204FF0000C05900020CDE903C0CC
:101030004FF0FB0CCDE901EC009005F0B9F9E36D40
:10104000002B45D1B4F84C30B3FA83F35B0903EAC3
:10105000161384F87D30079B002B3BD1628C94F8EB
:101060008A30110702D594F874209ABB012B31D82D
:10107000A36F0120984768B394F8346056BBD4F846
:1010800030A094F854309AF88B209AF8681003EB4B
:101090008203FF2B03D19AF869308B4202D0FF20E4
:1010A00004F050FDD4F830B09BF8801000228DF889
:1010B0002920ADF82A20052900F23581DFE811F05A
:1010C0006100110114011401260126018446ABE7D9
:1010D0000123BCE704F0E6FFB9F1000F4CD1012376
:1010E00007939C4C238D5A0606D44020FFF72AFD17
:1010F000238D43F040032385069B6BB1B4F8072092
:10110000B4F805301343B5F87E2013431EBFB4F87E
:1011100009300133A4F80930002F00F01481B4F82D
:1011200005300133A4F80530002384F88A308A485A
:1011300001F068FF0B9830B109F01BFD002202722C
:10114000294601F053FB0C9B33B100221A720C228A
:101150000C98294601F018FB079B002B7FF46DAE1D
:10116000238D1B063FF56BAE8020FFF7EBFC238D34
:1011700043F08003238562E641460CA8FFF7A0FDFB
:10118000ADE7ABF8B82094F88B20ABF858200DF100
:101190002A010DA8ADF82A2000F04AFE38B10D98BA
:1011A00028B104228BF88020BDF82A2016E09BF895
:1011B000C720002A40F08F80D4F884000DF1290266
:1011C0000DF12A0109F0E8FB002800F08480BDF849
:1011D0002A20002A70D101218BF880106066A4F8C3
:1011E0007020002A00F0A28003309BF88130089321
:1011F0009BF882309BF880B0E066BBF1020F099348
:1012000009D0ABF10402012A00F292800378022B8C
:101210004FF0030B0ED0D4F8840009F018FC00281E
:1012200040F08980BBF1030F04D000F01BFE80F07A
:101230000106F6B2616E089A0B78D000099A00F0A8
:10124000080003F0F3030343900000F0040003439D
:1012500023F0100343EA061323F003034BEA0302CF
:101260000A70B4F870304B700222A4F868209AF823
:101270008A2006F0010684F87C60364E002A5CD095
:10128000002B5AD0A06D04F05BFE616EA06D05F0DE
:10129000F7F89AF86910012004F0FAFE012386F8A5
:1012A0008C3086F83C30B9F1000F3FF41AAF41465C
:1012B0000CA8FFF705FD14E79DF8291019B9018066
:1012C000817003226EE7017801F0030101290CBF50
:1012D0000321022180E70022ADF82A2001228BF8A9
:1012E00080201E48002279E7BBF85820ADF82A205C
:1012F000D4F884000DF129020DF12A0109F04CFB0C
:1013000000287FF451AF40F20E5179E50DF12A012A
:101310000DA800F08DFD08B10D9810B940F21D51D7
:101320006EE505223EE740F2275169E510465CE78D
:101330004FF0010B6FE701267CE7706E04F000FEB2
:1013400005F0FCF8A5E7B4F807300133A4F807303E
:10135000EDE600BF0C070020380700208A070020B8
:1013600010B5064B93F83C2002F0FF0422B91C761E
:1013700001F0D0FE204610BD0C24FBE70C07002036
:10138000094B0A4A10B51A60FFF7EAFF20B14FF483
:10139000A4712720FEF712FF00F0B0FC044C20657A
:1013A00000F0B0FCA06510BD841000209C1500006A
:1013B0000C070020F7B56D4C089FCDE9000194F8AB
:1013C0003C1001F0FF0511B90AB103B127B94FF480
:1013D00008712720FEF7F2FEDDE9000104F12C0C74
:1013E0008CE8030084F8345084F88A5084F835502F
:1013F00084F88C506584258584F87C5084F87D5071
:1014000084F874506566E566A4F870502564A56498
:10141000A4F84C50256BA3679DF8243084F88930DC
:101420006262A76304F0D0FB05F088F895F97000BC
:1014300004F056FC6E6AE86904F058FC304604F08B
:1014400071FD95F89B0004F05BFC236B93F89F31D2
:101450000BB104F0A7FB0AF0CEFF95F8692000F16C
:101460008201012004F0BAFC414B186804F060FDD1
:101470002B69C4F884306B692366236B93F885204D
:1014800093F86860A2F12901012903D993F8861025
:10149000292951D193F85E322BB1012E03D0012BB3
:1014A0000CBF0126022605F13007314638460AF006
:1014B000D2FC31460AF069FAAB8F95F86910834285
:1014C00028BF0346384684F88B300AF0B4FC95F800
:1014D0008B7095F86910B5F844600AF056FA0FB9A8
:1014E000043080B2864228BF0646F3B284F88830C2
:1014F00084F8543095F88B3023B105F178012846F3
:10150000FFF79CFB0120FFF75FFB236BD3F8B001D3
:1015100004F032FD002323606360A360B5F87E30E1
:1015200063802B88238095F89B302371EB6E0BB181
:1015300001221A6003B0F0BD243A012A0DD82729F0
:101540000DD093F8263113F0010202D19B07AAD5E2
:101550000222012E18BF1646A5E72729A3D193F82A
:10156000262193F861301340EDE700BF0C070020FF
:1015700084100020014B93F88C0070470C0700206A
:10158000024B93F82900C0F3C00070470C070020FD
:10159000014B93F88A0070470C070020950C00005F
:1015A000E10D0000290D0000B50B0000F0B5070C9F
:1015B000A7F5AA42144B543A012A03EA90231FD9F3
:1015C00027F4004042F6AA22801A18BF0120002208
:1015D000162116461F2487EA060562EA050501352D
:1015E00010D0DD03ADB245EA5606E503ADB20139D0
:1015F00045EA52024FEA53034FEA5404EBD1F0BDDF
:101600000020E4E70020FAE7E0FF3F0010B50121E9
:101610000020FFF727F9044670B90121FFF7E6F82B
:10162000044620B940F25D313920FEF7C7FD034B77
:1016300093F906100BF0ADF9204610BD9C07002071
:10164000024B987DC04300F001007047C40B00209E
:1016500008B50AF02CF900F049FD00F073FB0AF020
:1016600095FB01F03DFD03F04FFF094B00221A608E
:10167000084B1B214FF4A47098801A805980064BA8
:10168000064818605A829A7599805A749A8208BDE1
:10169000881000209C070020C40B002003021B00C0
:1016A000044B41F64C52C3E902221B221A74FFF785
:1016B000CFBF00BFC40B002073B5244DAB680363DC
:1016C000234B836104460AF0DEFF064600F02AFB46
:1016D000830654BF1B236B88A4F85A3058BF1A46A0
:1016E0001C4B297C1B6848BFAA88A4F85C2084F89E
:1016F000381066871BB194F9701020889847164EF1
:10170000204631460AF050F901236A886978E3855A
:10171000AB88019116F8121C0091033303329BB27F
:1017200092B204F1140104F11000FFF70DF92369DE
:1017300023B940F2B7613920FEF740FD636913B960
:101740004FF4D761F7E7002002B070BDC40B002052
:1017500000093D008C100020D60B0020024B1B68B6
:1017600003B118470C20704788100020034B5A889B
:1017700002801B7883700020704700BFC40B0020DC
:1017800037B583781A2B054608D8042B04D9144A98
:1017900022FA03F3DB0705D412241AE0292B01D027
:1017A0003B2BF9D12888B0F5706FF5D269460AF065
:1017B00025F988B9019B93F8182102F0FF046AB952
:1017C000AA7883F81921FF2283F81821684609F0C6
:1017D00008FC204603B030BD0224FAE70C24F8E7E9
:1017E0002000380438B50278447802F0010354EA46
:1017F000030102F0020201D1112038BDBAB9857887
:10180000002DF9D0002B18BF002400E01D46204613
:1018100009F053FB0028EFD0284609F04EFB0028C2
:10182000EAD0054B00209C74DD749882E5E7002B1C
:10183000ECD000242546EAE7C40B002013B500884D
:1018400069460AF0F7F8044620B9019890F82A3161
:101850001BB13A24204602B010BD90F8D23003F0FC
:10186000FF04002BF5D190F8C9309B0706D1FF2368
:1018700080F82A31684609F0B4FBEBE70249CA3028
:101880000AF0ACFAE6E700BF4DC30000F7B50778F1
:10189000EF2F05460C460FD890F901204378002A17
:1018A0000ADB8278900707D113F010001DD199064A
:1018B00003F0030202D51AB1122442E0032AFBD03E
:1018C0001E07F9D42979EA78EE7942EA012269798A
:1018D00042EA0142A97941EA06212E7A41EA06410B
:1018E0008A42E9D81F2A0FD8E6E713F0600FE3D148
:1018F00003F00702052A05D003F00F010D22CA40AC
:10190000D107D9D51A07DDD56A7A013A062AD3D884
:10191000AA7A032AD0D813F0040102D1023A012A8C
:1019200003D8EA7A012AC7D811B9AA7C032AC3D8F6
:101930002A7D48B1012ABFD12A7E012ABCD830B9FC
:101940001124204603B0F0BD022AF5D1B4E7DB072D
:1019500012D46B782A7D03F01803082B11D1022AC8
:10196000EED101213846FEF77DFF064678B10AF038
:10197000C4FFB8B10C24E4E700F094F90028E8D1E2
:10198000DEE7022AEDD02B7F002BEAD0D8E7012139
:101990003846FEF72BFF064640B3154B93F9061069
:1019A0000AF0F7FF30460BF0E4F829462070E8749F
:1019B00030460BF034F8EB7E0446002BC1D00028F3
:1019C000BFD1B16A0246684609F080F9B06A224682
:1019D000012109F0C7F9B16A6846042209F076F9D5
:1019E000B06A2246214609F0BDF9AAE70724A8E714
:1019F0009C07002030B50279042A8BB003464FD8EB
:101A00004088B0F5804F4BD826498D5C11440024A6
:101A10004A79ADF8004042F0100242EA45028D7A60
:101A2000C97B8DF8084042EA850242EAC10202F011
:101A30001F028DF80020BDF80020ADF809201A889B
:101A40008DF80B208DF80E00120A000A8DF80C207C
:101A50008DF80D408DF80F008DF810405A7B8DF8F1
:101A600011205A798DF812209A79D3F807008DF851
:101A70001320B3F80B209B7B8DF81A307F23059041
:101A80008DF81B3069464FF0011302A8CDE90734E9
:101A9000ADF818208DF82440FFF7F8FE0BB030BDEC
:101AA0001220FBE78DBB0100F7B50646FFF7AEFD40
:101AB00004460BF069F83378012B054661D12046C6
:101AC0000AF09AFF00287BD020460BF05DF818B191
:101AD00015B9122003B0F0BD20460AF00EFF08B180
:101AE0000C20F7E720460AF045FF07460028F7D10B
:101AF000204602F089FC0028EBD0ED0142F2107381
:101B000039462046ADB25D430BF02AF820460BF073
:101B100033F8014658B92A46204601F07BFE08B941
:101B20000020D7E741F666413920FEF747FB3946EA
:101B30000DF10600FEF722FE064608B90D20C9E7A2
:101B4000394600F0D9FBBDF80630338031462046D7
:101B50000BF01EF801213046FFF7AEFD2A46314654
:101B6000204601F057FE024610B141F68941DBE7FD
:101B7000144B9B68002BD3D006F58D7130469847E7
:101B8000CEE7002BA5D120460AF036FFC0B1204693
:101B90000AF0B3FE0028C3D020460AF044FD0546F3
:101BA00020460AF043FD0146002899D1002DB7D008
:101BB0002888FEF76DFE0028B2D041F6AB41B3E7AE
:101BC000422087E79C0700200278034672B14278E2
:101BD00062B142881A2A09D982881A2A06D9044A87
:101BE000006810609B889380002070471220704727
:101BF000C40B0020024B02689A600020704700BFAF
:101C0000C40B00200378A3F10A02112A9DBF024AE7
:101C10000020137412207047C40B002008B5094B34
:101C200001221A7002F0E0FB0BF071F909F03DFEA1
:101C3000FFF7A6FB002009F016F8BDE8084000F009
:101C4000DDBC00BFA807002010B5064C0649201DCA
:101C500009F0F5FB04F108000449BDE8104009F063
:101C6000EEBB00BFA8070020480000205000002065
:101C700010B5084C0849201D09F0E1FB04F10800EB
:101C8000064909F0DCFB04F10C000549BDE81040F1
:101C900009F0D5BBA80700205800002060000020F4
:101CA00068000020014B1878704700BFA80700208B
:101CB00010B5064C00F07EFC606809F0B8FBFFF739
:101CC000EFFC00F045FE0123237410BDA80700209F
:101CD000014B187C704700BFA807002010B5064CC8
:101CE000A06809F0A4FBE06809F0A1FBFFF7B0FCD5
:101CF0000023237410BD00BFA807002000487047D0
:101D0000B907002000487047BB080020C2080449FA
:101D100000F0070001238340885C03438B54704725
:101D200010000020014BD3E9000170471000002093
:101D3000034B1868C0F30020400040F001007047DA
:101D40001000002008B505F03DF9084A002332F8DC
:101D50002310814205D302EB83029378044A137067
:101D600008BD01330C2BF2D10023F7E7A2BB010021
:101D7000BD09002010B544682388A4F8683194F8A0
:101D8000683084F86711012B06D0022B04D040F292
:101D900011310620FEF712FA84F86A3194F869309E
:101DA000012B01D0022BF2D184F86B31044904F5E8
:101DB000AF700AF013F8002384F8243110BD00BF7F
:101DC000CBB40000406808490388A0F85A3190F865
:101DD000603080F85C3190F8613080F85D3100F25D
:101DE000511009F0F5BF00BFE1B40000024B002222
:101DF00083F822209A847047BE090020044B93F890
:101E00002220012A1ABF036001200020704700BF72
:101E1000BE090020054B93F82210012902461DBF80
:101E2000012083F822009A8400207047BE09002018
:101E3000054B024693F8220020B1136009B19B8C38
:101E40000B800120704700BFBE090020044B93F8AF
:101E5000220000229A8410B183F8222001207047CA
:101E6000BE090020034B93F82200B0FA80F040092D
:101E7000704700BFBE09002050B90A4A134601202E
:101E800003F8010B0868C2F801008A889A8070473D
:101E9000012805D1034B0A689A608A88D8719A8113
:101EA000704700BFE409002050B90B4B187888B187
:101EB000D3F80120B3F805300A608B800120704709
:101EC000012806D1044BD87920B19A680A609B8911
:101ED000F3E70020704700BFE409002010B9044B6D
:101EE00018787047012806BF014BD8790020704749
:101EF000E4090020F7B500238A888DF80600ADF8C4
:101F0000042008680B4A8DF80730019D14780146BB
:101F100002F5A872D8B2844201D8082008E052F82D
:101F2000087F5668AE4208BF8F4203F10103F1D12A
:101F300003B0F0BDF809002030B5094B01465C78CC
:101F4000002203F20113D0B2844201D8082005E038
:101F500013F8015F8D4202F10102F4D130BD00BFE0
:101F6000F8090020F0B5254D95F8984189B0224632
:101F700005F29911684607F095FB2146684609F07D
:101F8000B5FC0446B8B300EB4001C9B202A8FEF7A5
:101F900055FA631E95F8A161DBB2012495F89811FA
:101FA00005E0721CB2FBF1F001FB1022D6B206F183
:101FB00020020DEB020010F8202C002AF1D103EBD7
:101FC00043012031694406EB46022A4411F8187C8B
:101FD00082F8A27111F8177C11F8161C82F8A3710F
:101FE00082F8A41100F8204C013BAA19DBB2FF2BA8
:101FF00082F89941D2D109B0F0BD00BFF8090020A4
:1020000070B5064688B00C46002A4ED0294A92F890
:10201000A131D01890F8991119B9FF212820FEF7A5
:10202000CDF803EB43011144013391F8A251E5705F
:1020300091F8A35191F8A41161710021257180F8E4
:10204000991192F89811B3FBF1F001FB103382F86B
:10205000A13192F8C23123B9174902F5DD7009F0B8
:10206000BAFE657905F03F0545F0400565710D2222
:102070000021684607F0D6FAE3788DF80F3023790F
:102080008DF80E3004AA0423694630468DF80D50B1
:1020900007F026F99DF81F3023709DF81E306370FD
:1020A0009DF81D30A37008B070BD03216018FEF7C5
:1020B000C5F9D6E7F8090020651F0000044B5A78DF
:1020C000824286BF1B1893F84A010020704700BF68
:1020D000F8090020044B5A78824286BF1B1893F8F7
:1020E00042010020704700BFF8090020064B002283
:1020F0004FF461711A8083F8C32183F8C421A3F8D7
:10210000C61183F8C2217047F8090020014BB3F8CB
:10211000C6017047F809002030B50A4B5C7884424C
:102120000ED9184490F802012B3003EBC004A579B6
:102130000D7053F830001060A3889380012030BDEB
:102140000020FCE7F80900200246074810B590F887
:10215000C34124B1417821B1023003F0F7F92046A0
:1021600010BD0C46FBE700BFF80900202DE9F74F32
:102170002F4C9A46637883428046894656D9231865
:1021800093F8425185F00105F9B193F84A31E3B96A
:1021900045F002070135BAF1000F18D1FA070AD548
:1021A000062101FB084104EB0810524601F5857138
:1021B0008230FFF725FFBB0734D504EB08105246E9
:1021C00049460230FFF71CFF2CE02F46E3E794F866
:1021D000A1614FF0010B002DE0D0A319019393F8FA
:1021E000991199B90092DAB100F082FB06EB460131
:1021F0002144019B81F8A2014FEA102C009A81F83A
:10220000A3C1000C81F8A40183F899B194F8983126
:102210000136B6FBF3F103FB1166F6B2013DDAE7D6
:1022200047F00407384603B0BDE8F08F0027F9E710
:10223000F8090020074B5A78824209D91A1892F8F7
:1022400042212AB9062202FB003000F58570704752
:1022500000207047F8090020064B5A78824281BF5F
:102260001B1893F83A01B0FA80F0400998BF00209B
:10227000704700BFF8090020034B80F870101B68FE
:102280000BB1008818477047901000200B2808B544
:1022900004D940F20D112920FDF790FF014B33F8CE
:1022A000100008BDD2BB010030B50024848704644F
:1022B000B0F8444042F210754C43B4FBF2F4A0F87D
:1022C0004440541E05FB0343B3FBF2F3C387094BA1
:1022D000B3FBF2F30133A0F84830038F05FB03444E
:1022E000036BB4FBF2F459434463B1FBF2F10163B5
:1022F00030BD00BF005A620270B504460D4641BBB6
:102300004FF4227207F08EF9012384F88D306FF0BC
:10231000360384F8D930042384F8DA306FF03B03B5
:1023200084F8DB306F2384F8DC306FF03C0384F8F2
:10233000DD306FF07F0384F8DF302B2384F8D83052
:10234000FE2384F80E317F2384F8DE5084F8833036
:1023500070BD012923D10023A0F8B43180F8AB313E
:10236000826940F6B833A0F8B0301146438C78301B
:10237000FFF79AFF104B1B68062B01D001330CD1DD
:102380000E4B1B68063B083307D9E069FFF70EF9CF
:1023900018B9012384F89F31DAE70023FAE702290C
:1023A000D6D1B0F86A32D0F864228169BDE87040B5
:1023B0007830FFF779BF00BF081000200C10002014
:1023C0000346084671B13F2B0BD8074AD35C03F094
:1023D0007F02914205D08CBF0120002000EAD3107B
:1023E00070470120704700BFEABB01002DE9F743A9
:1023F0000E4669461546994609F000FB044620B989
:10240000019F35B9012387F88C30012003B0BDE866
:10241000F083D7F810802946404608F067FA014655
:102420000028F3D0134B5B88AB4221D3404608F021
:102430009CFB97F88C30A0F80140002B18BF0226B7
:10244000494600F8036B2A4607F02CF92946404616
:1024500008F087FA18B98B212B20FDF7AFFE6846EC
:1024600008F0BFFD019BA3F8A24187F88C40CCE7A0
:102470002046CBE7C40B0020FF230B7002234B70D8
:1024800083238B70014B1B78CB707047DC0B0020D3
:102490002DE9F84FD0F80480D8F8146030460C4687
:1024A00008F055FB054620B940F253111020FDF706
:1024B00085FE0146304608F058FBB5F800B01FFA1B
:1024C0008BF7824617B940F25711EFE7224B1B6892
:1024D00000F10309D3B998F8003098F8012023706F
:1024E0006378A4F802B002F00F0223F00F03134345
:1024F00023F0C00363709AF8003003F00303012B4C
:102500000FD0022B0DD040F27511CFE7B8F80000C4
:102510003A464946984705460028DCD12846BDE89A
:10252000F88F627863F305126270304608F023FB7F
:10253000054610B940F27F11B8E7FB2F02D94FF4DE
:10254000C771B3E73A464946201D07F0ABF830465D
:1025500008F06CFAE2E700BF9410002038B5134C85
:1025600010220021201D07F05DF80125257410229E
:1025700004F10803002104F11400C4E9013307F059
:1025800051F884F8205004F11803C4E90533084ACF
:1025900000236362A36284F82C30C4F82D30C4F8A1
:1025A000313084F835301360A36338BDDC0B002074
:1025B0009410002010B5084C2378FF2B04D04FF462
:1025C000CC711020FDF7FAFD06F0D0FE2070BDE8BA
:1025D0001040FFF7C3BF00BF1D00002010B5034C23
:1025E000207806F0DDFEFF23237010BD1D000020C3
:1025F000014B187806F0E4BE1D000020014B024A92
:102600001A60704798100020912400002DE9F341D2
:10261000DFF86881054608F11407D8F80830D8F8C3
:102620001840227A012A22D1D8F8382052B1137AE0
:102630001BB9BF211020FDF7C1FDD8F83840C4B93F
:10264000002083E01A7A012AFAD04D4A1C46EFF3A3
:10265000108172B650680068506001B962B6A3423A
:1026600008BFC8F83840237A1BB9EE21E2E73A46A2
:10267000EDE7267AF6B205232372731E0B2B6ED874
:10268000DFE803F06A062235676D3E6D6D6D6D5BA8
:10269000636813B940F20B21CCE7204629469847DE
:1026A0000420EFF3108272B6237A052BD9B24FF0D3
:1026B000000359D12372D8F83810A14201D1C8F8CB
:1026C0003830B2BB62B634E0636813B94FF40571B9
:1026D000B0E72946204698470346C3F30723012B5A
:1026E000ADF80400C0B22FD0022BDAD11AE0636833
:1026F00013B94FF407719DE7204698470020D0E7B3
:1027000063680BB9FE2195E70B222A700122198814
:10271000AA706A7100221869A5F80310AA7108F05E
:1027200085F90420D8F83830A34202D10023C8F834
:10273000383000283FF471AF08E0124B29461B687F
:1027400020469847034668B9267298B102B0BDE8A2
:10275000F08140F253216DE740F256216AE740F2E2
:10276000592167E70220DDE711B940F27A2161E7DC
:102770001846A6E7002B7FF450AF61E7DC0B002082
:10278000E00B00209810002010B51346027A22B109
:1027900040F201311020FDF711FD0A46BDE810405E
:1027A0000146014809F0F4BAE00B0020044890F813
:1027B0002C301BB90349243009F007BB704700BF18
:1027C000DC0B002083BD00000346064890F83C2047
:1027D0003AB190F8352022B900F82D3B024909F0B2
:1027E000F4BA7047DC0B00207924000010B50A46CB
:1027F000037A23B140F209311020FDF7DFFC0146D6
:10280000BDE810400148072309F0C2BAF00B0020D0
:102810001346027A0AB1037270470A46014601481C
:1028200009F0B6BAE00B00201B234FF01B12838483
:10283000038482618382C260038539B94FF4A47333
:10284000034AC3844384C261C3820261704700BFEC
:10285000480148010346F0B4B3F85420B3F84840A7
:10286000B3F84460DF8FB3F84250944228BF144657
:102870000846B3F84C20B3F85610DC878A4228BFCC
:102880000A46B3F84610A3F84220914238BF1146D9
:10289000A64238BF2646A742A3F84460A3F84610D4
:1028A0001FD1AA1A18BF0122B3F84A50B3F85040FA
:1028B000B3F852709E8FB3F84010A54228BF25464A
:1028C000B3F84E409D87BC4228BF3C46AE42A3F8B9
:1028D000404002D1A14200D12AB1F0BC034909F025
:1028E0007DBA0122E0E7F0BC704700BFE3BD000005
:1028F000094AD2E90003434083EAB01181EA432147
:102900004FEAF3435360054B116058434FEAF060C0
:1029100000EB8000704700BF1C0C0020BB79379E85
:10292000094AD2E90003434083EAB01181EA432116
:102930004FEAF3435360054B116058434FEAF06090
:1029400000EB8000704700BF20000020BB79379E5D
:1029500010B50A4C09480821FDF770FDD4E9003292
:102960001343F7D0064CFFF7DBFF2060FFF7D8FFDB
:10297000236860601843F6D010BD00BF200000201F
:102980001C0C0020174B184A9A60184A5A60184AC3
:102990001A60184A9A62184ADA62184ADA60184AC3
:1029A0009A61184A1A63184A1A62184ADA64184A6D
:1029B0009A64184A5A62184B184A9A60184A5A621E
:1029C000184ADA62184A1A61184A5A61184A9A6112
:1029D000184A1A63184A9A64184ADA64184A9A63B9
:1029E000704700BF9C10002043C0000073C000006F
:1029F000DFC0000091C10000E5C100000D2D000006
:102A0000FBC10000712F0000F92D0000C9C20000B9
:102A1000E5C20000452E00009C1100205FC00000B0
:102A20009BC200001DC20000C1C1000041C20000E5
:102A3000992D00006BC3000013C3000005C3000004
:102A400081C20000054B064A9A65064A1A66064B83
:102A5000064A9A65064ADA65704700BF9C10002056
:102A600067B6000009B700009C110020B3B5000054
:102A70008BB80000023A08B5232A00F29A80DFE8FA
:102A800002F012981E9B9B2E9830989B35414598DA
:102A900098499B9B5D5D74749898989898989898BD
:102AA0009898987B889102784368012A02D193F81C
:102AB000103101E093F819314B7002200EE04268AA
:102AC000D2F8BE31C1F80130D2F8C231C1F80530B8
:102AD0004368D3F80431C1F809300D2008BD4368BC
:102AE000E5E700F00BFA0028F8D148E011234B701D
:102AF00059238B700023CB7057230B7110234B711C
:102B00000620EBE7436893F80A31D5E7084600F062
:102B1000E3F9E8E70278436852B993F810213AB133
:102B200093F80D214A7093F80C318B700320D5E790
:102B300093F80B214A7093F80A31F6E74368B3F82B
:102B400054204A70120A8A70B3F81221CA70120A0D
:102B50000A71B3F850204A71120A8A71B3F8103121
:102B6000CB711B0A0B720920B8E7436893F8262142
:102B70004A7093F82731D8E7104B1B6823B940F20D
:102B80000D515120FDF71AFB0246232098470420DF
:102B9000A4E70A4B1B68002BF1D00246242098477B
:102BA00005209BE7054B1B68002BE8D0024625203B
:102BB000F5E74FF4A161E4E701208FE79C120020C4
:102BC0003F289ABF024B53F820000020704700BFF7
:102BD0009C1000203F289ABF024B53F82000002091
:102BE000704700BF9C110020F7B545682E69044668
:102BF0004FF6FF770DF102010DF101023046ADF8FD
:102C0000027007F0C9FE01A9304607F0EAFE40B1A4
:102C1000019807F0AEFF616800220272FFF7E6FD3F
:102C2000E8E7044905F19E0003B0BDE8F04009F073
:102C3000CFB800BFD7BF0000F0B5044685B00D4641
:102C4000FF2600F8A56C10F8A63CF3B1174F3B78AF
:102C50001BB15F211F20FDF7B1FA0C21381DFDF7D4
:102C6000EDFB3E70002304F8A53C2A46072302F83A
:102C7000033BD4F80930C5F80330D4F80D30536065
:102C8000D4F81130936005B0F0BD01A80C21FDF718
:102C9000D5FBA4F5B473039A1A6001AB03CB44F8D7
:102CA000AE0C44F8AA1C04F8A66CDBE7240C002048
:102CB00010B5054C23782BB90C21201DFDF7BEFB68
:102CC000FF23237010BD00BF240C0020024690F8A3
:102CD000C631BBB990F8C73103F0FF010BB100203A
:102CE0007047094B18780028F9D01970D968C2F8D4
:102CF0000411043303CBC2F8BE01C2F8C211FF2392
:102D000082F8C63101207047240C002038B5426893
:102D100092F8863004460D463BB1132B05D0113B8B
:102D20000F2B8CBF0120082038BD92F8C83013B992
:102D3000204609F00DF96268D5F80B30C2F8B631BB
:102D4000D5F80F30C2F8BA316368D5F81320C3F84C
:102D500000211A88A3F87522D5F80120C3F877223C
:102D6000D5F80520C3F87B226368B5F80920A3F8DD
:102D70007F226368002583F8C6516068054900F525
:102D80001B7009F022F86368162283F88620284613
:102D9000CAE700BF392C000038B5436893F8862095
:102DA000202A044604D04FF410711F20FDF706FAC4
:102DB00093F8C8101D88002283F8C72003F5C97056
:102DC00069B10B4983F8C820A3F89C5183F89B2173
:102DD00008F0FBFF6368002283F8862038BD0122DB
:102DE00083F89B11A3F89C51024983F89E21EFE7D9
:102DF0007DC100006FC1000038B54568AB6F13F0AE
:102E0000010419D1D1F801200C4BD1F80510134061
:102E10000B4AC5F8D830C3F3076343F008030A40F0
:102E200085F8DB30C5F8DC2009F092F8AB6F43F091
:102E30000103AB67204638BD0120FCE72FC904F72A
:102E40006FDB008010B5406890F88530042B2CD1E2
:102E5000D1F80130D1F80540C0F8D830C3F307638A
:102E600043F0080380F8DB3000234A1CC0F8DC4044
:102E700080F8C23080F8853090F8743103F0FF0498
:102E80000BB1002010BD0388A0F8763180F87541A1
:102E9000D1F80130C0F878315368C0F87C3104496A
:102EA00000F5B67008F091FFEBE70120EAE700BFFC
:102EB0005FC20000406890F8743153B90388A0F8ED
:102EC00076311A2380F87531024900F5B67008F0A2
:102ED0007CBF70475FC2000010B50446FEF722FFBA
:102EE000044A054B02400B40C4F80120C4F80530E9
:102EF000092010BD2FC904F76FDB008037B50C46E1
:102F00004568FEF70FFF0A4A0A4B0A4095F8D810A9
:102F10000192034000930B408DF800306B4603CBC9
:102F2000C4F801000920C4F8051003B030BD00BF8B
:102F30006FDB00802FC904F738B5DB04154604D5D4
:102F4000C37C13B10023036338BD046B01340463F5
:102F500009F0ECF9436B9C42F6D300230363034969
:102F60002846BDE8384008F039BF00BFBBC20000AA
:102F700038B5446894F88530012B054602D0A36F1C
:102F800098073AD494F8C9309A0713D44A7884F849
:102F9000D3204A88A4F8D4208A88A4F8D620D80759
:102FA00043F0020284F8C9200FD5154904F1CA0084
:102FB00008F014FF94F8C930D90711D4A36F9A0709
:102FC00008D558214020FDF7F9F894F82A31002B54
:102FD000EBD1EFE743F00203A367284608F0B8FF00
:102FE00094F88530012B4FF0000301D0002038BD4C
:102FF00084F8853084F8C230F8E70120F7E700BF95
:103000004DC3000070B54568044602F05BFA054BFD
:1030100085F883001B6801461BB12046BDE870405F
:10302000184770BDA4120020024B1B6803B118475B
:10303000704700BFA0120020F0B51F4D2B78002470
:1030400014709BB1013B6D68DBB21E1B012E0FDCBF
:1030500005EBC40655F8347076688E4208BF874287
:1030600027D0B84271EB060612D214700020F0BDD2
:103070001E19771005EBC70E55F837C0DEF804703F
:103080008445C6F347068F412CBF33463446DCE700
:1030900005EBC30455F8335064688C4208BF854281
:1030A00006D0A84271EB040428BF01331370DDE79A
:1030B0001C4614700120DAE7440C002010F00702CF
:1030C00008B503D063214820FDF778F818B1034B09
:1030D000197258601A70C80008BD00BF440C002067
:1030E000014B00221A707047440C0020FF230B7024
:1030F000074A0D234B7082238B701368C1F803308D
:103100005368C1F807309368C1F80B30704700BFAF
:103110005A0C002002481622002106F083BA00BF94
:103120005A0C002082B002AB03E903000B48437D38
:1031300093B1530610D50A880280D1F84022B1F825
:103140007E304260D1F844220549826043800222E9
:103150000C3002B0FFF75CBB02B070475A0C002085
:10316000ED300000094B53F8203070B503F52343D0
:103170000C461646A1334FF47A72B3FBF2F503F016
:10318000A3F834442C44204470BD00BFF0BC0100BF
:103190002DE9F04F8DB09A4690F8693002930446BD
:1031A0008946069208F08FF9834694F87300FFF77A
:1031B0006DF8834409F01FF994F886300393069B59
:1031C0001FFA8BFB00F1590783BB94F88430032B63
:1031D0002CD1039B0D2B29D1B4F85C324B4525D162
:1031E000D4F8E031C4F8D031A369B4F8B421C4F8FC
:1031F000D431B4F852321344C4F8D831204602F026
:103200001FF9D4E99823A262B4F85E22A285D4F80B
:103210006822226241F64B529342A3618CBF002385
:10322000012384F87230022384F88430B4F85052B9
:10323000B4F87E80A9EB05052DB204F50873A9EB5F
:103240000808002D04930FFA88F818DAD4E98E23C1
:10325000C4E99223012345460493CB4B1B7813B159
:1032600003F0A4FE70B9002694F88430032B00F21A
:10327000E081DFE813F06C006901BD008D01CDF83D
:1032800010A0EAE7B4F8C831012BECD994F88430E7
:10329000022BE8D094F8F261002EE4D194F8730088
:1032A000FEF7F4FF94F8843000F5C86B012B1FFA89
:1032B0008BFBD9B23ED194F88920A36A032A32D17C
:1032C000D4F8D42113445946D4F8D401079303F019
:1032D00031FED4F8D061079BD4F8D821C4F8D001CE
:1032E000861B59461846564303F024FED4F8DC31B9
:1032F000C4F8DC01C31A5946A0691E4403F01AFE43
:10330000B4F8B431D4F8D82143445B1B9B1AD4F8E9
:10331000E021013B821A02FB03660123C4F8E001AD
:1033200084F8F231A0E73046079308F052FB079B80
:103330000344C8E7A069594603F0FCFDB4F8B46142
:10334000D4F8E0314644761BC31A5E43E5E7012119
:10335000002008F03EFB8046A06A5946404403F036
:10336000E9FD5946C4F8DC01A06903F0E3FD09A9B1
:10337000C4F8E0010AA802F0A5FE099B0093D4E975
:103380009201DDE90A2303F0A7FE0290204609F02E
:103390004AF8A16AD4F8542294F869008D1802F012
:1033A0009BFFD4F8DC11029B203D6D1AED1B4544B8
:1033B00000F52340ED1AA1304FF47A73B0FBF3F01F
:1033C000A38D30312D1A03EB410194F869003A4680
:1033D000FFF7C8FED4F85432EB1A2230B3F5917FD0
:1033E000C4F8E40159D240F2C7413020FCF7E6FEB0
:1033F000A36AD4F8D4015946184403F09BFD5946FA
:10340000C4F8DC01A06903F095FDC4F8E001204692
:1034100009F009F8A36AD4F8D4511D44B4F8B431C2
:10342000002B40F08D80BAF1000F00F0898094F8F5
:10343000690002F051FFD4F8DC11D4F8403294F85E
:1034400069206D1A203D1D44D4E98EBC4F4B53F8C2
:103450002220A5EB0B054FF47A7302F2E732B2FBA0
:10346000F3F21544ED1B00F52340A130B0FBF3F05F
:103470002D1AD4F8D821D4F8D03194F8690002FB81
:103480000313A18D303301EB43013A46FFF76AFE87
:103490000123C4F8E40184F88430A369D4F8E0215E
:1034A000E73B9B1ADF1B002384F82032D4E99232D9
:1034B0008742A5EB060528BF07465B1942F10002CB
:1034C000C4E98C32C4F8B07104F1300008F0B1FCEA
:1034D000042384F82932D4E98C23C4E99223B4F874
:1034E000A031A4F85092A3EB09031BB2002BD4BF68
:1034F00000220122520084F82822039A38440D2A1F
:10350000C4F8240200F09880BAF1000F40F09780D0
:1035100094F88430002B00F0AF80A169D4F8E0313A
:1035200004F50870C91A08F002FA80B2002800F009
:10353000A380169B03B1188001200DB0BDE8F08F69
:10354000D4F8DC116D1A94E7D4F8E011A369B4F84B
:10355000B421D4F8D801D4F8D0C15B1A5D43D4F8B3
:10356000DC314244121A3033013A0CFB003301FBC8
:103570000233A18D94F869003A4601EB4301FFF74D
:10358000F1FDC4F8E40188E7700C0020F0BC0100F4
:10359000D4F8E0E1A369A3EB0E035D4394F8853012
:1035A000292B03D094F88630292B0CD1B4F85C3247
:1035B000A9EB03031B0406D4029A94F85F32002B94
:1035C00018BF1A460292049BB4F8B4C143B3BCF1CD
:1035D000000F25D1D4E99023D4E98E01904271EBFC
:1035E000030302D340F21B51FFE694F869102C4B01
:1035F00053F82130D4E98E01CDE904010498203A32
:10360000121A03F2E7314FF47A7B03F52343B1FB3F
:10361000FBF10A44A133B3FBFBF3D21AD21B1544CE
:103620000CEB08010EFB01F1303102983A464900DB
:10363000A5E740F23351D8E6BAF1000F1CD0B4F838
:10364000C80118B3B4F8CA1194F8CC21A4F8CA116F
:1036500001FB0222904201F101050DDD002B0BDD83
:10366000002384F82832A4F8CA51FFF741F900F08A
:103670000700013084F8CC0104F5087104F5FC70F2
:1036800004F09EFE20B940F27D51AEE60146DBE734
:10369000069B83F0010384F8F03100204DE700BF62
:1036A000F0BC01002DE9F8430E46044618B9D521B7
:1036B0003020FCF783FD052900F2A780DFE801F048
:1036C0000376413DA52E03F05BFEC4E9460120468A
:1036D00000F0BCFFD4F80C01CB3803F0F5FC204619
:1036E00009F052FA054600BB0146204609F089F967
:1036F00000F1E506D4F80C01B04209D2301A3228A4
:1037000038BF3220032103F00BFE60B103F0E0FC70
:10371000C4F80C61204609F047FA45B12046BDE8DF
:10372000F84309F042BA0125F2E70025F2E7D4E9AF
:103730004623C4E94023BDE8F883BDE8F84302F01E
:10374000CDBC09F069F9042384F81131814688461B
:1037500003F0B8FC07220F46A9FB023102FB081157
:10376000D4E940525B1941EB0205D4F8E8203AB1A4
:1037700059EA080204D0984277EB050228BF0126D7
:1037800084F81061D4E94826121A66EB070694F80B
:10379000301139B9012A76F100010BDA204600F028
:1037A0005DFF03E0012A76F10006F7DB002384F8D1
:1037B0002831C0E7984277EB05010FD259EA080893
:1037C0000CD01B1A65EB07019A4276EB010005DB72
:1037D000012B71F10000A4BF1A460E460C490123CB
:1037E000914284F829314FF0000384F80831B34145
:1037F000B8BF0A4604F1C00004F5847104F094FED9
:10380000002898D140F2BA6152E7F12150E700BF99
:103810000040420F2DE9F84304460E46154690F845
:10382000283103F0FF07002B40F0948000F1C0081E
:1038300039467822404605F0F5FE47492246404683
:1038400004F0B8FDC4F8E860FF2384F8283166B1BD
:10385000FFF766F800F00700013086F8CC013F4919
:10386000324606F5FC7004F0A5FD40F202434FF02D
:103870000009A4F8103184F8089103F0ADFB00F1C1
:103880009E06204609F080F9B6B20146C0B307F0A3
:103890001AFE00F5CD6189B2284603F04BFB28449F
:1038A000C4F80C0103F00EFC301841F10001C4E92A
:1038B0004601012084F8EC00A4F81E9009F017FAE4
:1038C000E53D2D1AC4F8F0504FF0FF356FF0004180
:1038D000D4E94623C4E948510025C4E93E23C4E99C
:1038E000402384F8295142F2107204F58471404655
:1038F00004F01AFE38BB40F2BB113020FCF75EFC2E
:10390000204609F07EF8DFF85890E530C4F80C0145
:10391000B9F8020048B1E08B38B1FFF701F8B9F807
:103920000230B0FBF3F202FB1300064403F0CAFBC3
:10393000361841F10001C4E94661002DC4D0AD192B
:1039400041F10001C4E72946204609F030F9384624
:10395000BDE8F8830C27FAE7A536000041C4000053
:10396000700C0020F0B5002385B0CDE900330123B1
:103970008DF806306846FCF7AFFF70B1114E012399
:1039800033710023CDE9023302A8FCF7A5FF0446FA
:1039900038B10023337105B0F0BD009808F046FE41
:1039A000E8E7029D95F88430002BEDD005F5FC7713
:1039B000384604F079FD384604F0B4FD85F88440BB
:1039C000E2E700BF700C0020054B002201215A7174
:1039D00019701A7142F210725A80FFF7C3BF00BF0C
:1039E000700C0020014B5871704700BF700C002014
:1039F00008B502F083F8044B9A6882422ABF18790E
:103A0000002080F0010008BD700C00202DE9F34774
:103A10000446062900F2DA80DFE801F004867383A9
:103A20008A8FD300D0E98E01D4E99023904271EBC4
:103A3000030354D294F8F231002B50D094F8843020
:103A4000032B4CD108F0D7FC94F869A0814607F00D
:103A50003AFD064694F87300FEF718FC064494F805
:103A60007300FEF713FCD4E98E23D4F84072D4F827
:103A7000B05180465046BF1A02F026FC554A52F813
:103A80002A20A5F1590302F52342A1324FF47A719D
:103A9000B2FBF1F29B1AA3EB09031B1A09F182098D
:103AA00009EB5309B6B2603B08F5C86873431FFAC7
:103AB00088F8B3FBF8F360335A08A9EB53039F422D
:103AC00002D391444F4501D903F076FAA0693146FB
:103AD00003F030FA0023C4F8E00184F8F2313E4BE1
:103AE0001B7903F0FF0263B90092B4F8A41101231B
:103AF0002046FFF74DFB38B140F2D6613020FCF78D
:103B00005DFB042384F8843002F0CCF904F03EFC21
:103B1000B4F87E20A4F8EE210023A4F8523284F8F1
:103B2000F13102B0BDE8F087032380F88430F8E774
:103B300009F09AFAC4E99001F3E790F86900264F7A
:103B400008F061FCB530D4F8E031A56995288CBF48
:103B50000020C0F19600C218954288BFED1A7B790B
:103B60008CBF2D1A00251BB9236B9D4228BF1D4613
:103B700004F13000D4F8B06108F05BF9064402208B
:103B800003F0A2FBAD1B25EAE575854228BF05467B
:103B90000221284603F0C4FB10B103F099FA2E4429
:103BA000012340F245123146204608F098F9D4F836
:103BB000B031B860A069184402B0BDE8F04703F026
:103BC00083BA02B0BDE8F04708F02DBC40F2A47102
:103BD00094E700BFF0BC0100700C0020014B58803E
:103BE000704700BF700C0020074A03461068D3F8E6
:103BF0004920C0F80320B3F84D20A0F8072093F81F
:103C0000481007F0FABF00BF7C0C002070B50446D6
:103C10000E466588807D15F00401134618BF04F137
:103C200057013246FEF7A2FA4107054621D4C207E2
:103C30000BD5012384F84830A07DFEF7FBFA03681A
:103C4000C4F849308388A4F84D30AB0701D4012073
:103C500070BD094B1868D4F85730012184F856100C
:103C6000C0F80930B4F85B30A0F80D3007F0CEFF93
:103C7000EDE70020ECE700BF7C0C002038B5C38CDA
:103C80000F4D0133C3F30E03C3842B7C04462BB1C9
:103C900002F0D8F901F08CFC00232B7400232B7167
:103CA00094F869302BB101212046BDE8384008F076
:103CB0008CBD637C13B1E28C9A42F4D20021F3E70D
:103CC0007C0C002010B5074C2379012B05D1237CF7
:103CD0001BB102F0B7F901F06BFCA069BDE8104020
:103CE000FFF7CCBF7C0C002070B5254C2379012B4D
:103CF00004D04FF448612D20FCF760FA98B90125F3
:103D0000237C1BB102F09EF901F052FC002D36D04D
:103D1000A06908F0A6FC68B302F074F8E369BDE896
:103D200070409B6818472168A26911F8095B02F18D
:103D30004903E80992F8482007F0BAFD0028DED0D0
:103D40002068002107F087FF0028D8D02379A069D8
:103D5000012B02D040F65A41CDE72379E26903F105
:103D600080435269013B05F00F0152F82330984718
:103D70000546C5E7A069BDE87040FFF77FBF70BD8D
:103D80007C0C0020074A0346906903B909B9FFF784
:103D900075BF1379D26903F180431269023B52F86F
:103DA000233018477C0C00202DE9F043032985B00F
:103DB0000546174607D14388980723D40024204698
:103DC00005B0BDE8F083428890F86830D107DBB2D7
:103DD000F4D5002BF2D14FF00108DFF8D49099F818
:103DE0001060C6B107F099FD0828387016D002AAF5
:103DF0000DF10701FEF790F938B940F6F5612D2075
:103E0000FCF7DCF94FF00208E7E79DF8070002A98C
:103E100008F0D9FA06463B78082B08D1D9F80010EB
:103E200011F8030BC0F3801008F0CDFA0646D9F85C
:103E3000001095F84F2011F8030B05F15003C0F363
:103E4000801007F035FDD9F80010044611F8030B77
:103E5000C0F3801007F057FD8146FEF7FDF940B131
:103E6000B9F1080F1BD04846FEF728F980F001038E
:103E7000D8B23A78082A14D01CB9AC7DA21A5442A0
:103E800054416A8853079AD4002897D176B9EC7CBC
:103E9000444518BF002C0CBF012400248FE70020EC
:103EA000E7E780F001022240D4B2EAE7344686E731
:103EB0007C0C00202DE9F04F85B008230DF107029E
:103EC000052104468DF80730FFF76EFF064620B93E
:103ED0000026304605B0BDE8F08F734F39687A7C14
:103EE00011F8030B07F11203C0F3801007F0E0FC98
:103EF00080460028ECD13B68A169184691F88D20D6
:103F000010F8035B02EA551202F0010281F88D20DD
:103F1000D3F80320C1F803208288A1F807201D46AA
:103F2000A26915F81F1BC1F380119170D3F81F000F
:103F3000029002A928790871D3F80F00D061587D4A
:103F40001D7D000440EA0520DD7C28435062B3F863
:103F5000190082F8728040F2E24909FB00F090619A
:103F60009D7DC5EB451005EB800505EB85056D00D6
:103F70009585B3F8170009FB00F09062B3F81B00B9
:103F80001084B3F81D00508493F8243003F01F0010
:103F90005B0982F8990082F87330A56994F912A040
:103FA00005F18D0007F087FD40F20113A5F8683098
:103FB0004FF0FF0B85F86AB0414605F13000FEF77F
:103FC00033FC51462846FEF757F9A36984F87380FD
:103FD0001A88A4F8742084F891B04FF6FF72A4F800
:103FE00092209A69B2FBF9F2A4F88A201A8CA4F8FC
:103FF0008C205A8CA4F88E2093F8732084F890209B
:10400000627D9DF8070004F17E015AB394F84820C0
:10401000012A27D194F84E2002F0C002402A21D173
:10402000D4F84920C4F87E20B4F84D208A809A78CC
:1040300084F87720082803F1030504F18401D3F8FC
:10404000033004F1780227D0C4F88430AB888B8029
:1040500004F17701FEF760F840B94FF43E612D207E
:10406000FCF7ACF80022C4F87E20DFE794F8773044
:1040700043F0020384F8773004F16A000B4907F03B
:10408000A4FE0B4BA0691B6800223A71002B3FF481
:1040900020AF214698471CE7A367AB889380002395
:1040A000C4F884308B80E7E77C0C00201FC9000037
:1040B000AC120020032937B5044604D0052953D09B
:1040C000012003B030BD08230DF107028DF8073041
:1040D000FFF76AFE0028F3D0237C284D03B39DF838
:1040E000070094F8B630DBB9237884F8B730082895
:1040F00004F1B90229D004F1B801FEF70DF820B996
:1041000040F66E712D20FCF759F894F8B83043F062
:10411000020384F8B8301A4904F1AE0007F055FEE6
:104120002B6804221A7006225A702046FFF75CFDA5
:10413000286894F83820616B07F07EFD0323286817
:104140002B7101F0FDFE0020BBE72868034613F841
:10415000031BC1F3801184F8B810D0F80310C4F821
:10416000B9109B889380D6E7064B1B68002BEAD0DA
:10417000984780F00100C0B2A3E700BF7C0C00208C
:1041800007C90000A8120020F8B504460F4619B36D
:1041900000F12005284608F083FDA0B963881A07BE
:1041A0002ED5284608F093FD0646284608F078FDEF
:1041B000301AC0B208F09BFD474A93680344284672
:1041C000936008F049FD284608F04BFD01F098FD8A
:1041D0002179252001F0B6FC3F4E94F85620306836
:1041E0000023037043706388103B0D2B64D8DFE815
:1041F00003F05F635B0C634063636363636363400B
:104200002046BDE8F840FFF739BD06234370202360
:1042100003702046FFF7E8FC638823F008039BB295
:10422000152B05D094F83020E16A306807F0F5FCD2
:10423000306801F085FE022321793371002001F0FE
:104240006DFD054607B9F06063881B0704D508F0CB
:104250004BFD0544C4F8F4506388103B0D2B36D851
:10426000DFE803F038352F2F352F35353535353527
:10427000352F0C2343700346212103F8091B52B14B
:10428000D4F85720C0F80920B4F85B209A800121A7
:1042900007F0BCFCBDE7226DC0F80920B4F854203B
:1042A0009A8094F84F10F3E7062303704370B0E749
:1042B000022303700623F9E740F259612D20FBF732
:1042C0007DFF21790120BDE8F84001F0E1BE40F614
:1042D000F341F3E7F8BD00BF7C0C002038B54388FC
:1042E000102B044604D1BDE838400121FFF74CBF34
:1042F0000B4D2B7C23B101F041F9402001F096FEDB
:10430000286801F01DFE608810F0040002D12179B8
:1043100001F0BEFE002001F067FE01232B7138BDC5
:104320007C0C0020024B01219869FFF72DBF00BFD4
:104330007C0C002010B5124C237C1BB101F082FED6
:1043400001F036F9A06908F08CF938B12379012B16
:1043500009D040F684312D20FBF730FFA069BDE87D
:104360001040FFF78BBC2379E269A069D26803F1A2
:104370008043013BBDE8104052F82330184700BF8E
:104380007C0C002010B50748037903F0FF0433B913
:1043900014222146043005F045F9204610BD0C24B6
:1043A000FBE700BF7C0C002010B50A4C00232371F2
:1043B000FDF7A4FC2060FFF7E5FF20B14FF4427148
:1043C0002D20FBF7FBFEE36913B940F20B31F7E751
:1043D00010BD00BF7C0C0020014B024ADA6170471F
:1043E0007C0C0020A8460000034B044A1A60044BD2
:1043F000044A1A60704700BFA8120020B53E0000B2
:10440000AC1200207BC70000F8B5057DAF1E044646
:10441000FFB2002D3AD0012F2DD800F1500190F8B5
:104420004F0007F070FA0828064624D0FDF752FE28
:1044300010BB023D18BF0125012F8CBF00270127AB
:1044400084F848506775A675FDF760FE054602F0D2
:1044500039FE154B0022E5FB0301C4E9100184F885
:10446000562011462046FFF7D1FB70B940F2A34118
:104470002D20FBF7A3FE0826022D09D104F14901E6
:104480000020FDF711FD60B90020F8BD0826F5E712
:1044900004F149010120FDF707FD0028F4D00125B2
:1044A000CAE70025C8E700BF40420F00F0B5444E00
:1044B000327985B0044602F0FF0312B90278FF2A70
:1044C00004D140F6DC112D20FBF778FEB36080F8B4
:1044D00069303C4B00933C4B01933C4B0293F36996
:1044E00068465B68039301F023FD01F06DFB01F06A
:1044F000A9FD01F05DF8364801F0F8FB04F1200554
:10450000344801F00FFD284608F0A6FB284608F0C5
:10451000A8FB01F0F5FB2179252001F013FB94F9AC
:10452000120001F0DDFB04F12C01A06A06F03FFC53
:1045300004F134010746A06A06F060FC0546DFB1CD
:10454000237FCBB1B4F92650ED43ED0F637D13B952
:1045500063885B0709D5D4E910126FF000439A42D3
:1045600008BFB1F1FF3F0DD19DB930680330FDF7B1
:10457000EBFD307405B0F0BD002DE7D0657F002D58
:10458000E0D1E3E702F09EFDD4E910239042994187
:10459000EAD3012229462046FFF738FB50B1FDF748
:1045A000B5FD054602F08EFD0B4BE5FB0301C4E9AA
:1045B0001001DAE7002DD8D040F61A2183E700BFBA
:1045C0007C0C002035430000E93C0000853D0000E4
:1045D000D6BE898E5555550040420F0073B504462E
:1045E000FFF764FF00212046FFF7CEFD236E0BB1DD
:1045F00001221A606388DB0721D50023114EA569CB
:10460000CDE90033FF2373746846FCF765F9B0B950
:10461000009CA542F8D06A7A607A05F10A0304F199
:104620000A0107F045F90028EED0A3787374D4F896
:104630000330C6F81230044BB4F807209A8002B059
:1046400070BD00BF7C0C00208E0C0020024B9861D6
:10465000DB691B68184700BF7C0C002043881B07E0
:1046600010B5044611D583690A493C2280F87320AD
:104670001B88A0F87430FF2380F891304FF6FF7349
:10468000A0F892306A3007F0A0FBFF2384F869306D
:1046900010BD00BF1FC900006BC90000DD42000053
:1046A00071C90000B5400000DD450000C53C0000B8
:1046B00025430000984600009C460000A4460000E8
:1046C0000138022808B503D9C4212F20FBF776FD55
:1046D00013290A4B05D811290CD8102907D0D2214B
:1046E000F3E71529FBD103EB4003D88801E033F849
:1046F000100008BD03EB40039889FAE770BC010085
:104700000C4A1178034689B9906833B9B0F858104B
:10471000828F91420AD8FFF76BB993891B0707D59F
:1047200090F88700073818BF0120704700207047B5
:10473000012070479C0C00202D4A38B5948903460F
:104740001C43402B9068948104D10421BDE838407B
:10475000FFF75CB9802B01D10521F7E703F00304D3
:10476000032C04D140F63F313120FBF727FDDD0754
:1047700006D50C6811612478062C0FD00B2C19D0AB
:104780009C0706D509680978117505291DD00B29E4
:1047900027D09B0644BF0823137038BD90F886408D
:1047A0001C2CEDD100240025C0E93845012480F8F7
:1047B0008A40E5E790F88640122C01BF002480F87B
:1047C0008A40012480F8C840DAE790F8861018295A
:1047D000DFD100240025C0E93A45012180F88B1083
:1047E000D7E790F886101129D3D10021F6E700BF52
:1047F0009C0C002013B5044601A8FDF7FFFA20B970
:1048000040F625113120FBF7D9FC22220021019826
:1048100004F008FF0199074801F8034F2246FEF70C
:1048200029F9FDF7F7FA10B940F62C11EAE702B0C2
:1048300010BD00BFA00C0020254B70B59C6894F8FB
:104840005E5294F85F62002D3ED194F86810002EFD
:104850003CD194F8693084F8681084F86930FF23FB
:1048600084F86A301B4B1B680BB12046984794F8BC
:104870002431012B01D0354303D017480021FDF727
:1048800079FA04F13006304607F0D3FA04F2351114
:1048900005462046FDF7DEFF20460621FFF7B6F865
:1048A000304607F0C6FA854204460BD202F06AFD94
:1048B0000146601B322838BF322002F031FD10B1B2
:1048C00002F006FC012070BD2946C0E73346C2E76E
:1048D0009C0C0020BC120020A00C00202DE9F84305
:1048E0006A4C0646A568002840F08C80A3891A0708
:1048F0002DD595F80E31FE2B04D140F2F751312021
:10490000FBF75CFCFE2385F80E3195F886301E2BF4
:1049100006D185F8C700201D07F024FB85F88660C6
:1049200095F88530242B0AD195F88630A3F124021E
:10493000062A2AD9322B28D0252385F8853095F8E8
:104940008730072B02BF0223637585F80E31A389D8
:10495000DB071CD4A3895F077CD4990740F18480CE
:10496000207DA36801220D2883F80F2179D011281A
:1049700000F08680072800F08580FEF72BF90346BB
:1049800000286FD140F2EA51B9E73223D5E7D4F8D5
:104990000880216998F88630D1F80090113B0F2BE0
:1049A00099F8007009D8BB1EDBB2092B6CD840F215
:1049B000333222FA03F3D80766D509793846FDF772
:1049C000FFFC20B93946324807F0F4FA3AE0012FEB
:1049D00001D9162F22D198F8850007F0D8FA40B1F6
:1049E00098F88530242B04D0252B07D1322388F862
:1049F00085303846FEF7E4F803461CE0162F14BF56
:104A00000226202623781B0705D595F88630113B12
:104A10000F2B98BF08263046BDE8F883112F15D01C
:104A200005D8072F14D00D2FE3D11A4B05E0142F12
:104A3000DFD1194B1B68002BC4D0226914481279AE
:104A400049469847002885D00646DBE7134BF4E734
:104A5000134BF2E795F88720062A04BF01226275FE
:104A60007BE7104B0A489847A389DA06CAD5A368A2
:104A700093F886200A2AC5D10B2283F88620C1E745
:104A8000094BEFE7094BEDE70826BBE79C0C00203C
:104A9000A00C002079CE0000B0120020C1CE000092
:104AA000B14A0000C7CD0000E5CD000015CE0000E2
:104AB00070B54D78A5F10E03DBB2152B04460DD869
:104AC000012101FA03F640F25122164208D1426850
:104AD000152B92F8852027D0082B07D0002070BD19
:104AE00002462846BDE8704008F005B9252A01D0E5
:104AF000322AF3D1204607F022FA636893F8862021
:104B0000262AEBD093F8D92022F0010283F8D9208D
:104B1000626892F8D93023F0080382F8D9301A215C
:104B20002046FDF727F9D9E72C2AD7D1024B1B687D
:104B3000002BD3D09847D1E7B81200202DE9F041DF
:104B4000A0F10E040029E4B208BF1F21172C134660
:104B50000AD80126A64040F251273E4207D116F45A
:104B6000600F23D1082C07D00020BDE8F081BDE8FC
:104B7000F041002108F0BFB8546894F88520252A38
:104B800008D11846FDF7F6F8002384F8853084F83C
:104B9000C230E9E7322AE7D194F88620A2F1240155
:104BA0000629F1D9322AEFD02A21EAE7054A14680A
:104BB000002CD9D00A46014618462346BDE8F041EC
:104BC000184700BFB41200202DE9F84FB54F0E462C
:104BD000B989BC688D0556BFB4F8B42000230132F2
:104BE00004F1780A804646BFA4F8B43084F8AF31A7
:104BF000A4F8B420504608F02EF930B10B4604F565
:104C0000967221465046FEF797F9BB8903F4C063BC
:104C10002BB194F88930002B46D0032B4BD094F85D
:104C20008920BB89012A04D1180544BF022284F8D7
:104C30008920B8F1000F40F0948059065DBFB4F8A8
:104C4000C821013292B24246A4F8C82103F00A02F8
:104C50000A2A0CD13A7D022A09D123F008033046F2
:104C6000BB81FFF73BFE08233043C6B2BB81304611
:104C7000FFF734FEBD6895F80E313043FE2BC6B207
:104C80003CD1DEBB95F88730063B012B36D995F831
:104C90001831ABB195F81931A5F8BC6085F8103121
:104CA0000122022128462EE1012184F889102046A4
:104CB000FEF7ACFEB3E7022384F889300121F6E762
:104CC00095F886B0ABF1100B5FFA8BFBBBF1100FC0
:104CD00040F2EC80AB6FDA0702D532460921E1E7FA
:104CE000980740F1928032460C21284608F052F88D
:104CF00095F8C93043F0010385F8C930B4F8A831FC
:104D000094F8AC510133A4F8A831002D00F0F281E1
:104D1000FCF736FC10B10023A4F8A83194F88910F0
:104D2000012940F2228294F88730072B40F0FA8163
:104D3000B4F8B430022B40F21882B4F8B650013502
:104D4000ADB2B4F87E302B44A4F8A03194F8AD3164
:104D5000002B00F00E820123B4F87E201344A4F847
:104D6000A431BB89BD685B065FBFB5F8B431B5F847
:104D7000A6219B189BB248BF0023A5F8B43195F833
:104D8000183123B995F88730063B012B06D8B5F8C2
:104D9000BC30B5F8A6211344A5F8BC3095F8C21074
:104DA00031B1B5F8BE30B5F8A6211344A5F8BE3030
:104DB00095F9C620002AC1BFB5F8C430B5F8A601E0
:104DC0001B18A5F8C43095F8A73063B9B8F1000FE7
:104DD00040F061827B7D022B40F0128295F8103109
:104DE000062B18BF162395F8A62022B92E4885F861
:104DF000A730FDF7F9FE284608F090F8002384F864
:104E0000AB31BDE8F84FFDF721B8590702D532465E
:104E1000132147E71A0706D595F8083185F81031B0
:104E2000324607213EE713F0300F35D095F81B319D
:104E3000002B5BD195F81A31CBB195F88630292B30
:104E400005F58D7105F25E2224D095F88530A3F129
:104E5000290043424341284606F0EFFFAB6F23F0A1
:104E6000200343F01003AB67002385F81A31AB6FC2
:104E7000DA063BD505F235112846FDF7EBFCB5F80F
:104E80005230A5F81031B5F85630A5F8123100228D
:104E9000152107E70123DEE75B0627D50022242141
:104EA00000E700BF9C0C0020A00C0020D7F8089061
:104EB00099F88630182B32D013D8112B20D0162B0E
:104EC00024D095F88530002B67D195F88630103BBB
:104ED000102B6AD995F8B230002B66D0012212212E
:104EE000E0E6202BEDD1324606210BE0B86890F8C1
:104EF0008630262B41D0362BE3D10022112102E04F
:104F000032460B21484607F045FFF7E64846FDF7D5
:104F1000DDFE00283FF4F2AE00220421F2E799F80A
:104F20005832012B07D132460521484607F032FF9F
:104F300089F85862E2E699F85832022BD9B27FF428
:104F4000DDAE99F8C83053B1062389F810313246E6
:104F5000484607F01FFF002389F85832EAE703218B
:104F60000622B44807F00DF899F8D83013F0040F72
:104F700032460CBF0D211121EAE790F82431022BB3
:104F800002D100221721BEE790F82431012B98D1DD
:104F900090F82531002BF4D093E7092B05D195F833
:104FA000093185F8103101223BE7BBF1100F7FF684
:104FB000A5AEBD6895F88590B9F1000F7FF49EAE5F
:104FC00095F82B313BB101220E21284607F0E2FE75
:104FD00085F82B91AEE795F82A3183B195F8C99001
:104FE00019F0030B0BD101220C21284649F00109CD
:104FF00007F0D0FE85F8C99085F82AB19AE795F8B0
:105000001A3133B395F81B311BBB95F88630292B29
:1050100005F58D7105F25E2219D095F88530A3F162
:10502000290043424341284606F007FF002385F844
:105030001A3101221421284607F0ACFEB5F852308F
:10504000A5F81031B5F85630A5F8123156E601230F
:10505000E9E795F82431012B3FD195F82531002B54
:105060003BD195F88630A3F12402062A35D9322B9C
:1050700033D095F86800012806D0022804D040F209
:1050800011310620FBF79AF895F86910012901D033
:105090000229F4D1022895F826210BD0012A14BF49
:1050A0000022012242B90A3B042B7FF627AE0122DF
:1050B0001621F7E5022AF2E7022995F827210AD0FE
:1050C000012A14BF00220122002AECD059480021F5
:1050D000FCF750FE12E6022AF3E7574B1B68002B41
:1050E0003FF40CAE53489847FE2801463FF406AE05
:1050F0000122D7E5FCF73EFA08B1A4F8A851FCF765
:1051000047FA00283FF40AAE94F8AF310133DBB21E
:10511000022B84F8AF3182BF0023A4F8A83184F8B1
:10512000AF31FBE594F8B2301BB194F885300F2B0A
:105130001BD1B4F8B420B4F8BA30B4F8B6509A42DF
:10514000A5F1030550462CBFAD1AED1A07F083FEFA
:1051500068B1D4F8AC30D4F8A820033B9B1A9D4228
:10516000A8BF1D46012D3FF7EBAD0125E9E52B4614
:10517000F5E7012D7FF6EFAD94F8863013B10B2BD8
:105180007FF4E9AD94F88530002B7FF4E4AD94F81A
:105190008730002B7FF4DFAD02297FF4DCAD94F87B
:1051A000AF31002B7FF4D7AD2069B4F82E9005F015
:1051B00047FC00283FF4CFAD94F80E31FE2B7FF46E
:1051C000CAADB4F8A231012B7FF6C5ADB4F8A82161
:1051D000238C9A42BFF4BFAD9B1A9BB2013DADB286
:1051E000B5FBF9F59D4228BF1D4619FB05F3003DAF
:1051F00003F1010318BF01259BB284F8AA51ABE566
:10520000012B09D195F88830002B7FF4ECAD0021FB
:105210002846FEF7FBFBF1E586B1F00639D43107ED
:1052200039D4B20639D4B30739D14FF42C613120C7
:1052300028E700BFA00C0020C012002039B1B5F84B
:10524000BE10B5F8C030994201D32223CBE5002A25
:1052500005DDB5F8C420B5F8C0309A42F5D2B5F8EE
:10526000BC20B5F8B6309A420AD295F88920B5F834
:10527000B43052B1B5F8B6209A42C8D80823B2E586
:1052800095F81831002BE0D1EFE7052BBFD93E236D
:10529000A9E51E23A7E53D23A5E52323A3E52A23AE
:1052A000A1E500BF614B73B50122002504461A71C8
:1052B00098609D811D705D75FF2380F8AB31B0F85B
:1052C000A231D3B190F80E31FE2B16D190F81831DF
:1052D0009BB190F88730063B93420ED990F8193174
:1052E000A0F8BC5080F81031022107F053FD84F87B
:1052F000AA510220FFF77EFA03E094F80E01FE287F
:10530000F8D1B4F8A611B4F8A821E38D013989B217
:10531000B1FBF3F31344A4F8A831B4F8B4300B4450
:10532000A4F8B430B4F8BA3001330B44A4F8BA305E
:10533000B4F8B83001330B4404F17806A4F8B8305F
:10534000304607F088FD20B1D4F8A8300B44C4F8EB
:10535000A830B4F8A231012B9CBF0133A4F8A231CC
:10536000002509B184F8AF5194F8863084F8AA5129
:10537000A3F10A02012A29D8B4F87E30B4F85C22DD
:105380009B1A19043BD404F25E2104F18D0006F04F
:1053900092FB84F88650FF2384F8C330B4F8A6212A
:1053A0002146304606F0CDFB94F886302049214A4C
:1053B000113B0F2B8CBF0023012301931E4B009345
:1053C00003C91E4BFBF7F6FF02B070BD292B16D1A7
:1053D000B4F85C22B4F87E309B1A1A040FD484F817
:1053E0008650FFF729FA014630B984F8240102B04B
:1053F000BDE87040FFF7E8BB84F82451CEE794F88D
:10540000853003F0FD03292BC8D1B4F87E30B4F801
:105410005C229B1A1B04C1D4002384F88530FFF75B
:105420000BFA01460028B9D1E1E700BF9C0C00202F
:10543000A00C002039470000C94B000001470000C4
:10544000D0F864328269934210B5044604D1D0F892
:105450006812026A914215D02288A4F88A2140F28B
:10546000E242B3FBF2F3A4F88C31B4F86832A4F84A
:105470008E31B4F86A320949A4F8903104F5C0704D
:1054800006F0ACFC02212046FCF736FF002384F82E
:105490008630032384F8893010BD00BFBFC00000F0
:1054A000074B93F900301844142804DC10F17F0FE7
:1054B00003DB40B27047142070476FF07E007047E6
:1054C000B40C002007B57F230DF107008DF80730DD
:1054D00000F0C6FD03469DF9070053B1094B5B7808
:1054E0005B4240FA83F0142806DC10F17F0F05DBE5
:1054F00040B203B05DF804FB1420FAE76FF07E00C1
:10550000F7E700BFB40C0020024B00221A705A705B
:10551000704700BFB40C0020064BD3F8000138B12F
:10552000D3F8040120B1D3F80801B0FA80F04009A3
:10553000704700BF00F00040034B00221A705A7001
:1055400010229A70704700BFB60C002070B5064656
:10555000022014460D4600F0A3F8064B01221A70F3
:10556000054B033CC3F81045C3F80865C3F8045560
:1055700070BD00BFB60C002000F0004008B502204E
:1055800000F08EF8084B01221A70084B0022C3F875
:105590000021C3F80421C3F8082103F580334FF438
:1055A0000002C3F8042508BDB60C002000F000403E
:1055B0000E4A08B5137883B10D4B4FF40001C3F8C0
:1055C0000815FFF7A9FF68B101235370094BD3F801
:1055D0000034DBB2937000231370BDE80840002054
:1055E00000F05EB850701023F4E700BFB60C002046
:1055F00000F0014000F00040094B1A7862B1094BFD
:10560000D3F8002152B1D3F8040140B1D3F8080116
:10561000B0FA80F040097047587870470220704710
:10562000B60C002000F0004008B5074B1A783AB1DC
:10563000FFF772FF30B1054BD3F80004C0B208BDCC
:105640009878FCE71020FAE7B60C002000F0004044
:1056500008B50A4BD3F80025032A04BF01229A603B
:105660000022C3F80025C3F8002500F067FF044BB3
:105670004FF40002C3F8082508BD00BF00F0004049
:1056800000F00140054B4FF40042C3F88020BFF307
:105690004F8FBFF36F8FFFF7DBBF00BF00E100E06C
:1056A00010B50446FFF7D4FF012C06D0022C0CD015
:1056B00054B18C213D20FAF781FD0B4B0222C3F837
:1056C00000250A4AC3F8142510BD074B0322C3F86E
:1056D0000025064AC3F8142503F580334FF4000271
:1056E000C3F80425F0E700BF00F00040B90C00202B
:1056F000044B1868062818BFB0F1FF3F0CBF01200B
:10570000002070470810002008B5FFF7F1FF38B1FE
:10571000044B1868063810F1080F94BF00200120D0
:1057200008BD00BF0C10002008B5FFF7E1FF38B13D
:10573000044B1868063810F1080F8CBF00200120B8
:1057400008BD00BF0C100020064B0022C3F800214A
:10575000C3F80C21C3F81021C3F80421C3F80821B1
:10576000704700BF0010004070B5144D95F82560DB
:105770000346084626B940F634213E20FAF71EFDBE
:105780006BB9012E2C6A95F8241005D100F0C4FDE8
:105790002044AB69C01A70BD07F070FCF8E7012B1C
:1057A0000AD1012E2C6A95F8241002D100F0A4FD34
:1057B000EEE707F06EFCEBE70020EAE7C80D0020FB
:1057C0000B4B93F8330088B193F832307BB1094B1F
:1057D000D3F8002242F00102C3F80022D3F85005AA
:1057E00000F0F600023818BF012070470120704712
:1057F000C80D00200010004008B5094B012818739F
:10580000084B06D0022808D040F641713E20FAF736
:10581000D5FC0322C3F8102508BD0422FAE700BF17
:10582000C80D00200010004008B570B9104B283199
:10583000D96018460F4900F03FFF0130012816D902
:1058400040F6BE013E20FAF7B9FC01280CD1084B06
:105850002931D9601846074900F034FF013001288A
:1058600005D940F6C801EDE740F6CC01EAE708BDEE
:105870002800002084BC010008B50C4B5B78012B8C
:1058800009D100F025FF013001280ED940F684210E
:105890003E20FAF793FC022B07D100F01FFF0130E6
:1058A000012802D940F68A21F2E708BDC80D002080
:1058B000094B0A4A1B8AB3F5166F3ABFA3F6381391
:1058C00043F48073A3F5166300F07F00C2F8083537
:1058D000C2F85405704700BFC80D002000100040FA
:1058E00010B50C46FFF788FF2046FFF7E1FF0F4A8F
:1058F0000023C2F81C31D2F8003243F48873C2F896
:10590000003240F20313C2F8343540F25B63C2F850
:105910003835FFF7F9FE40B9FFF706FF28B9D2F88E
:10592000683543F4C023C2F8683510BD001000404C
:1059300037B50D460446FFF75FFF2846FFF7B8FF6F
:105940001B4A01AB92F90D202946204600F050FE7B
:105950009DF8050000F0C8FE20B140F2B1713E2074
:10596000FAF72CFC9DF9040000F0BEFC114A40F24D
:105970000313C2F8343540F25B63C2F83835FFF7E1
:10598000C3FE90B14FF08053D2F88825D3F820336E
:10599000022C22F4FE420CBFC3F30663C3F30623BA
:1059A00042EA0323034AC2F8883503B030BD00BF82
:1059B000C80D0020001000402DE9F04106460C46BD
:1059C000174601F08DFB0028FBD02C4B2C4D4FF4DB
:1059D0000022C3F808259EBB01236B7095F8323076
:1059E0001BB9A97B3846FFF7A3FF264B33F81730C6
:1059F0004FF47A7203F5FA73B3FBF2F3224AE41A16
:105A00001E4BC3F8AC25AB691C4A204FE1184FF080
:105A100001081F4B85F83280C7F84015C2F8A83539
:105A2000AB6A43F40023AB624FF40023C2F80435A1
:105A3000FFF7C6FE0446B8B900242046BDE8F08151
:105A4000012E0CD102236B7095F832301BB9A97B63
:105A50003846FFF745FF094B0E4A293CD1E74FF482
:105A60001B613E20FAF7AAFBC7F84C80D7F84C35EB
:105A70008B42E1DA3046FFF7D7FEDEE700F0014067
:105A8000C80D0020FCBC0100001000400080004058
:105A9000408100400410004008B548221048002111
:105AA00003F0C0FD0F4B1B6823F004020A2A05D047
:105AB000102B03D0082B0ED1402200E024220A48EC
:105AC000FF2103F0AFFD4FF080430022C3F8082E02
:105AD000C3F8102E08BD0D2BEED03822EFE700BF23
:105AE000C80D002008100020000E0040024B0344A7
:105AF000187E00F51660704784BC0100024B186ADE
:105B00009B69C01A704700BFC80D00200A4B93F86C
:105B10002420D3E90630C01A084B03EB82031B6C28
:105B2000C01A074B53F822304FF47A7203F2F31382
:105B3000B3FBF2F3C01A7047C80D002084BC01000B
:105B4000F0BC0100FF2808B504D940F20D313E2019
:105B5000FAF734FB114B0129188604D0022919D019
:105B600040F27D31F3E700230D4A43F4801340F007
:105B7000007043F4847340F44030C2F81435C2F826
:105B80001805D2F8503503F0F703032B05D140F286
:105B90009731DCE74FF08073E6E708BDC80D0020C1
:105BA0000010004008B5FFF7AFFD50B1054AD2F82C
:105BB000743723F0807323F0010343F08073C2F83D
:105BC000743708BD001000403E4B022270B5C3F888
:105BD0008020BFF34F8FBFF36F8F01F07BFA044635
:105BE00001F0CEFB384D394A0023001BA861C2F8F2
:105BF000FC3F0123C2F8FC3FFFF796FD28B1D2F825
:105C00003C3743F48063C2F83C37FFF771FD58B16D
:105C1000D2F83C3723F0004323F0FF0343F0004366
:105C200043F09603C2F83C37FFF76EFD274C38B1BE
:105C3000D4F8403723F47F4343F4B053C4F84037DB
:105C4000234BC4F8783700F061FD38B14FF0805332
:105C5000D3F830335A1C18BFC4F84C374FF0102318
:105C60001A4C1A6E531C1EBFD4F88C3562F31743BE
:105C7000C4F88C350123C4F830352B730323C4F8E2
:105C8000103540F20123C4F850360226114BC4F8F7
:105C90000062187C00F040FD0F4B104AC3F8042549
:105CA0000023AB846B862B62064B1022C3F8806105
:105CB000C4F804231E60AB6C03B19847BDE8704084
:105CC00000F0EEBC00E100E0C80D00200010004034
:105CD0002C0000892800002000F001400000020C88
:105CE000014B5873704700BFC80D0020034B020ED4
:105CF0000002C3F82425C3F81C05704700100040BB
:105D0000044B054A034490731B7E03F5166313820C
:105D1000704700BF84BC0100C80D0020F8B52B4CB3
:105D200094F8333006460F4623B940F606113E205C
:105D3000FAF744FA264A012384F83230D2F80032C6
:105D400043F00103C2F8003201F0CAF90028FBD089
:105D50002EBB0123A17B63703846FFF7E9FD637812
:105D6000012B02D040F61F11E1E71A4AD364A2F5D5
:105D7000E0421360174BD3F84C5530462946FFF7E5
:105D800053FDA369ED1AF6B9134B33F817304FF4EE
:105D90007A7203F5FA73B3FBF2F35819F8BD012ECA
:105DA000E8D10223A17B63703846FFF799FD637841
:105DB000022B02D040F62811B9E7064BDE64A3F5AA
:105DC000E0435E60D6E705F12900E7E7C80D002053
:105DD0000010004000800040FCBC010008B5FFF747
:105DE000EBFD58B9064BC3F84005A3F5E04301228B
:105DF0001A610220BDE80840FCF7E6BC08BD00BF00
:105E00000080004073B5234B2349D3F80443234D4E
:105E100002224FF0FF30C3F80803C1F88021204967
:105E2000C3F8002200226A86C1F8402501F5B83186
:105E30004FF46026C1F80865D3F85015C9B204F0D4
:105E40001004D1B18DF80700C3F8102101221A61A6
:105E50009DF8072012B1D3F810213AB19DF8073010
:105E60005BB940F672213E20FAF7A8F99DF80720A9
:105E7000013AD2B28DF80720EAE7FFF7FDFC054BA7
:105E80000022C3F810212A8014B11022C3F8042381
:105E900002B070BD0010004000E100E0C80D00201D
:105EA0000080004038B51B4D0024C5F84845C5F8B2
:105EB0004445C5F84045C5F84C45FFF7A3FF00F041
:105EC000F5FB154B15499A6A9C6242F0446242F414
:105ED0000032C1F80825C3E907441C71104BC5F80E
:105EE00048450222C5F84445C5F84045C5F84C452B
:105EF000C5F84841C5F84441C5F84041C5F84C4192
:105F0000C3F88020BFF34F8FBFF36F8FC3F880219A
:105F100038BD00BF00800040C80D002000F00140E7
:105F200000E100E0014BC3F83C0570470010004061
:105F300010B50FC8014C84E80F0010BD140E0020EE
:105F40000A490B4B10B5C1F80405012483F833400E
:105F5000D862FFF735FC40B9064BC3F840050C6129
:105F60000320BDE81040FCF72FBC10BD001000401E
:105F7000C80D002000800040174B9A6910441A6A2F
:105F8000824210B5154C09D30220FCF71DFC0023FA
:105F9000C4F84035124B01221A610DE001221A713A
:105FA00098606264D4F844150531814205D30C4BE6
:105FB000D3F804110029EFD010BD0022C4F8442109
:105FC000C4F844059A6A42F480029A62054B4FF481
:105FD0008002C3F80425EFE7C80D002000800040D0
:105FE0000010004000F0014010B50E4C034694F83C
:105FF000250094F824100222012822714FF0960007
:10600000227B0BD100F096F9074AA0600023C2F86A
:106010004431236A0344C2F8443510BD00F0A4F9AA
:10602000F2E700BFC80D002000800040044BC3F819
:106030006005D3F8002242F04002C3F80022704706
:1060400000100040054BD3F8002222F04002C3F8B4
:1060500000220022C3F86025704700BF00100040F6
:106060000A4A0146D2F81C0182B068B1D2F848351C
:1060700003F07F035B420B700023C2F81C31D2F89F
:106080001C310193019B012002B0704700100040B9
:10609000034B002814BF0222012299701A70704726
:1060A000C80D0020054B0022C3F84025044AD2F851
:1060B0005035DBB20BB10123136170470080004003
:1060C0000010004030B5044BD3E90E451B6CC0E90D
:1060D00000450B6030BD00BFC80D00202DE9F04128
:1060E000754C764D278E00F0F9FF0123C4E90E01AF
:1060F000EB64D5F84C352364FFF7BEFB704BA26A06
:10610000C3F8082500216F4AA162C3F8AC15D2F884
:10611000003223F48E7323F00103C2F80032237996
:1061200084F8331023B1D5F844315B1A18BF01232A
:10613000617801290AD1D2F80C51002D3DD1614B73
:10614000D3F81031A3B145F0100511E0022932D186
:106150005C4AD2F80C51D2F80024003D18BF01254A
:106160006D00D20758BF45F0040503B345F00105A3
:10617000FFF7EAFAEE06637803D5012B08BF45F076
:1061800020054E4A2678D2F848152162D2F84425D7
:1061900084F82530237BE26184F824307EB9667070
:1061A00026716686E8071ED5E36C98474DE015F02A
:1061B0000B0FDDD1C3E70025C1E70825D8E715F0AF
:1061C00011085AD1013E18BF0126A2789621304607
:1061D000FFF7CAFAA278A4F800800146304684F896
:1061E0003280FFF7FBFD15F0020049D0FFF78CFA73
:1061F000E0B9FFF799FAC8B9324BD3F85034D90156
:1062000014D51A0705D013F0F00F02D013F4706FF5
:106210000CD12C4AC3F304410129D2F8542405D1EE
:10622000012A03D0C3F34253022BBDD9E36A5B7842
:10623000BB4288BF45F00405C5F3800080F0010033
:10624000236D002100F0010098476378022B12D1E2
:10625000237983B1022B194A20D1236AA1680B4408
:10626000C2F84435A36A43F48003A362144B4FF48D
:106270008002C3F80425BDE8F081FFF7C3FD91E774
:1062800015F0280F05F0200104D0B1FA81F1636DFB
:106290004909D9E7EB06D8D5A36D86E7012B04D0D1
:1062A00040F61A613E20F9F789FFA368216A8B4204
:1062B000D6D840F61B61F5E7C80D002000800040ED
:1062C00000F0014000100040024B03EB8003186C0B
:1062D000704700BF84BC0100024B03EB8003D86C05
:1062E000704700BF84BC0100024BC0B2C3F80C056C
:1062F000704700BF00100040064A4FF47A7332F92D
:106300001120584300F2E7301044B0FBF3F002389C
:10631000704700BFE8BC0100054A4FF47A7332F9B8
:10632000112000FB03301044B0FBF3F0704700BFB6
:10633000E8BC010038B51D460A4B33F9114003EBA8
:10634000820305359B681C4404F6B7344FF47A7316
:1063500003FB00441046B4FBF3F4FFF7B5FF2544FC
:10636000284438BDE8BC010070B50646084615460D
:10637000FFF7B2FF094B03EB85039C684FF47A7378
:1063800004F6B73403FB0644241A2846B4FBF3F49E
:10639000FFF79AFF0530204470BD00BFE8BC010044
:1063A000024B00221A705A709A707047240E002017
:1063B0002DE9F041054601200C4617469846079EF8
:1063C000FFF76EF99DF8243005F0030141EA03411F
:1063D000244B41F08071C3F80415234B214604F18E
:1063E0001002184651F8044B43F8044B9142F9D17E
:1063F0001E499DF81830C0F814800761CB763368C9
:10640000CB6173680B62174B194AC3F80805126811
:10641000062A09D001321FBFD3F81825BDF8200085
:1064200060F30702C3F81825124B134AC3F8082576
:1064300015F0FB0F01BF114AC3F89825FC3AC3F8C9
:106440009C250122022D4A7081F8245007D8054B63
:106450000A700021C3F80011C3F800121A60BDE8E9
:10646000F08100BF00F00040270E0020240E002025
:106470000810002000F001400000020200F100407E
:1064800070B5194C637823B94FF4D5713C20F9F7F6
:1064900095FE164BC3F80C15C3F8100594F824505C
:1064A0000122A270C5B924780CB99721EEE7104CEF
:1064B000C3F804514FF40035C4F80455D3F8006113
:1064C00016B15A60C4F808550B7803704B78043342
:1064D00043708B78837070BD00212270C3F8041163
:1064E000C3F800221A60F6E7240E002000F00040F6
:1064F00000F001400E4A08B5537823B94FF4DF711C
:106500003C20F9F75BFE0B4BC3F80C150121C3F8D7
:106510001005917012780AB9BA21F1E70022C3F888
:106520000421054B4FF00072C3F8042508BD00BFDD
:10653000240E002000F0004000F00140084B1A78C3
:106540004AB10849084AC1F808250022C1F898252F
:10655000C1F89C251A7000225A709A70704700BFCB
:10656000240E002000F0014000000202194B1B78AD
:1065700070B523B94FF4F2713C20F9F71FFE164CA9
:10658000D4F80431BBB90223C4F80433134B144EBE
:106590001D691A6942F0100205F010051A61D4F85D
:1065A00004317BB125B90D4A136923F0100313613F
:1065B0000223C4F80833084BD3F80004003818BF8E
:1065C000012070BD4FF40043C6F8803106F055FE3F
:1065D000E5E700BF240E002000F0004000ED00E0E1
:1065E00000E100E0014B01229A60704700F000409A
:1065F0002DE9F04F264C85B0054698460E461746C5
:1066000000F0C8F82378AB42814611D16378B342D9
:106610000ED194F90230BB420AD1E378834207D10C
:10662000A388A8F8003094F9060005B0BDE8F08F03
:10663000012D06D0022D10D040F28F410620F9F72F
:10664000BDFD00200DF10F033A46314600F0A8F8D9
:10665000824620B14121A920F1E70120F2E730462E
:106660009DF90FB0FFF742FAA91E4A4203464A417C
:10667000CDF800A04146584600F03CF8B8F800308C
:10668000A071A38025706670A77084F80390CAE794
:1066900040000020014B1B681B6818477000002059
:1066A000014B1B685B68184770000020014B1B689A
:1066B0009B68184770000020014B1B681B69184736
:1066C00070000020014B1B685B69184770000020B8
:1066D000014B1B689B69184770000020014B1B6829
:1066E000DB69184770000020014B1B689B6A184744
:1066F0007000002030B4044C9DF8085024680295C6
:10670000E468A44630BC604770000020014B187854
:10671000704700BFC412002010B500220C49134678
:1067200040FA02F4E40744BFCA545C1C02F10102BF
:1067300048BFE3B2042AF3D1054AFF24D118032B42
:1067400001D9107110BD013301F8014BDBB2F6E73E
:10675000D0120020DDD00000E3D00000E5D0000022
:106760000BD10000E9D0000015D10000EFD00000EF
:106770001FD10000F5D000002BD1000001D1000096
:1067800005D10000F7D00000FDD000001BD10000B3
:1067900025D10000014B187D704700BF580E002026
:1067A000042810B511D883B104280CBF1024282464
:1067B000A1420AD2064C54F8200018B141568A4230
:1067C000A8BF0A461A70002010BD6FF01500FBE745
:1067D000580E002030B50346114890F91C209A420B
:1067E00019DD90F924209A4217DA9A1A846AA05C7B
:1067F0000C4A15569D420DD00E32002918BF0130AB
:106800009442C0B206D129B1013BDBB2012B01D8C1
:106810000130C0B230BD0D20FCE70020FAE700BF18
:10682000580E002010BD010008B5054B93F91C302F
:10683000984203DAFFF7CEFF024B1B56184608BDFD
:10684000580E002010BD010008B5184B93F82C20FD
:10685000FAB9012283F82C20154A1268A2F1080027
:10686000082803D813490141C90709D5911F0929EF
:1068700010D9013212D04FF4DF71742002F0FAFB0C
:106880000D4A9A62D8221A6283F8242008229A615B
:106890001A7708BD094A0A41D207ECD4084A9A621D
:1068A000D8221A6283F824200422F0E7580E002030
:1068B00008100020DEFEFFFF4BBD0100EEFCFFFFD5
:1068C0001EBD010010F0FF0008B508D14FF0804355
:1068D00001225A60C3F80001034B187008BD7C21E7
:1068E000B52002F0C7FB00BF850E0020014B01223E
:1068F0001A707047850E002008B548B94FF08043E4
:10690000D3F8003113B9044B187808BD0120FCE717
:10691000C221B52002F0AEFB850E0020044B1868A2
:10692000062818BFB0F1FF3F0CBF012000207047C0
:106930000810002008B5094B1A680A2A02D1084B32
:106940001B6823B1FFF7EAFF08B9082A04D14FF00A
:1069500080430222C3F8342C08BD00BF0810002079
:106960000C100020F8B50F4E0127375404460D4691
:1069700006F0E8FB60B934B94FF08043B77075603A
:10698000C3F80473F8BD40F229116D2002F072FBC8
:10699000002DF7D01CB92046A8477460F2E74FF4E9
:1069A000A271F2E7880E0020044B191800228A70A9
:1069B00003EB80011A544A60704700BF880E002024
:1069C000014B9881704700BF880E0020014BD88989
:1069D000704700BF880E0020014B9889704700BFA8
:1069E000880E002010B5EFF3108472B6064B0344F6
:1069F0001A7C0132D2B21A741B7C012B01D106F031
:106A000095FB04B962B610BD880E002010B506F0E3
:106A1000C1FB06F097FB4FF08044084940B1FFF7F7
:106A200089FF0123236104238B740023CB7410BDE1
:106A300003238B740123C4F80433F6E7880E002087
:106A400010B5EFF3108472B6094B03441A7C22B9D7
:106A500040F25B216D2002F00DFB1A7C013AD2B2AC
:106A60001A741B7C0BB9FFF72DFF04B962B610BD79
:106A7000880E0020024B987C003818BF0120704718
:106A8000880E002073B51B4D6B7D63B9286A00F03A
:106A9000030006F06FFB30B1EFF3108372B6AA7CEF
:106AA0001AB103B962B602B070BD0122AA7403B96B
:106AB00062B64FF080430822C3F808234FF42073D6
:106AC000ADF80630BDF80640A4B2631E9BB2ADF827
:106AD0000630002CF6D14FF080460748C6F80C412E
:106AE00006F0ADFB85F82540FFF790FF0823C6F8B8
:106AF0000433D8E7880E0020AC0E00202DE9F347C0
:106B0000484C237D002B00F08A800323ADF804302D
:106B10004FF08043D3F80051F5B9D3F80481B8F1B0
:106B2000000F09D04FF080430022C3F80421022255
:106B3000C3F80823FFF7A6FF94F825603A484FF002
:106B40008047F6B2D7F80C8106F07DFB48B340F2DF
:106B500047316D2002F08EFA00258DF80450012295
:106B6000D3F80481C3F808230DF10409271DA61CDE
:106B700019F8010B03280AD0337843B13B684FF072
:106B8000000A86F800A013B19847C7F800A06B1C54
:106B9000022B07F1040706F101064FF00105E7D1CA
:106BA000BDE745B1A37C032B05D10423A374FFF7F4
:106BB000C1FE01233B61B8F1000F1FD04FF08043AD
:106BC0000022C3F80C21A37C042B02D040F26D31CB
:106BD000BFE7164B1A680A2A02D1154B1B6823B16E
:106BE000FFF79CFE08B9082A04D14FF08043002229
:106BF000C3F8342C0223A37406F0CFFA4EB100235D
:106C000084F82530A37C022B01D1FFF7FFFE06F0AC
:106C1000C4FA054802B0BDE8F04706F023BB02B055
:106C2000BDE8F087880E0020AC0E00200810002080
:106C30000C10002010B5054C206A00F0030006F08F
:106C400099FA0028F8D0002010BD00BF880E00205F
:106C5000F8B5054650B10278042A07D8437842B9FE
:106C6000013B1F2B02D88378212B07D96FF0150029
:106C700075E0002BFAD18378002BF7D17B4B0127ED
:106C8000C3F88070BFF34F8FBFF36F8F4FF0804614
:106C9000C3F88071764C0B23C6F808330023C6F87E
:106CA0000031C6F80431C6F80C3123746374AB8824
:106CB000E38106F04AFA08B127702774D6F80C244D
:106CC000D6F80C34D20303D5DF0701D5FFF70EFE4B
:106CD0004FF4AF63A3812B78A978637500222262F9
:106CE000A175E274042B4DD8DFE803F005033A48A0
:106CF0004A000123236206F02FFA00284DD006F047
:106D000032FA236A03F00303984246D1AB79002B91
:106D10003DD1FFF78FFFA37D6BB12B785BB906F0F8
:106D200011FA054602F0E6FA6FF00043002D00F07C
:106D30009980C4E906034FF08043D3F80C24D3F8BC
:106D40000C34D20303D5DB0701D5FFF7CFFD474A4B
:106D500001230020A0742375C2F880311360F8BDB0
:106D600006F018FA4FF08043D3F80C14D3F80C2433
:106D7000CE03F9D5D007F7D50223BBE73D4BB9E7E2
:106D80003D4BB7E740F222516D2002F073F94FF00E
:106D900080430222C3F80423BDE74FF08043012261
:106DA000DA600022C3F80421226AC3F81825334AA6
:106DB0001368A3F10E01012904D90A2B02D0FFF7B1
:106DC000ADFD48B14FF080534FF08041D3F84432CD
:106DD000C3F34233C1F83C351368A3F10E02012A14
:106DE00004D90A2B02D0FFF799FD20B14FF0804360
:106DF0000122C3F84C254FF0804301229A60022201
:106E0000C3F80423AA79002A85D1D3F80423910773
:106E100002D440F2D541B7E7194A1669116941F029
:106E200010011161D3F8043106F010060BB906F019
:106E300026FA4FF08047D7F8043183B1FFF7FAFE06
:106E400026B90F4A136923F0100313614FF08043F2
:106E50000222C3F808230022C3F804215BE706F0EE
:106E60000CFAE8E7C4E9063065E700BF00E100E09E
:106E7000880E00200100020001000300081000201D
:106E800000ED00E010B50D4C04F1240006F0DBF934
:106E900048B9A37C022B01D1FFF7B8FDBDE8104033
:106EA000074806F0DFB9074A012384F82530BDE81A
:106EB0001040C2F8003106F06DB900BF880E002006
:106EC000AC0E002000E100E038B50C4B0C461979FF
:106ED00019B183216F2002F0CDF860B95D790DB151
:106EE000002038BD01225A71FFF77CFD214628465B
:106EF000FFF738FDF4E76FF01500F2E7B00E002061
:106F000038B50B4D2B7904461BB19A216F2002F046
:106F1000B1F850B96B790BB9002038BDFFF744FDCB
:106F200020466C71FFF78CFDF6E76FF01500F4E773
:106F3000B00E002010B501B3F0B14FF0FF33104A8E
:106F40001C46E0FB0134944203D9DB216F2002F0A0
:106F500091F81A0D42EA0432C3F30F10094B00EB0B
:106F600002404FF22444B2FBF4F103FB1100B0FBEA
:106F7000F4F040EA0140013010BD0846FCE700BFD4
:106F80003F420F00000024F4014B9B68184700BFEC
:106F9000B00E0020014BDB68184700BFB00E002088
:106FA000014B1B69184700BFB00E0020014B1B6A44
:106FB000184700BFB00E0020014BDB69184700BF27
:106FC000B00E0020034B1A790AB9FFF7FFBC988D69
:106FD000704700BFB00E0020034B1A790AB9FFF7C3
:106FE000FBBC988A704700BFB00E0020024B1B7993
:106FF0000BB9FFF747BD7047B00E0020014B9B69EE
:10700000184700BFB00E002010B5144C2379A3B16F
:10701000636A9847002806DB94F82E3023B10123D9
:1070200084F83030002010BDFFF7E8FF0028F6DAC2
:1070300040F28D116F2002F01DF8094BA361094B3E
:10704000E361094B2362094BA360094BE360094BE1
:107050002361FFF7FDFD0028E1D0E4E7B00E00203A
:10706000356C0000856E0000756A000095D1000047
:107070009BD10000A1D1000038B5084B1D79044612
:1070800025B140F2E1116F2001F0F4FF01F080F82A
:107090002046FFF795FC284638BD00BFB00E002003
:1070A00008B5074801F062F8054800F021F801F042
:1070B000CBFA01F0ADFA00F0B3FB012008BD00BF30
:1070C000E40E002001F05EBC103001F083B800BF78
:1070D00001F098B801F052BD01F01ABE01F02CBECB
:1070E00001F0CCBC08B52721032001F0C3FF00BF8D
:1070F000024B186000221A719A607047EC0E002053
:1071000070B582B01E4C2379012B11D0DAB2022A5D
:107110000BD1A0680DF1070100F0A8FB0023A360CC
:1071200023719DF8070002B070BD012002B070BD50
:10713000A0680DF1070100F08FFBA5686B7DDB07F0
:10714000ECD5AB7F042BE9D001F0A0F8064600286F
:10715000E4D001F0A1F82A69B3682E686D68961929
:1071600045F1000500220A3342F100021B1842EBF0
:107170000102B342AA41D1D3A06800F05BFCCDE785
:10718000EC0E0020837F0BB10020704710B50A6819
:107190004B688C68D1F80CC0C0F80CC084600260E9
:1071A00043600A694B694361012402618477054B9E
:1071B0001A792AB998601C7100F0FEFF204610BDB4
:1071C000FFF790FFEC0E002070B5044682B00D462C
:1071D00001F05CF8A37F012B17D02B686A68A968BF
:1071E0000646E868E060A160236062606A692B6916
:1071F000626101222361A2770DF10701204600F0B0
:107200002BFB2EB1012002B070BD002002B070BD7A
:10721000024B0421186805F0D7FFF3E7EC0E0020BD
:10722000024B0621186805F0CFBF00BFEC0E00200E
:1072300010B5084B1A7952B90446986002221A71A7
:1072400000F0BAFFA07FB0FA80F0400910BDFFF750
:1072500049FF00BFEC0E002038B5837FC3B1044660
:1072600009E0A37F042B09D0A37F012B11D006F0E6
:1072700004F8A37F63B1A37F032BF2D1EFF3108552
:1072800072B6204600F010FB05B962B6A37F2BB999
:1072900038BD4FF48271032001F0ECFEFF21032082
:1072A00001F0E8FE10B582B00DF1070100F0DEFA42
:1072B000044600F0EBFF10B1204602B010BD40F2D2
:1072C0002111032001F0D6FE70B5054600F0DEFF67
:1072D00008B3044600F0E0FFA4680346E41841F157
:1072E000000628463346224600F036FBA04271EBEA
:1072F00006034FF000050CD3001B6FF0010361EB98
:107300000601834275EB010100D370BD4FF0FF30E1
:1073100070BD284670BD40F22911032001F0AAFE7D
:107320002DE9F04104460F4600F0B0FF10B3856828
:10733000002362195B41064613B10020BDE8F081CD
:1073400000F0AAFF2A1841F100033846A51843F1BE
:10735000000800F001FBA84271EB0801EDD301F039
:1073600011FB00F09FFAB368377523440120B36026
:10737000BDE8F0814FF4A371032001F07BFE00BF54
:1073800000F08ABF08B500F081FF08B1007D08BD9C
:107390004FF4CB71032001F06DFE00BFF8B5036917
:1073A000002B4ED1044601F0EDFA05460E46FFF7DC
:1073B000F7FD78B3D4E90003643546F10006A8422E
:1073C00073EB060223D3C4E90003EFF3108672B611
:1073D00000F05CFF054698B100F05EFFAB6800224C
:1073E0000B3342F100021B1842EB0101D4E9000209
:1073F000834271EB02053CBF03461146C4E90031EC
:1074000006B962B62046BDE8F84000F03BBB28460E
:107410003346D8E7FFF7E0FD074600F04BFFB842E0
:107420002168626838BF3846963546F10006401933
:1074300046F10003884273EB02053CBF0846134641
:10744000C1E740F29D11032001F014FE2DE9F04F39
:10745000394B002483B014601E680192002E58D06E
:1074600056E90645844275EB0103A6F118080AD2D5
:1074700056F8083C1C1945F10005A04271EB0503C4
:107480003CBF04460D4656F8103C4FF0000913F17E
:107490000A0C474649F100031CEB040C45EB030EB4
:1074A000BB6993B153E90645644575EB0E0AA3F138
:1074B00018060AD298F814B013F804ACD34509D0D2
:1074C00011D83746BB69002BECD14646304603B095
:1074D000BDE8F08FB3F804A0B8F81CB0AAEB0B0A13
:1074E0001AF4004FEDD0019A07F1180C8442C2F84B
:1074F00000C075EB010C0AD253F8082C141945F1A1
:107500000005A04271EB050C3CBF04460D46BF6967
:107510001FB9304603B0BDE8F08F53F8103C13F1AB
:107520000A0C49F1000EB0461CEB040CA7F118063A
:1075300045EB0E0E3746C5E7F80E0020F8B5254C92
:1075400000226260EFF3108172B6A3686360A260EC
:10755000E26009B962B663686BB300259A79032AC1
:10756000A3F1180028D01F6877B3BA79042AA7F1CD
:10757000180384464FF000060FD1818B9A8B521A64
:1075800012049A6944BF0CF11806184642B19C4691
:10759000A2F118039A7F042AEFD09B7F032B15D109
:1075A00096B133681B683360C368857702219847BA
:1075B0006368002BD2D1F8BD196853F80C2C9D716B
:1075C000616001219047F3E76760EDE763219F2049
:1075D00001F050FDF80E00202DE9F043224E3468F2
:1075E0006CB30025A8464FF00409AE462346246834
:1075F00053F8187C53F8082CD21953F8147C47F12F
:10760000000C82427CEB010C1BD205B32A68126885
:107610002A6083F80690B26883F800E083F801E0FE
:1076200083F802E083F803E07AB1F2681360F36054
:107630004FF00108002CD9D1B8F1000F0DD1BDE8F1
:10764000F0831D46002CD1D1F6E7B360EFE7326836
:10765000002ADED012683260DBE7044BBDE8F0435D
:10766000187801F0ADBE00BFF80E002074000020B5
:107670002DE9F04F684B0468D3F8008085B00546CB
:1076800082838A464068B8F1000F00F0BB80002674
:10769000A8F11802B446D2E900366F7D9C4270EB27
:1076A000060107F00107C1462AD3F7B192F814C0CA
:1076B000297D8C4519D89168C91846F1000311F14C
:1076C0000A0843F1000E444570EB0E0658D22E69AD
:1076D000361940F1000CB0457EEB0C0B01D246464A
:1076E000F4468E427CEB030C50D39369944673B1FD
:1076F000A3F11802D2E900369C4270EB0601D4D205
:10770000C846002F00F086801346624602E0C84655
:10771000002F58D0AE68361940F10009002B66D012
:10772000CDE90082D3E9007116F10A0C49F100029B
:10773000674571EB020258D21A7D95F814C0944542
:1077400019D39A68D21941F1000112F10A0841F1E6
:10775000000E444570EB0E0751D22F693F1940F1DE
:10776000000CB8457EEB0C0B01D24746F44697421D
:107770007CEB010C0AD39B69002B36D0183BD1E778
:10778000264684468E427CEB030CAED2224A04236A
:10779000AB77916800232B766B76AB76EB7605F1B1
:1077A00018021D4B002933D0DB681A601B4B1A49A5
:1077B0001878CA6001F004FE00258AF8005005B070
:1077C000BDE8F08F9369294641F8183F916103AAFB
:1077D00000210020FFF73AFE2D1AB5FA85F56D0954
:1077E0008AF8005005B0BDE8F08FDDE90082002A7C
:1077F000E8D12B46084A43F8188F1360E7E727467D
:107800008446B4E76B7DDB07F3D54246434681E708
:107810009A60CBE76246EAE7F80E00207400002089
:1078200010B50A4C2378FF2B0AD1094801F09EFDC0
:10783000084B207000221A609A60DA601A8210BD2C
:107840004FF483719F2001F015FC00BF74000020ED
:107850003D750000F80E0020034B1A8A02F1010C5E
:10786000A3F810C0FFF704BFF80E002030B583B0B6
:1078700004460D4601AA00210020FFF7E7FD03465C
:10788000E31AB3FA83F35B0905482B7004F118017E
:1078900005F0C0FC10B10023A377012003B030BD78
:1078A000F80E0020FFF798BE70B5154EB368054678
:1078B00000F11801BBB1B368002423B913E01A68C2
:1078C0001C4682B113469942F9D10CB1AA692260D3
:1078D000B268914204BF1B68B360F36899420AD052
:1078E0000023AB7770BD074805F094FC0028F9D061
:1078F0000023AB77F6E70023F460AB77F2E700BF35
:10790000F80E0020FC0E002030B5054683B00C4672
:10791000FFF762FE01AA28462146FFF797FD28B12E
:10792000054B00F118025A6103B030BD024B02460C
:107930005A6103B030BD00BFF80E002010B5054CF1
:107940006169204605F066FC18B1606900231838AB
:10795000636110BDF80E00201C49096839B3A1F11C
:10796000180C9CF8141081421DD870B5DCE9004158
:1079700012F10A0543F1000EAC4271EB0E0620D263
:10798000DCF81060341941F10001AC4271EB0E01DA
:1079900015D2DCF8181071B1A1F1180C9CF8141074
:1079A0008142F6D8E2E7DCF818100029D7D14FF071
:1079B000FF30014670474FF0FF30014670BD2C4646
:1079C0007146B4F10A0041F1FF3170BDF80E00209C
:1079D00010B5837F022B06D0837F012B02D0837FDB
:1079E000042B1DD110BD437D13F0020313D10321DD
:1079F0000E4A81779468037600F118014376837606
:107A0000C3765CB1D3681960094BD160BDE8104002
:107A1000187801F0D5BC0023837710BD9160F3E79F
:107A20004FF4FA719F2001F025FB00BFF80E0020F3
:107A30007400002070B5114D00F11806044631465F
:107A4000284605F0E7FB98B10423A377AA68002332
:107A500023766376A376E37642B1EB681E60084B2B
:107A6000EE601878BDE8704001F0AABCAE60F6E7A1
:107A70004FF4FF719F2001F0FDFA00BFF80E0020C7
:107A8000740000202DE9F04F066983B0002E70D1FC
:107A9000D0E900158368077DEFF3108472B6DFF834
:107AA000DCC0DCF80020002A5CD013F10A0EBCF820
:107AB0001080CDF8048046F10006183AB046D2E9AD
:107AC000003611EB0E0A45EB08099A4579EB060CD6
:107AD00048D38B4276EB050C28D3D2F810C01CEBB0
:107AE000030C46F1000BD4457BEB090B34BF4FF080
:107AF000010C4FF0000CBCF1000F13D092F814C031
:107B0000BC4526D034BF4FF0010C4FF0000CBCF147
:107B1000000F07D013F10A01936846F100055918C8
:107B200045F100059269EAB1183AC8E7D2F808A011
:107B300013F10A0C46F100091AEB0C0C49F100098B
:107B4000614575EB090934BF4FF0010C4FF0000C93
:107B5000D1E7B2F81CC0DDF80490ACEB090CCCF313
:107B6000C03CD4E704B962B6C0E9001503B0BDE873
:107B7000F08F40F21D219F2001F07CFAF80E0020CA
:107B8000024B0521186805F01FBB00BF100F002035
:107B9000054B586810B1C3680521184710B54FF45C
:107BA0002471B02001F066FA100F00202DE9F04793
:107BB0001646002B7FD0D3E90089804579EB01037D
:107BC0003CBF89468046554C05460F464FF0000A9B
:107BD00040464946C4E90289C4F810A001F028F9DA
:107BE000A38AB8EB050503F1640369EB0707524666
:107BF000AB42BA4116DBA36903F2A3139D4277F1AE
:107C0000000720DA464AC4F8288040464946C4F8AE
:107C10002C9000F0DBFD434A052384F830303260BD
:107C2000BDE8F087627F237F42B39A1E012A1FD9E5
:107C3000A16984F81DA0012B01F2A31151D08D423E
:107C400077F10007DEDB01F0FFF8FFF7A3F9A36986
:107C5000334AB8EB030069F10001C4E90A0100F0FE
:107C6000B5FD02232F4A84F830303260BDE8F0873A
:107C7000236A01209847237F84F81DA0A269012B65
:107C800002F2A31211462CD0032BD8D1954277F1E2
:107C900000072ADAA08A224AB8EB000069F1000145
:107CA000C4E90A0100F092FD06231E4A84F8303030
:107CB0003260BDE8F087194C637F1BB1237F023B24
:107CC000012B26D90025657701F0BEF8FFF762F990
:107CD00001F0B0F82B46144A84F830303260BDE829
:107CE000F0878D4277F10007D4DB01F0ADF8FFF7A4
:107CF00051F9A08AA3698342AAD2B8EB0000084ACE
:107D000069F10001C4E90A0100F060FD054A0123A0
:107D100083E7236A01209847D4E700BF100F0020B3
:107D2000817B0000CD7E00009D7E000002392DE9A0
:107D3000F04104292DD8DFE801F00309292C0C00BB
:107D4000164A137F003B18BF012353770020BDE87C
:107D5000F081044600F006FD00F014FE0E460746D2
:107D6000FFF7D2FD0D4D80466868FFF731FE2246D1
:107D7000384631464346002400260027C5E90267FD
:107D80006C60FFF713FF0220BDE8F081FFF7B8F940
:107D9000DCE740F23B21B02001F06CF9100F00202D
:107DA0002DE9F04F394C94F81DA0A76983B08146A6
:107DB000BAF1000F39D1237F03F0FD03012B48D026
:107DC00000F0E0FD10EB070805460E46404641F185
:107DD00000010191FFF798FD002840D0D0E900B3E1
:107DE0000199D84571EB030222D30022C4E9028134
:107DF000284631462261264A0193A562E66200F0D8
:107E0000E5FC019B5846194601F012F8BAF1000F43
:107E100015D0A38A1F4A9F4213D0022384F8303022
:107E2000C9F8002003B0BDE8F08F4FF0000AC7E7A3
:107E3000BBEB070563F10006D8461946D5E7154A9E
:107E4000EBE7012384F83030C9F8002003B0BDE827
:107E5000F08FA28A97429A4638BF1746B0E7637FF1
:107E60001BB1237F023B012B0CD90025657700F065
:107E7000E1FF094AC9F800202B4684F8303003B0EE
:107E8000BDE8F08F236A01209847EEE7100F00202D
:107E9000817B0000CD7E00009D7E0000032910B58F
:107EA00006D801290AD84FF49E71B02001F0E2F8FB
:107EB0000429F8D10446FFF723F908B9002010BDC2
:107EC0002046FFF76DFF022010BD00BF023970B5DC
:107ED0000446032900F23A81DFE801F006021408A3
:107EE0009F4B002283F83120002070BD9C4D95F8F7
:107EF0003030013B052B00F22E81DFE803F03741E3
:107F0000646E9A90964D95F83030042B0FD8022B62
:107F100024D8013B012B00F21481FFF7F1F800286F
:107F2000E2D000F01DFD2046FFF73AFF75E0053B6B
:107F3000012B00F20681FFF7E3F80028D4D000F00F
:107F40000FFD00F01FFD06460D46FFF7DDFC224643
:107F5000034629463046FFF729FE5EE0FFF7D0F8DA
:107F60000028C1D0012385F83130BDE72C7F04F013
:107F7000FD04012C6AD040F28311B02001F07AF8A0
:107F800000F05AFFFFF700F800F0FCFCAA6A2B692A
:107F9000821A287F9A4200F0FD00B8BF1A460128D5
:107FA000D5E902312A616FD0323B41F1FF31981897
:107FB00041EBE2716B4AC5E90A0100F007FC0423BA
:107FC00085F8303090E72C7F04F0FD04012C6BD055
:107FD0004FF4DA71B02001F04DF800F03DFF0028B9
:107FE00000F0A08095F83160002EAAD1FFF7A6FC22
:107FF0000028A6D06860C5E90D6600F0A7FB686898
:10800000022383773146C3689847D5E90201FFF719
:1080100049FC554B85F830602360022070BD2C7FF1
:1080200004F0FD04012C5AD04FF4FD71B02001F092
:1080300021F8FFF783FC002883D000266860C5E99B
:108040000D6600F083FB68680223DAE7687F00288A
:1080500091D12B6A98476C7700F094FCAA6A2B693F
:10806000A969821A9A42B8BF1A46AB682A61581A9F
:10807000E9683C4AA86261F10001E96200F0A6FBF0
:10808000022385F830302FE7687F00288CD1A88A3A
:10809000344A181A61F10001C5E90A0100F096FBA3
:1080A000032385F830301FE76E7F002E90D100F05B
:1080B00069FCAA6A03469B1A2A699342B8BF134611
:1080C00030462B612B6A9847D5E9023229696C77D3
:1080D000323B42F1FF32581842EBE1716AE76E7FA2
:1080E000002EA1D100F04EFCAA6A03469B1A2A6911
:1080F0009342B8BF134630462B612B6A9847D5E9A7
:10810000023229696C77323B42F1FF32581842EB58
:10811000E171144AC5E90A0100F058FB052385F80E
:108120003030E1E600200021FFF7EEFB08B1FFF759
:1081300081FC00F089FEFEF72DFF2046FFF730FEA0
:108140006BE740F27911B02000F094FF40F2152166
:10815000B02000F08FFF4FF40471B02000F08AFFD0
:10816000100F0020817B00002D7D000010B5064A15
:10817000064C02600023206084F830302377FEF73D
:108180002BFF5130A06110BD9D7E0000100F00201C
:1081900008B5074B074A19680968914202D1513066
:1081A000986108BD40F27521B02000F063FF00BF68
:1081B000100F00209D7E000010B5EFF3108472B602
:1081C000034B0421186804F0FFFF04B962B610BD28
:1081D000100F002008B5094B5A684AB1D3E90221B3
:1081E0008018BDE80840064A41F1000100F0EEBAEF
:1081F00040F29621B02000F03DFF00BF100F00209C
:10820000917B000008B5064B5B681BB1BDE80840D8
:1082100000F0A6BB4FF42771B02000F02BFF00BF89
:10822000100F002008B5054B5A680AB1586308BD05
:1082300040F2A221B02000F01DFF00BF100F00206F
:1082400008B5054B5A680AB1986308BD4FF42A7106
:10825000B02000F00FFF00BF100F0020044B9B6BFD
:1082600003B1184710B540F2AE21B02000F002FF74
:10827000100F0020044B5B6B03B1184710B54FF48F
:108280002D71B02000F0F6FE100F0020014B586851
:10829000704700BF100F002008B5054B5A6812B197
:1082A000D3E9020108BD40F2BF21B02000F0E2FE98
:1082B000100F0020044A137F03F0FD03012B0CBFB5
:1082C000908A0020704700BF100F0020054B1B68EC
:1082D0001BB1D3E908200421104710B572214520B5
:1082E00000F0C8FE500F0020054B1B681BB1D3E9FE
:1082F00008200321104710B56C21452000F0BAFE7C
:10830000500F00202DE9F04104460D4679B9174F72
:108310003B683BBB16483C60FFF784FF1548FFF7FE
:108320008FFFFFF72DF8637D5B07064605D4D4E980
:1083300008302946BDE8F0411847FEF7CBFE20364D
:10834000361A7E6000F09AFB0028FBD00A4B002210
:10835000C3F8A8252946C3F8AC25D4E90830BDE800
:10836000F04118478621452000F084FE500F002080
:10837000E9820000CD82000000F00140024B0022A3
:108380001A601A81704700BF500F002008B5074BD4
:108390001A683AB10648D06000211960BDE808406B
:1083A000FEF73EBFB921452000F064FE500F0020CB
:1083B00005830000C0E908122022002101F032B933
:1083C00030B587B04B7A00220D460592CDE90022E8
:1083D0000492C3F3800282F001024FF0000162F3C5
:1083E000820104462A78287A8DF815108DF8140039
:1083F00069682B4802910390002A40D1D5E90420F6
:108400009DF815C01CF0040FCDE9002028D19DF87F
:1084100015202449C3F340035B0043F0010322F01D
:10842000030213438DF815304B68C3F308038BB177
:10843000103B5BB2002B1CDB03F1604303F561438F
:1084400093F800335B092BB969462046FEF7BCFE62
:1084500007B030BD69462046FEF794FE07B030BD38
:10846000203A01F1200140F1FF3000920291019089
:10847000CDE703F00F0319440B7D5B09E3E72B699C
:108480000493FEF71FFE9DF815305B07CDE9000150
:1084900004D5029A6B7A20320292B8E76B7AB6E77B
:1084A0000583000000ED00E00D4A5368C3F30803A4
:1084B0006BB1103B5BB2002B0BDB03F1604303F5A8
:1084C000614393F800335B090BB9FEF7EBBEFEF78F
:1084D000AFBE03F00F031A44137D5B09F4E700BF3E
:1084E00000ED00E010B5037886B0B3B90446D0E9DA
:1084F0000401CDE90433CDE900010393217A6368D7
:10850000029368468DF81410FEF748FFDDE900235A
:108510000120C4E9042306B010BD4FF4AB7145201F
:1085200000F0A8FDFEF798BE30B50C7887B07CBB94
:108530004B7A05940C7A8DF81440C3F3800E174CD7
:108540004D6803948EF0010ED1E904414FF0000C08
:108550006EF3820C1CF0040FCDE900418DF815C0BC
:10856000029507D0203C05F1200541F1FF31009430
:10857000029501919DF815400492C3F3400363F303
:10858000410469468DF81540FEF7FCFD07B030BD8B
:1085900040F21F21452000F06DFD00BF0583000063
:1085A00070B4EFF3108672B617490D78ADB1174B62
:1085B000D3F80445D3F848314FF6FF7294421FD0E8
:1085C000E3B147F6FE739C4218D84B68013306B9F5
:1085D00062B6C0E9004370BC70470C4AD2F804454B
:1085E000D2F8043153B14B6801334B60C2F80451E7
:1085F000D2F80445D2F80431002BF4D14B68E6E7F9
:10860000002BFBD11C46F9E7880F002000B000408A
:1086100010B50A4C002222742277094B0948012127
:108620005960C3F84025C3F840214FF40022196176
:10863000C0F8082500F012FF206210BD880F00204E
:108640000080004000F001403749384BF0B44D6ADB
:10865000374C002201204A6058609860C3F80843F4
:10866000C3F84843C3F80421C3F84021C3F84421A8
:10867000C3F84821002D55D02E4C2F4EC4F8A865C4
:108680002E4AC4F8AC55C4F85C394FF40023C4F842
:1086900004350523C2F840351060D2F84031002B74
:1086A000FBD02448002301244FF40025C0F80855CE
:1086B0005460D460C2F84031C2F84035C0F8A835E3
:1086C000C0F8AC35C0F8AC350B7833B391F828401E
:1086D000184816491A4E1B4DE30003F1804303F579
:1086E000F8330122A2404FF6FF774FF48024C0F800
:1086F0000825C1F84443C1F84875C1F80443C3F8DC
:108700001065C3F81455C0F804250F4B4FF40062F0
:10871000C3F88021F0BC1A607047044B0222C3F8F2
:108720000423F2E71860CFE7880F002000B0004074
:108730000200070000F0014040810040008000403E
:1087400048B1004008B0004000E100E0044B4FF0A9
:1087500080411A6A0123C1F808351360704700BFD1
:10876000880F002010B4144C1449154A0023C4F893
:10877000A8350120C4F8AC354FF0FF3448600861DB
:10878000C1F808430F4891684FF48074C0F88041E5
:1087900041B10D494FF48030C1F808031374C1F89A
:1087A00040319360126A10BC4FF080410023C1F841
:1087B00008351360704700BF00F0014000800040A2
:1087C000880F002000E100E000B00040F0B55A4CF6
:1087D000A36883B0002B40F09F802578A260002D15
:1087E0005CD1564B994200F29C80430F544E554F3A
:1087F00043EAC101A6FB0132C0F34F33920B03EBF6
:10880000014307FB1233A6FB03639B0B43EA0243BE
:108810004D4A02FB1300420B48F2376101FB02F2A2
:10882000120C43F60957494907FB120000FB01F1FE
:10883000490D43F6085601EB422207FB0161B0EBFC
:10884000512F88BF01320026002D41D01F0C1B0480
:108850009D18684647F10007FFF7A2FEDDE90032E8
:10886000053346F100064FF48031E2FB01369D42AC
:1088700077EB060647D32A0C4FF6FF71ADB242EAFA
:108880000742002D08BF0D4631494FF48030C1F832
:108890004055E260C1F8040303B0F0BD2D4B99428E
:1088A00044D8430D264E274F43EAC121A6FB01328F
:1088B000C0F34F13920B03EB014307FB1233A6FBEC
:1088C00003639B0B43EA0243234A02FB1300A2E724
:1088D0001F0A1B069E18684647F10007FFF760FE57
:1088E000DDE90032053345F100054FF08071E2FB10
:1088F00001359E4277EB050505D3320E42EA072289
:1089000026F07F45C0E7FF232374144B4FF4006229
:10891000C3F8002103B0F0BD40F2F921052000F0BA
:10892000A9FB4FF49471052000F0A4FB40F2231141
:10893000052000F09FFB00BF880F0020FF7F841EF2
:1089400083DE1B43000024F40080841E6F0C0100B2
:1089500000B000407F841E0080841E0000E100E023
:10896000064B9A684AB106494FF48032C1F8082391
:1089700000221A74C1F840219A607047880F0020C5
:1089800000B0004070B4EFF3108572B6364C20781A
:1089900020B3364BD3F80425D3F848614FF6FF7364
:1089A0009A4252D043F60951C2F3080301FB03F384
:1089B000500A01FB00F003F5807300EB5320002107
:1089C000002E45D047F6FE739A4241D863680133C2
:1089D00025B3274A70BCE3FB02017047234AD2F853
:1089E0000435D2F8041111B3636801336360C2F82F
:1089F0000401D2F80435D2F804110029F4D143F669
:108A0000095CC3F30802580A0CFB02F202F58073FA
:108A10000CFB00F000EB532063681DB962B62278AE
:108A2000002AD6D1134AE3FB020170BC704743F61B
:108A30000956C3F30802580A06FB02F306FB00F0CE
:108A400003F5807300EB5320E6E71EB10A480021CE
:108A50006368BDE7636815B928462946DEE7044A1E
:108A600030463146DFE700BF880F002000B00040ED
:108A700080841E000080841E61841E0070B4EFF3A9
:108A8000108072B6384A15780DB3384BD3F80455B8
:108A9000D3F848614FF6FF739D4256D043F6095410
:108AA000C5F3080104FB01F16B0A04FB03F301F5B4
:108AB000807103EB51230024002E49D047F6FE714C
:108AC0008D4245D85168013108B3294824E027492F
:108AD000D1F80435D1F804414CB3536801335360E5
:108AE000C1F80451D1F80435D1F80441002CF4D177
:108AF00043F6095CC3F308010CFB01F15B0A01F5C5
:108B000080710CFB03F303EB5123516818B962B673
:108B100010780028D9D11748E1FB0034D2E90C12B3
:108B20008B4294412CBF0120002070BC7047C3F3DE
:108B3000080143F609555B0A05FB01F105FB03F348
:108B400001F5807103EB5123DFE71EB10A4B0024CE
:108B50005168B9E7516810B903460446D7E704489D
:108B600033463446D8E700BF880F002000B00040ED
:108B700080841E000080841E61841E002DE9F04761
:108B8000DFF874815D4E012100234FF4002284B090
:108B9000C8F80410C8F84035C8F84031C8F81010BB
:108BA000C6F80825D8F8042522F00302C8F80425E1
:108BB000D8F8082542F00302C8F80825102292FAD6
:108BC000A2F2B2FA82F2092A00F39180C8F81025C5
:108BD0004B4A4C4FC8F80C104FF48070C2F880011B
:108BE0001060494AC8F80410C8F80C10C6F8A82547
:108BF0003A78C6F8AC8502A8002A56D0019306E060
:108C00000123C6F808A5C8F80430C8F80C30FFF7EF
:108C1000C7FCDDE90243019D4FF4002A4FF480397F
:108C2000C6F804A5E3FB0945FFF7BAFCDDE902320B
:108C30000199E2FB0931A94208BFA342E0D1013406
:108C400043F60952C4F3080345F1000502FB03F3A0
:108C5000210EC4F34E2441EA052102FB04F02D0E3F
:108C600003F5807300EB53204C016B01641A43EA57
:108C7000D16363EB0506B201A3011B1B42EA9462B8
:108C800062EB0602D20042EA5372DB005B1845EB4E
:108C90000205E903DA03801841EA534141F100017A
:108CA000C7E90C0104B0BDE8F087019206E001239A
:108CB000C6F808A5C8F80430C8F80C30FFF770FCF7
:108CC000DDE90243019D4FF4002A4FF08079C6F898
:108CD00004A5E3FB0945FFF763FCDDE902320199D6
:108CE000E2FB0931A94208BFA342E0D1A7E7074848
:108CF00040F29F3100F0B4F90080004000F00140E4
:108D000000E100E0880F002000B10040E0C2010057
:108D100010B5029C201841F10001801A61EB03019B
:108D2000B0F1004F71F1000100DA10BD40F2A9313D
:108D3000052000F09FF900BF70B4EFF3108572B604
:108D4000364C207820B3364BD3F80425D3F848614D
:108D50004FF6FF739A4252D043F60951C2F308030B
:108D600001FB03F3500A01FB00F003F5807300EBF5
:108D700053200021002E45D047F6FE739A4241D879
:108D80006368013325B3274A70BCE3FB02017047D7
:108D9000234AD2F80435D2F8041111B363680133C1
:108DA0006360C2F80401D2F80435D2F80411002936
:108DB000F4D143F6095CC3F30802580A0CFB02F233
:108DC00002F580730CFB00F000EB532063681DB9C3
:108DD00062B62278002AD6D1134AE3FB020170BCA6
:108DE000704743F60956C3F30802580A06FB02F31C
:108DF00006FB00F003F5807300EB5320E6E71EB19D
:108E00000A4800216368BDE7636815B9284629460A
:108E1000DEE7044A30463146DFE700BF880F002016
:108E200000B0004080841E000080841E61841E000B
:108E3000704700BF704700BF024B0122C3F84423B4
:108E4000704700BF00B00040024B0122C3F8482326
:108E5000704700BF00B0004008B5FEF7A1F830B978
:108E6000074A936B0133312B936304D808BD044B3D
:108E700000229A6308BD4FF48061052000F0FAF8E3
:108E8000880F002010B53F4C237882B0002B55D0BE
:108E90003D4BD3F8042352035BD43B4BE168D3F83A
:108EA0000423D00334D5D3F84031002B30D063688D
:108EB00099425DD800232374334AA168C2F8403137
:108EC0004FF48030C2F80803002955D0A3608847CA
:108ED0002D4BA169D3F80423920324D5D3F8443150
:108EE0000BB363688B423FD300222277264B616924
:108EF000C3F844214FF40030C3F8080300293BD0E5
:108F00008847214BD3F840310193019B02B010BD3B
:108F10006268237C002BCDD19142D9D91A4B002213
:108F2000C3F84021D4E76268237F002BDCD18A425A
:108F3000E7D2154B0022C3F84421E2E7124AD2F8E7
:108F400004110029A9D0C2F80431636801336360B9
:108F5000A3E7D3F84821002A9FD00022C3F8482174
:108F600063680133636098E7237F002BE1D0BBE7A0
:108F7000237C002BD2D09DE740F24241052000F037
:108F800079F800BF880F002000B00040014B18792D
:108F9000704700BFC80F0020044B1A79824283BF7C
:108FA0001B68602202FB003000207047C80F0020C1
:108FB000BFF34F8F0549064BCA6802F4E0621343C2
:108FC000CB60BFF34F8F00BFFDE700BF00ED00E0B7
:108FD0000400FA05094B01225A604FF0FF32C3F832
:108FE0000823074B4FF48042C3F88020BFF34F8F14
:108FF000BFF36F8FC3F88021704700BF00E00040CF
:1090000000E100E0094B01225A604FF0FF32C3F843
:109010000823074B4FF48052C3F88020BFF34F8FD3
:10902000BFF36F8FC3F88021704700BF00C00040BE
:1090300000E100E0084B0022C3F8FC2F0122C3F836
:10904000FC2F064B0222C3F88020BFF34F8FBFF3E3
:109050006F8FC3F8802170470010004000E100E0EE
:1090600008B572B6024B5B6803B19847FFF7A0FFE3
:10907000D00F00201FB572B6134B5D6895B9FFF78E
:1090800097FF2346B2FBF6F25C1C002AF9D104AE2E
:10909000DCB256FA83F303F80C2C0A2234B901A887
:1090A000A847ECE7024600230A26EDE7631E04AE5C
:1090B000DCB256FA83F3B0FBF2F602FB1600303056
:1090C00003F80C0C3046E9E7D00F0020F8B51F4E2E
:1090D000337805460C461746A3BB00F0B3F9FDF7FD
:1090E000B3FB77603472FFF7A5FFFFF78BFFFFF745
:1090F00071FF174B002D14BF28461846FDF784FF5B
:109100000546E8B9FFF73AF9FDF770FF04F04BF8B0
:10911000FDF7C6FF18B9B8211120FFF7ABFF002CEF
:109120000CDB04F01F026409A40004F1604404F5A0
:10913000614401239340C4F88031236001233370DC
:109140002846F8BD4FF0FF35FAE700BFD00F0020EA
:109150007CBD0100074B93F90830002B09DB5A094D
:10916000012103F01F03994002F14003024A42F833
:1091700023107047D00F002000E100E0014B187869
:10918000704700BFD00F0020F0B5284D284C294F64
:1091900083B02E780136F6B2D5E84F3F0133DBB20B
:1091A000C5E8423F002AF7D101236360C4F80021DB
:1091B000C4F80421EFF3108272B6C4F804052360EA
:1091C00052B962B608E0D4F804314BB92B789E420C
:1091D00006D13B69DB0613D4D4F80031002BF2D062
:1091E000D4F80431002BD4D12A78B242D1D1032251
:1091F000C4F80031C4F80431C4F8082303B0F0BD4A
:109200000D4B03214FF48042C4F80413C3F88021AE
:10921000D4F80031002BDFD1D4F80431002BDBD19E
:10922000019004F02AF80198D6E700BFD90F00207A
:1092300000E0004000ED00E000E100E070B5144601
:10924000DA078CB01D4686468C4633D5C368426823
:109250001BBA0093CB681BBA049383681BBA0193B3
:1092600003681BBA03938B6812BA1BBA0292059368
:109270004A680B6812BA1BBA6E46069207933046CC
:10928000FFF782FFAB070DD5DDE90A10DDE90832F3
:1092900000BA09BA12BA1BBA20606160A260E3602A
:1092A0000CB070BD08AD0FCD20606160A260E360BE
:1092B0000CB070BDDEF80410DEF80820DEF80C30CB
:1092C0000068EE46AEE80F00DCF80000DCF80410A1
:1092D000DCF80820DCF80C306E46AEE80F00CEE774
:1092E00010B5002482B0CDE90044FFF7A7FF02B01B
:1092F00010BD00BF1A4B4FF4805270B5C3F88020E8
:10930000BFF34F8FBFF36F8F164C174D0021C4F87A
:109310000011C3F880212E692B6943F010032B61E3
:109320000123C4F8043306F010062360D4F800319A
:109330009BB11EB92B6923F010032B610123D4F8D4
:1093400008056360C4F808330023C4F80031044BF7
:109350004FF48052C3F8802170BD03F08EFFE5E723
:1093600000E100E000C0004000ED00E00B4938B52E
:10937000042301EBC302157905F0FF042DB1013B75
:10938000F7D240216920FFF775FE41F83300012133
:10939000547194711171D8B238BD00BFDC0F002038
:1093A000042808B503D947216920FFF763FE034B62
:1093B00003EBC00300221A7108BD00BFDC0F0020C0
:1093C000042808B503D950216920FFF753FE094B43
:1093D00003EBC0000379012B01D05121F4E743795D
:1093E00082790133DBB29A4218BF4371BDE808406D
:1093F000FFF7B0BEDC0F002038B5114D052495F8FD
:10940000281005EBC1031A79012A09D158799A79F4
:10941000904205D05A79D2B29A7155F831309847B6
:1094200095F828300133DBB2052B04F1FF3428BF57
:10943000002314F0FF0485F82830E0D138BD00BFC8
:10944000DC0F00204FF08052034BD2F8301119602E
:10945000D2F834215A60704708100020084B1B686E
:10946000083B082B0AD840F2211222FA03F313F02A
:10947000010F044B044818BF184670470248704754
:109480000810002000E701400C050040144B1B6849
:10949000062B03D0013301D020BF7047EFF31080BB
:1094A00072B6104A1369116941F0100111610E4939
:1094B000D1F80021D1F804110A4303F0100300D0C1
:1094C00040BF20BF00BF00BF00BF00BF23B9054A97
:1094D000136923F01003136100B962B6704700BF2F
:1094E0000810002000ED00E000E100E0914270B5BE
:1094F0003FD2B2FA82F33BB1C3F1200420FA04F464
:109500009940214398409A40150CB1FBF5FC05FBAE
:109510001C1E4FEA0E4E030C84B20EEB10401FFAD5
:1095200082FE0CFB0EF6864206D9361A964294BF8E
:1095300001260226ACEB060C03EB01430CFB1233B5
:10954000B3FBF5F005FB103304EB034400FB0EFE08
:10955000A6454FEA0C4C09D9AEEB040E964594BFD4
:109560004FF0010E4FF0020EA0EB0E0040EA0C008F
:1095700070BD73219620FFF77DFD00BF2DE9F843F4
:109580001C4652EA040349D0074615460E4684B9E4
:10959000914204D2FFF7AAFF2146BDE8F883214695
:1095A0003046FFF7A3FF04462A46384604FB156100
:1095B000F0E74FF00108B4FA84F908FA09F3A3FBC5
:1095C000021220FA08F003FB042240EAC67026FAD1
:1095D00008F1FFF78BFFC9F11F0230FA02F34FF0D9
:1095E000000C08D140461946AF42A6413CBF184680
:1095F0006146BDE8F8835A1E61466CEB0C0C05FB16
:109600000CFE02FB04EE18461346A5FB0228BA1A0C
:109610000EEB080766EB07061746E5E7A62196203E
:10962000FFF728FD10F0030FC9B2034607D0BAB305
:1096300003F8011B13F0030F02F1FF32F7D170B5ED
:10964000032A01EB012404EB04441ED9161FB508BC
:10965000032E05F1010521D94FEA550E03EBCE0E7D
:109660009C46CCE900440CF1080CF445F9D115F006
:10967000010F04D025F0010503EB85052C6026F0D1
:1096800003060433334402F0030232B1012A197095
:1096900003D0022A597018BF997070BD1D46EDE7BE
:1096A000704700BF844641EA000313F003037DD1F5
:1096B000403A51D3F0B4F0C9F0C0F0C9F0C0F0C9DD
:1096C000F0C0F0C9F0C0403AF5D2F0BC44E0403AF6
:1096D00042D300BF51F8043B40F8043B51F8043B2F
:1096E00040F8043B51F8043B40F8043B51F8043B7C
:1096F00040F8043B51F8043B40F8043B51F8043B6C
:1097000040F8043B51F8043B40F8043B51F8043B5B
:1097100040F8043B51F8043B40F8043B51F8043B4B
:1097200040F8043B51F8043B40F8043B51F8043B3B
:1097300040F8043B51F8043B40F8043B51F8043B2B
:1097400040F8043B51F8043B40F8043B51F8043B1B
:1097500040F8043B403ABDD2303211D351F8043BBB
:1097600040F8043B51F8043B40F8043B51F8043BFB
:1097700040F8043B51F8043B40F8043B103AEDD26A
:109780000C3205D351F8043B40F8043B043AF9D2BB
:10979000043208D0D2071CBF11F8013B00F8013B8E
:1097A00001D30B8803806046704700BF082A14D39A
:1097B0008B078CD010F0030389D0C3F10403D21AB5
:1097C000DB071CBF11F8013B00F8013BFFF47FAF42
:1097D00031F8023B20F8023B79E7043AD8D3013A4A
:1097E00011F8013B00F8013BF9D20B7803704B787C
:1097F00043708B7883706046704700BF83D200004F
:109800008FD2000093D200009BD200009FD20000B4
:1098100081F0004102E000BF83F0004330B54FEA21
:1098200041044FEA430594EA050F08BF90EA020F8E
:109830001FBF54EA000C55EA020C7FEA645C7FEA21
:10984000655C00F0E2804FEA5454D4EB5555B8BF44
:109850006D420CDD2C4480EA020281EA030382EAB5
:10986000000083EA010180EA020281EA0303362D47
:1098700088BF30BD11F0004F4FEA01314FF4801C1A
:109880004CEA113102D0404261EB410113F0004F2C
:109890004FEA03334CEA133302D0524263EB4303E3
:1098A00094EA050F00F0A780A4F10104D5F1200E81
:1098B0000DDB02FA0EFC22FA05F2801841F10001DC
:1098C00003FA0EF2801843FA05F359410EE0A5F1B0
:1098D00020050EF1200E012A03FA0EFC28BF4CF0E1
:1098E000020C43FA05F3C01851EBE37101F0004597
:1098F00007D54FF0000EDCF1000C7EEB00006EEBA4
:109900000101B1F5801F1BD3B1F5001F0CD349082D
:109910005FEA30004FEA3C0C04F101044FEA445284
:1099200012F5800F80F09A80BCF1004F08BF5FEA0B
:10993000500C50F1000041EB045141EA050130BDEB
:109940005FEA4C0C404141EB0101013C28BFB1F5FD
:10995000801FE9D291F0000F04BF01460020B1FA48
:1099600081F308BF2033A3F10B03B3F120020CDA1B
:109970000C3208DD02F1140CC2F10C0201FA0CF0F9
:1099800021FA02F10CE002F11402D8BFC2F1200C5E
:1099900001FA02F120FA0CFCDCBF41EA0C01904014
:1099A000E41AA2BF01EB0451294330BD6FEA04045D
:1099B0001F3C1CDA0C340EDC04F11404C4F1200248
:1099C00020FA04F001FA02F340EA030021FA04F35A
:1099D00045EA030130BDC4F10C04C4F1200220FAB1
:1099E00002F001FA04F340EA0300294630BD21FAEF
:1099F00004F0294630BD94F0000F83F4801306BFB5
:109A000081F480110134013D4EE77FEA645C18BFA8
:109A10007FEA655C29D094EA050F08BF90EA020F3F
:109A200005D054EA000C04BF1946104630BD91EA37
:109A3000030F1EBF0021002030BD5FEA545C05D13A
:109A40004000494128BF41F0004130BD14F5800479
:109A50003CBF01F5801130BD01F0004545F0FE41ED
:109A600041F470014FF0000030BD7FEA645C1ABF22
:109A7000194610467FEA655C1CBF0B46024650EA59
:109A8000013406BF52EA033591EA030F41F4002185
:109A900030BD00BF90F0000F04BF0021704730B50B
:109AA0004FF4806404F132044FF000054FF00001E0
:109AB00050E700BF90F0000F04BF0021704730B5A1
:109AC0004FF4806404F1320410F0004548BF404276
:109AD0004FF000013EE700BF42004FEAE2014FEACB
:109AE00031014FEA02701FBF12F07F4393F07F4FA6
:109AF00081F06051704732F07F4208BF704793F0A9
:109B00007F4F04BF41F40021704730B54FF46074BB
:109B100001F0004521F000411CE700BF50EA0102BE
:109B200008BF704730B54FF000050AE050EA010267
:109B300008BF704730B511F0004502D5404261EBD7
:109B400041014FF4806404F132045FEA915C3FF418
:109B5000D8AE4FF003025FEADC0C18BF03325FEAB5
:109B6000DC0C18BF033202EBDC02C2F1200300FA66
:109B700003FC20FA02F001FA03FE40EA0E0021FA8B
:109B800002F11444BDE600BF70B54FF0FF0C4CF479
:109B9000E06C1CEA11541DBF1CEA135594EA0C0F2B
:109BA00095EA0C0F00F0DEF82C4481EA030621EA66
:109BB0004C5123EA4C5350EA013518BF52EA0335A1
:109BC00041F4801143F4801338D0A0FB02CE4FF053
:109BD0000005E1FB02E506F00042E0FB03E54FF083
:109BE0000006E1FB03569CF0000F18BF4EF0010E7B
:109BF000A4F1FF04B6F5007F64F5407404D25FEA77
:109C00004E0E6D4146EB060642EAC62141EA555129
:109C10004FEAC52040EA5E504FEACE2EB4F1FD0C6B
:109C200088BFBCF5E06F1ED8BEF1004F08BF5FEAE9
:109C3000500E50F1000041EB045170BD06F000469B
:109C400046EA010140EA020081EA0301B4EB5C0448
:109C5000C2BFD4EB0C0541EA045170BD41F4801140
:109C60004FF0000E013C00F3AB8014F1360FDEBF65
:109C7000002001F0004170BDC4F10004203C35DA41
:109C80000C341BDC04F11404C4F1200500FA05F3C4
:109C900020FA04F001FA05F240EA020001F0004265
:109CA00021F0004110EBD37021FA04F642EB0601DB
:109CB0005EEA430E08BF20EAD37070BDC4F10C0405
:109CC000C4F1200500FA04F320FA05F001FA04F2C9
:109CD00040EA020001F0004110EBD37041F10001B5
:109CE0005EEA430E08BF20EAD37070BDC4F12005C0
:109CF00000FA05F24EEA020E20FA04F301FA05F228
:109D000043EA020321FA04F001F0004121FA04F2CF
:109D100020EA020000EBD3705EEA430E08BF20EA9F
:109D2000D37070BD94F0000F0FD101F000464000D9
:109D300041EB010111F4801F08BF013CF7D041EA5B
:109D4000060195F0000F18BF704703F0004652005F
:109D500043EB030313F4801F08BF013DF7D043EA30
:109D60000603704794EA0C0F0CEA135518BF95EAE6
:109D70000C0F0CD050EA410618BF52EA4306D1D16D
:109D800081EA030101F000414FF0000070BD50EA8C
:109D9000410606BF1046194652EA430619D094EA16
:109DA0000C0F02D150EA013613D195EA0C0F05D100
:109DB00052EA03361CBF104619460AD181EA030154
:109DC00001F0004141F0FE4141F470014FF000000C
:109DD00070BD41F0FE4141F4780170BD70B54FF0A7
:109DE000FF0C4CF4E06C1CEA11541DBF1CEA135527
:109DF00094EA0C0F95EA0C0F00F0A7F8A4EB050409
:109E000081EA030E52EA03354FEA013100F08880FF
:109E10004FEA03334FF0805545EA131343EA1263C8
:109E20004FEA022245EA111545EA10654FEA00267D
:109E30000EF000419D4208BF964244F1FD0404F536
:109E4000407402D25B084FEA3202B61A65EB030592
:109E50005B084FEA32024FF480104FF4002CB6EB4F
:109E6000020E75EB030E22BFB61A754640EA0C00CF
:109E70005B084FEA3202B6EB020E75EB030E22BF0F
:109E8000B61A754640EA5C005B084FEA3202B6EB50
:109E9000020E75EB030E22BFB61A754640EA9C000F
:109EA0005B084FEA3202B6EB020E75EB030E22BFDF
:109EB000B61A754640EADC0055EA060E18D04FEA9D
:109EC000051545EA16754FEA06164FEAC30343EA3D
:109ED00052734FEAC2025FEA1C1CC0D111F4801F0A
:109EE0000BD141EA00014FF000004FF0004CB6E703
:109EF00011F4801F04BF01430020B4F1FD0C88BFA2
:109F0000BCF5E06F3FF6AFAEB5EB030C04BFB6EBAC
:109F1000020C5FEA500C50F1000041EB045170BD9F
:109F20000EF0004E4EEA113114EB5C04C2BFD4EBCC
:109F30000C0541EA045170BD41F480114FF0000E50
:109F4000013C90E645EA060E8DE60CEA135594EACC
:109F50000C0F08BF95EA0C0F3FF43BAF94EA0C0FCF
:109F60000AD150EA01347FF434AF95EA0C0F7FF444
:109F700025AF104619462CE795EA0C0F06D152EA98
:109F800003353FF4FDAE1046194622E750EA41067C
:109F900018BF52EA43067FF4C5AE50EA41047FF48D
:109FA0000DAF52EA43057FF4EBAE12E74FF0FF3CF2
:109FB00006E000BF4FF0010C02E000BF4FF0010CC3
:109FC0004DF804CD4FEA410C7FEA6C5C4FEA430C3C
:109FD00018BF7FEA6C5C1BD001B050EA410C0CBF8B
:109FE00052EA430C91EA030F02BF90EA020F0020ED
:109FF000704710F1000F91EA030F58BF994208BF54
:10A0000090422CBFD8176FEAE37040F00100704710
:10A010004FEA410C7FEA6C5C02D150EA013C07D167
:10A020004FEA430C7FEA6C5CD6D152EA033CD3D0B2
:10A030005DF8040B704700BF8446104662468C46AC
:10A040001946634600E000BF01B5FFF7B7FF0028DF
:10A0500048BF10F1000F01BD4DF808EDFFF7F4FF08
:10A060000CBF012000205DF808FB00BF4DF808ED93
:10A07000FFF7EAFF34BF012000205DF808FB00BFB6
:10A080004DF808EDFFF7E0FF94BF012000205DF8D8
:10A0900008FB00BF4DF808EDFFF7CEFF94BF01208D
:10A0A00000205DF808FB00BF4DF808EDFFF7C4FF86
:10A0B00034BF012000205DF808FB00BF4A0011D228
:10A0C00012F5001211D20DD56FF47873B3EB625212
:10A0D0000ED44FEAC12343F0004343EA505323FA1E
:10A0E00002F070474FF00000704750EA013002D193
:10A0F0004FF0FF3070474FF0000070474FEA4102C9
:10A10000B2F1E04324BFB3F5001CDCF1FE5C0DD9D5
:10A1100001F0004C4FEAC0024CEA5070B2F1004F1F
:10A1200040EB830008BF20F00100704711F0804F22
:10A1300021D113F13872BCBF01F00040704741F4E7
:10A1400080114FEA5252C2F11802C2F1200C10FAEB
:10A150000CF320FA02F018BF40F001004FEAC123CF
:10A160004FEAD32303FA0CFC40EA0C0023FA02F373
:10A170004FEA4303CCE77FEA625307D150EA013349
:10A180001EBF4FF0FE4040F44000704701F0004019
:10A1900040F0FE4040F40000704700BF80F00040F7
:10A1A00002E000BF81F0004142001FBF5FEA4103AF
:10A1B00092EA030F7FEA226C7FEA236C6AD04FEAAF
:10A1C0001262D2EB1363C1BFD218414048404140F4
:10A1D000B8BF5B42192B88BF704710F0004F40F4A6
:10A1E000000020F07F4018BF404211F0004F41F4C2
:10A1F000000121F07F4118BF494292EA030F3FD08E
:10A20000A2F1010241FA03FC10EB0C00C3F12003A0
:10A2100001FA03F100F0004302D5494260EB40002F
:10A22000B0F5000F13D3B0F1807F06D340084FEA9A
:10A23000310102F10102FE2A51D2B1F1004F40EB8F
:10A24000C25008BF20F0010040EA030070474900F7
:10A2500040EB0000013A28BFB0F5000FEDD2B0FA94
:10A2600080FCACF1080CB2EB0C0200FA0CF0AABFB7
:10A2700000EBC25052421843BCBFD0401843704755
:10A2800092F0000F81F4000106BF80F4000001325B
:10A29000013BB5E74FEA41037FEA226C18BF7FEA32
:10A2A000236C21D092EA030F04D092F0000F08BF74
:10A2B0000846704790EA010F1CBF0020704712F05B
:10A2C0007F4F04D1400028BF40F00040704712F19A
:10A2D00000723CBF00F50000704700F0004343F0FF
:10A2E000FE4040F4000070477FEA226216BF084635
:10A2F0007FEA23630146420206BF5FEA412390EAF8
:10A30000010F40F4800070474FF0000304E000BFED
:10A3100010F0004348BF40425FEA000C08BF70479E
:10A3200043F0964301464FF000001CE050EA010262
:10A3300008BF70474FF000030AE000BF50EA010277
:10A3400008BF704711F0004302D5404261EB410164
:10A350005FEA010C02BF84460146002043F0B64389
:10A3600008BFA3F18053A3F50003BCFA8CF2083AAE
:10A37000A3EBC25310DB01FA02FC634400FA02FCB7
:10A38000C2F12002BCF1004F20FA02F243EB0200BE
:10A3900008BF20F00100704702F1200201FA02FC20
:10A3A000C2F1200250EA4C0021FA02F243EB020013
:10A3B00008BF20EADC7070474FF0FF3C06E000BFAA
:10A3C0004FF0010C02E000BF4FF0010C4DF804CD3E
:10A3D0004FEA40024FEA41037FEA226C18BF7FEA4E
:10A3E000236C11D001B052EA530C18BF90EA010F50
:10A3F00058BFB2EB030088BFC81738BF6FEAE170DF
:10A4000018BF40F0010070477FEA226C02D15FEA7A
:10A41000402C05D17FEA236CE4D15FEA412CE1D0E6
:10A420005DF8040B704700BF844608466146FFE7AD
:10A430000FB5FFF7C9FF002848BF10F1000F0FBD8F
:10A440004DF808EDFFF7F4FF0CBF012000205DF888
:10A4500008FB00BF4DF808EDFFF7EAFF34BF01200D
:10A4600000205DF808FB00BF4DF808EDFFF7E0FFA6
:10A4700094BF012000205DF808FB00BF4DF808EDF7
:10A48000FFF7D2FF94BF012000205DF808FB00BF5A
:10A490004DF808EDFFF7C8FF34BF012000205DF83C
:10A4A00008FB00BF7BB972B90029BEBF00204FF086
:10A4B000004106E008BF00281CBF6FF000414FF0CC
:10A4C000FF3000F057B8ADF1080C6DE904CE00295B
:10A4D00009DB002B1ADB02F0F4FEDDF804E0DDE915
:10A4E000022304B07047404261EB4101002B1BDBAB
:10A4F00002F0E7FEDDF804E0DDE9022304B04042AB
:10A5000061EB4101524263EB43037047524263EBFC
:10A51000430302F0D6FEDDF804E0DDE9022304B0D7
:10A52000404261EB41017047524263EB430302F04A
:10A53000C8FEDDF804E0DDE9022304B0524263EB1B
:10A540004303704753B94AB9002908BF00281CBF0C
:10A550004FF0FF314FF0FF3000F00CB8ADF1080CB8
:10A560006DE904CE02F0ADFEDDF804E0DDE9022382
:10A5700004B07047704700BF08B5F5F76DFFF7F7F7
:10A58000ADFBF5F757FE002008BD00F04BBF00F013
:10A590004CBF034602221A709A7061225A714F22F0
:10A5A0009A717322DA7136221A720E225A726FF081
:10A5B0001F0200209A727B225870D8701871DA72CC
:10A5C000704700F075BD70B5044602F001FD01282A
:10A5D00005461AD1601C02F002FDB0B1A37963F008
:10A5E0003F03A3710020F7F779FCE61D38B1102274
:10A5F00000213046FFF716F82570002070BD304668
:10A6000002F000FD0028F2D0F6E70025F4E710B5CF
:10A61000102204460021FFF705F804F11003102270
:10A6200000211846FEF7FEFF02F005FD0020F7F7B7
:10A6300055FC20B1204602F0E5FC002010BD02F0E0
:10A64000C7FC0028F6D0F8E710B50446FEF752FE26
:10A65000B0F5007F09DA10F5007F08DD031EB8BFF2
:10A6600003339B102370002010BD7F23FAE76FF0A7
:10A670007E03F7E78178008800F08ABE37B505468B
:10A680000C4600880DF1060100F0B7FD2B882380F1
:10A69000BDF80630638003B030BDF7B504462046F0
:10A6A000F7F7B4FF022805462ED004282CD12378D2
:10A6B000072B18D13E20F5F7E3FE78B9E37822792D
:10A6C00001A943EA02236846ADF8003000F015FE08
:10A6D0000028E4D053210820F5F770FD0520F5F798
:10A6E00013FF0028EAD0204600F013F82678A77858
:10A6F0003046F5F7C5FE0028D1D03E2E04D13846AD
:10A70000F5F702FF0028CAD0284603B0F0BD01F0DB
:10A7100017BB10B50378192B044612D89BB1013B27
:10A72000182B10D8DFE803F014190F444A50565C78
:10A73000606272780F0F0F1D666C7C82888E949A0F
:10A74000A000FF2B33D04FF4EF71C720F5F736FD93
:10A750000C2303700823637029E01A23037001237C
:10A76000F9E72920F5F7D0FE30B13E2323702223EC
:10A7700063702923A3701AE00A20F5F7C5FE3E2373
:10A78000237018B11F2363700A23F3E70123A3701A
:10A7900013236370E37903F00103E371D4F81A30F3
:10A7A000C4F80E30E38B638294F82030237510BD1B
:10A7B0003E230370042343701423DBE73E2303701E
:10A7C0000C2343700423D5E73E2303700A23437010
:10A7D0000323CFE73E2303700D2343700523C9E70E
:10A7E000052323700423B6E70823FAE73023037018
:10A7F0000323B0E73E2303700B2343700723B9E71D
:10A800003E230370062343700C23B3E71323037026
:10A8100083789B0001339EE75723037002239AE756
:10A820003E230370062343701223A3E73E230370E5
:10A830000923437013239DE73E23037005234370D0
:10A84000202397E73E23037009234370212391E7D8
:10A85000FF2303700B234370A2238BE7FF230370B6
:10A8600005234370A32385E7FF2303700D23437063
:10A8700080237FE708B510B96FF0150008BDFFF71A
:10A8800046FF0028F8D00020F8E710B50C4648B184
:10A8900041B1FFF702FF002820700CBF6FF02200CB
:10A8A000002010BD6FF01500FBE7F8B5941C0C44B8
:10A8B0006343B3F5004FA8BF4FF0FF330E4610F0CF
:10A8C0000301054617469CB203D0B0211420F5F7CA
:10A8D00075FCB4F5004F01D9B121F7E7142204301B
:10A8E000FEF7A0FEEF746C802E80F8BD38B50388AB
:10A8F000C48805898B42C4F30E0203D2D1211420EF
:10A90000F5F75CFC84EA0503C3F30E030BB9AC4214
:10A9100006D102F118030122C1528274184438BDD5
:10A920001846FCE7023101444A43B2F5004FA8BF84
:10A930004FF0FF3290B21B3020F00300B0F5004F13
:10A9400034BF00B24FF0FF30704740881B3020F01A
:10A950000300B0F5004F34BF00B24FF0FF3080B2BB
:10A96000704738B503888B4203D2F7211420F5F7DE
:10A9700025FC857C65B1C388C3F30E031833C25A26
:10A980008A4207D3C152811DF5F7CEFD002383749F
:10A99000284638BD0025FBE70346F0B59E88DD88D4
:10A9A000B4B2A54200F11800C6F30E0616D05F89B6
:10A9B000DD7C845B3D4402353544E41B28440D882E
:10A9C000A4B2A54288BF0C805989B1FA81F14FEA3F
:10A9D000511188BF25461170DD81F0BD0025284644
:10A9E000FAE7F8B58288C389002604460D4692B27C
:10A9F0000E60CBB1C2F30E024189183287180B44A6
:10AA0000825A9BB29342438104D94FF4A27114201D
:10AA1000F5F7D4FB04D1011DF5F786FD46812F60C3
:10AA20000023E3810120F8BD1846FCE783880289F2
:10AA30009BB29A42014602D00831F5F775BD7047C6
:10AA40008388C0889BB2C31A584258417047828895
:10AA500073B5C48895B2AC42C2F30E0202F118027B
:10AA600012D04189C689835A314499420EDB0DF1D7
:10AA70000601ADF80650F5F757FDBDF80600001BBE
:10AA800018BF012002B070BD0020FBE70120F9E7EC
:10AA900070B5C488068984EA0602C2F30E02034632
:10AAA000C4F30E0518300AB9B4420FD19C891A8834
:10AAB0000CB1465B921B914207DCDA7C2C440232DB
:10AAC000224410440A461A8270BD00221046FAE75A
:10AAD000F8B5038A002B38D08B4236D3C4888589D9
:10AAE00000F11803C4F30E041E1995B91D557570B5
:10AAF00085891E5B0D44ADB2314485811953D2B1B5
:10AB0000811DF5F711FD00238381002303820120BD
:10AB1000F8BD1E5BAE4204D04FF4F6711420F5F779
:10AB20004DFBC57C878A2644023535445E195F5348
:10AB3000857DB570DCE7C27C254402322A44991831
:10AB40009B5A83828B788375DFE70020E0E7838858
:10AB5000C2889BB29A4206D0428922B9C3F30E033F
:10AB600018331844704700207047C37C0233C8185C
:10AB700070470230704738B58388C2889BB29A42CA
:10AB800007D045892DB9011DF5F7CEFCC5810120FF
:10AB900038BD0020FCE703881380C388C3F30E038D
:10ABA000183303440B60808970470368002223B97F
:10ABB000C0E90132031D0360704759681B680A44ED
:10ABC000F5E7072970B5034604D84FF4EC7115205A
:10ABD000F5F7F4FA0068C0B144681A688C4206467A
:10ABE00010D0106860B901F10805AC420DD354686B
:10ABF00050501868651A541800686560505002E09B
:10AC00001346E9E714681C60304670BD0023C1E9B3
:10AC1000003203680B600160704730B590B18478F2
:10AC2000B1FBF4F304FB131300EB430252898A4295
:10AC300001D1D8B230BDC27822B900F10803D0B238
:10AC4000844201D8FF20F5E733F8025F8D4202F11C
:10AC50000102F4D1EEE78278038805324B4303EB1F
:10AC600042031844704737B50024CDE90044054637
:10AC70008DF806006846ADF80440F5F72DFEBDF8E6
:10AC8000044008B103B030BD29462046F5F700FE68
:10AC90000028EFD040F235211720F5F78FFA70B574
:10ACA0000D4609211E46FFF73DFE324604460921A6
:10ACB0002846FFF737FE40EA04031B0454BF00197F
:10ACC0004FF0FF3070BD01230370704710B5FF23B4
:10ACD0008B70C2F380035B00DBB2CA180124127DC3
:10ACE000032A08BF0133CA18147503F10C0401EBE1
:10ACF0008303002221F814205B688A70036082803D
:10AD000010BDF8B50C4684F00104640005461146F8
:10AD10001E46E4B2FF23837003191B7D012B06D06E
:10AD2000631CDCB250FA83F31B7D012B0AD105EBC7
:10AD300044073B8B3A8C9819904205DD2C44002344
:10AD40003B8323750020F8BD05EB84043246606820
:10AD50001844FEF7A7FC3B8B1E443E830023AB70D8
:10AD60000120F0E781F00101490010B5C9B2FF23CD
:10AD7000837043181C7D012C07D10C3120F8112061
:10AD800002221A750023837010BD0131CBB250FA34
:10AD900081F10C7D012C05D10C3320F81320022306
:10ADA0000B75EFE74FF499710920F5F707FA30B505
:10ADB0000246837803F0FF00F3B9137D022B19D00C
:10ADC000537D022B15D10346012089B1D5180C33D0
:10ADD00000242C7522F81340131803241C7502EB71
:10ADE00080035B680B6000F10C0332F813308B803A
:10ADF000012030BD0123E8E70020FAE730B5034623
:10AE0000827802F0FF00E2B99A7D022A17D0DC7D39
:10AE1000022C13D1032281B11D190C340020287596
:10AE200023F8140098180324047503EB82000C32F5
:10AE3000406833F8123008608B80012030BD032455
:10AE4000E9E70020FAE7037D012B01D1008B704771
:10AE5000437D012B0CBF408B00207047837D012B6D
:10AE600001D1808B7047C37D012B0CBFC08B0020AC
:10AE70007047027D022A01D1008B7047437D022B6F
:10AE800001D1408B7047032AF6D0032BF9D0002064
:10AE90007047827D022A01D1808B7047C37D022BCF
:10AEA00001D1C08B7047032AF6D0032BF9D00020C4
:10AEB0007047F5F701BEF5F74BBE10B5044638B143
:10AEC000F6F736FF24EA0000B0FA80F0400910BD22
:10AED0000120FCE71FB50022009240F6881303A969
:10AEE000FBF708FC05B05DF804FB10B501F0EFFCC2
:10AEF00060B1F6F78BFB044601F042FE40B92046F4
:10AF000001F03AFE80F00100C0B210BD0120FCE764
:10AF10000020FAE72DE9F04385B006468846008810
:10AF200002A900F06BFD054640BB039C94F8593123
:10AF300003F0FF051BB1B8F1020518BF012594F815
:10AF40008630262B94F8D93043EAD3030CBF85F022
:10AF500001094FF00009DB0702D4B9F1000F3BD023
:10AF6000B77817B9F6F7E4FE0746F078B0BBF6F706
:10AF7000DFFE3FB9B9F1000F29D10925284605B0F8
:10AF8000BDE8F0830028F5D0FF2384F825310DBB00
:10AF900094F8243103F0FF05E3B984F8270184F81D
:10AFA000248184F82671B3788DF80430F3788DF815
:10AFB00005303379727901A943EA02232046ADF8BE
:10AFC000063000F0F1FC002384F82531D6E700209C
:10AFD0000746D9E73A25F6E71A25CFE7002FD3D160
:10AFE000C8E7406890F8AA3123B1002380F8AA315D
:10AFF00001F05EBB70471122027041F25703C2702C
:10B000005922A0F801308280C3800020704708B523
:10B010000821F5F713FA002008BD73B5064600882D
:10B0200008800C4680B2694600F0E8FC054640B94D
:10B03000B3784BB9019B93F97000A070FAF730FA1E
:10B04000A070284602B070BD7F20FFF743FFF4E7F1
:10B0500010B504466FF07F00FFF73CFFFAF720FAC7
:10B0600020707F20FFF736FFFAF71AFA6070002091
:10B0700010BD10B50446F6F7C9FA01F07AFDFAF7EB
:10B080000FFA2070002010BD08B50A46072300F112
:10B090001001FEF725F9002008BD10B50146044651
:10B0A0000020F6F701FF08B92060A080002010BD45
:10B0B00010B50446F6F70CFE28B900202146F6F735
:10B0C000DBFE002010BDFFF710FF0028F5D10C209B
:10B0D000F8E710B50446FFF708FF28B10120214624
:10B0E000F6F7CAFE002010BD0C20FCE737B500883B
:10B0F0000C460D4624F8020B694680B200F07EFC37
:10B1000070B9019B03F18E0283F8C30011682160BE
:10B110001179217193F8C3100029F5D103B030BD26
:10B120000023C5F802302371F8E713B500880880C2
:10B130000C4680B2694600F061FCC8B9019B83F8F7
:10B140006A0093F86820012A06D0022A04D040F24F
:10B1500011310620F5F732F8A27093F86920012A20
:10B1600001D0022AF3D1E27093F86A20002AE6D1D6
:10B1700002B010BD10B58388022B044610D8C078E9
:10B18000FFF79BFE08B9112010BDA078FFF795FED0
:10B190000028F8D020460121BDE81040FFF7BABED4
:10B1A0001220F1E737B58378C178027903F0010402
:10B1B00051EA040503F002031DD052EA03051AD038
:10B1C000002C18BF0021002B18BF00228DF803208F
:10B1D000037842788DF8021043EA0223ADF800307C
:10B1E00043798279684643EA0223ADF80430FFF7D9
:10B1F000C1FF03B030BD1120FBE713B50C46694613
:10B2000000F0FCFB20B9019BB3F87E3001332380B2
:10B2100002B010BD07B50088694600F00BFC30B9DC
:10B22000019B93F82B2112B9FF2283F82B2103B045
:10B230005DF804FB10B50446F6F774FD206061600C
:10B24000002010BD37B50446F6F7E0F923781F2B30
:10B25000054618D8816A04226846FFF737FD224662
:10B26000A86A12F8013B0021FFF74BFD68B1AC6AF8
:10B270002046FFF7F3FD002102462046FFF772FD4E
:10B28000002003B030BD1220FBE70720F9E737B5F7
:10B290000446F6F7BBF923781F2B054618D8816AB8
:10B2A00000226846FFF712FD2246A86A12F8013B09
:10B2B0000121FFF726FD68B1AC6A2046FFF7C3FD08
:10B2C000012102462046FFF74DFD002003B030BDAE
:10B2D0001220FBE70720F9E710B5044634F8020B0B
:10B2E0000880002180B2F5F7BDFA20B12146BDE803
:10B2F000104001F022BE022010BD008808B5088071
:10B30000002180B2F5F7AEFA20B1BDE80840002177
:10B3100001F013BE022008BD13B5008808800C465A
:10B3200080B2694600F06AFB18B9019BB3F8B030EF
:10B33000638002B010BD37B503880B80044698B215
:10B34000638813B9122003B030BD694600F056FB84
:10B350000028F8D16588019B42F21072A9B29C695D
:10B360005143DA8D62431C8C04FB02229142E9D3E3
:10B370009A699C699442FBD10022C3F8A820621EFE
:10B380000A44A3F8B050B2FBF4F2C3F8AC20DAE7F9
:10B3900010B50C460021F5F765FA90B1022C12D8D1
:10B3A00004F00102C4F3400480F8AD2180F8AC4100
:10B3B00012B190F8AA310BB9002010BD01F078F954
:10B3C000FAE70220F9E71220F7E710B50446007803
:10B3D000FF280AD00121F5F745FA58B16378A27821
:10B3E00043EA0223C383002010BDB4F80100F8F73C
:10B3F000F5FBF8E74220F7E708B50078003818BFFA
:10B400000120F8F7EFFA002008BD10B50446F6F762
:10B41000FDF86178C1F3400201F0010101F0CAFBBF
:10B42000002010BD0820F6F771BC01F0B1BD10B5C9
:10B43000044604B910BD236898476468F9E70368B7
:10B440000BB9016070471A465B6813B18A42FAD1A2
:10B4500070478A4218BF5160704708B5F8F7BCFFC3
:10B46000F8F7B2FABDE80840F8F79EBF08B500202B
:10B47000FFF7F9FBF5F7BAFAF6F7B8FCF5F770FF46
:10B4800020B140F221119320F4F798FE08BD08B5D1
:10B49000F8F768FAF8F776FF20B140F241119320EF
:10B4A000F4F78CFEBDE808400120FFF7DCBB08B5CF
:10B4B000FFF7EDFF01F029FD20B14FF4AB719320B0
:10B4C000F4F77CFE08BDFBF77DBD0B46122203F8A6
:10B4D000032BD0F80920C1F80320427B1A71704772
:10B4E00037B504460D46F6F7ABF818B36FF4A873FA
:10B4F000E01802210388ADF8003034F8ED3CADF8D7
:10B500000230684634F8EB3CADF80430FFF702FD3A
:10B5100018B14221AE20F4F751FEADF800009DF8BD
:10B520000030002063F307009DF8013063F30F2023
:10B5300003B030BD18232B70D4F80930C5F80330A0
:10B540000423ADF80030EAE738B5436893F82421C6
:10B55000012A04460D4612D11E21F6F70BFC636842
:10B560008DB1182283F80921092283F8852093F8E8
:10B57000C230E3B940F2DA21AE20F4F71FFE002218
:10B5800083F82421EBE793F88620A2F12401062911
:10B5900001D9322A05D1002283F88620204600F006
:10B5A000E1FC20461821BDE8384000F003BD002032
:10B5B00038BD08B5436893F885201AB18521AE20BF
:10B5C000F4F7FCFD242283F8852008BD034610F023
:10B5D000010002BFC3F340035B00D8B270472DE9FE
:10B5E000F84F074610461E46FFF7F0FF8346084611
:10B5F000FFF7ECFF42EA01044BEA04040443E4B21F
:10B60000003C0A9D88469246814618BF0124F6F701
:10B610008FFB10EA0A0A18BFDA46F6F789FB97F89B
:10B62000683010EA080118BF4946534508BF4FF07B
:10B63000000A85F800A097F869308B4208BF002106
:10B6400069705AEA01010BD1B7F87E30013EF61A53
:10B65000B6B247F6FD739E428CBF002404F001048D
:10B660002046BDE8F88F70B5446894F88650A5F17F
:10B670002403062B064645D9322D43D0002D3FD159
:10B6800094F88530292B3DD04B7813F007032DD04B
:10B690008A7812F0070229D084F8612084F860309B
:10B6A00094F82531D3B994F82431012B16D094F8AD
:10B6B000602094F869309A421ED194F8612094F881
:10B6C00068309A4218D10223B4F8642084F82431F7
:10B6D000B4F86630A4F82621A4F82831262384F88B
:10B6E0008630304600F034FC284670BD304609787C
:10B6F000BDE8704000F05EBC3046F6F763FBEDE756
:10B700000125F1E72025EFE72DE9F04F456895F891
:10B7100085B0ABF12503D3F1000848EB0308052AF7
:10B7200087B004466FD195F88630272B71D18635C6
:10B730008A784F78039207F0070902F0070A09F1A7
:10B74000FF330AF1FF3003EA090300EA0A0003436A
:10B7500064D1B1F80360F6F7EBFA039A174307F0E8
:10B76000070787435AD15046FFF730FF6768A8B1F3
:10B7700097F86830984211D097F826211AEA020FFC
:10B780004CD0BBF1250F09D097F861201AEA020FBF
:10B7900004D1022870D1013B012B71D84846FFF734
:10B7A00015FF40B197F86930834204D097F82731EC
:10B7B00019EA030F32D005AB0093384633465246A0
:10B7C0004946FFF70CFF6368074668BB93F82421DE
:10B7D000012A26D101462046F6F7CCFA2F7063687D
:10B7E00003F18602954202D1002283F88620636825
:10B7F00003F18602954239D1204600F0B3FB0020C8
:10B8000007B0BDE8F08F414607B0BDE8F04FFFF745
:10B810009BBEBBF1250F2DD1853589E741462046DA
:10B82000F2E783F82401DAE7B3F87E20A3F85C623C
:10B83000013EB61AB6B247F6FD72964206D92822E4
:10B8400083F8A7202046F7F7CFF9D0E793F88620B2
:10B850000D2A02D00A3A012A01D82A22F0E7BDF8BF
:10B860001420A3F85E2229232B70C0E7002283F85E
:10B87000C220C4E70220C3E7012B8FD0022BCDD01A
:10B880004FF4E4710620F4F799FC08B5436893F887
:10B890008620262A05D022B140F24541AE20F4F799
:10B8A0008DFC272283F8862008BDF6F79FBA7047E3
:10B8B00030B542401C7808785D7860404C786C4028
:10B8C00020449D788C786C402044DD78CC786C40A6
:10B8D00020441D790C795B7949796C4020444B40B8
:10B8E00018441044B0FA80F0400930BD02460020F0
:10B8F0000139C9B2FF2900D17047535C83F00103BD
:10B900000344D8B2F4E708B5F6F7F4FA082803D0F0
:10B91000BDE80840F6F710BB08BD08B501F045FBCF
:10B9200018B1BDE80840F9F77FBE082008BDF8B59A
:10B93000D0E9047605460C46FCF7D4FD18B954212D
:10B940002920F4F73BFCE4B1D5E90423D21B63EBD7
:10B950000603012A73F100014FF0000113DB6FF0C1
:10B9600001009042994101DA5E21E9E7631E134428
:10B97000B3FBF4F35C43E41946F10006C5E9044661
:10B980001C462046F8BD0C46FBE7022905D13C28A1
:10B9900008D980100F3880B27047702802D9C010C3
:10B9A0000E38F8E70020704738B50D460446F6F724
:10B9B000BFF92B78002B08BF034684F864306B78FE
:10B9C000002B08BF034684F865306B88A4F8663006
:10B9D00038BD012908B5034605D002290BD0D8216E
:10B9E0002920F4F7EBFB40F6C41040F2E242002BB2
:10B9F00008BF104608BD40F6C410FBE710B50C4662
:10BA00000021F4F72FFF606018B10123237000209C
:10BA100010BD0220FCE7436893F88400C0B293F89D
:10BA2000A6302BB900F0FB00003818BF012070478A
:10BA30000020704710B50C46FFF7E0FF38B92046EC
:10BA4000FFF7E9FF80F001004000C0B210BD022006
:10BA5000FCE7C2B292FAA2F2030A93FAA3F31B0E16
:10BA6000100E40EA0320704770B50131C9B20530AD
:10BA7000002210F8013F8B4216D310F8054C00232A
:10BA8000012505FA03F626421CBF01F1FF31C9B2B8
:10BA900069B10133082BF4D10132D2B2052AE8D1C1
:10BAA0009B214620F4F78AFBC91AC9B2F4E703EBDD
:10BAB000C200C0B270BD0B6870B5C0F801300B7920
:10BAC00003F01F03437100230446C3720546461D5D
:10BAD00015F8010F00F022FA6871E37AB5421844B4
:10BAE000E072F5D170BD70B581EA11418CB20546A6
:10BAF000C17A032682EA0400FFF7ABFF013E00EBA8
:10BB00000010221816F0FF0690B2F5D1444025220D
:10BB1000B4FBF2F302FB1343C3F3C4022A44D8B2CA
:10BB2000567803F00703012202FA03F31E4207D1FD
:10BB300061432846C1F30741BDE87040FFF794BF59
:10BB400070BDF8B590F820506B1E242B044603D925
:10BB5000E1214620F4F732FBDAB1407D002843D1E1
:10BB600094F8223094F8211002FB01322523B2FB15
:10BB7000F3F103FB1123DBB204EBD30284F8223090
:10BB8000917D03F007060122B240114202D084F8F1
:10BB90002330F8BDB3FBF5F205FB1233013303F09C
:10BBA000FF0304F11A0111F8012F9A4219D311F879
:10BBB000055C0022012606FA02F72F4208D0013B5D
:10BBC00013F0FF0304D102EBC00284F82320E0E766
:10BBD0000132082AEFD10130C0B20528E3D1D721C4
:10BBE000B7E79B1ADBB2F6E7E288C96904F11500F2
:10BBF000FFF779FF84F82300CBE70378890123F06E
:10BC0000400301F040010B4303707047037803F0D9
:10BC10007F0343EAC113037070471F2A38B50546F6
:10BC2000144603D9C2212A20F4F7C8FA0930063491
:10BC3000FDF738FD6C7038BD1F2A38B5054614462F
:10BC400003D9E4212A20F4F7B9FA09300634FDF7C4
:10BC500029FD6C7038BD037803F00F03032B0246F7
:10BC60003ED0052B42D1C37F90F82000034392F8C9
:10BC70002100034392F82200034392F8230000F0CE
:10BC80001F00184333D05378222B2FD1B2F819302C
:10BC9000B1B1B3F5506F13D940F607518B4225D897
:10BCA000B2F81B30B3F5FA7F20D2B2F81D000A3883
:10BCB00080B240F6764398428CBF00200120704746
:10BCC000991F89B240F67A4081420FD8917D481E73
:10BCD00007280BD8994209D2B2F817109942DEE72B
:10BCE0004078A0F10C03584258417047002070473B
:10BCF0008388A1B1B3F5506F11D940F60752934232
:10BD00001CD8C388B3F5FA7F18D200890A3880B2EC
:10BD100040F6764398428CBF0020012070479A1F5E
:10BD200092B240F67A418A4208D84278511E0729D9
:10BD300004D89A4202D242889A42E1E70020704732
:10BD40004378C3F30111012910B502460ED0022930
:10BD500015D0047803F00F00131D5288022144EA25
:10BD60000020F6F743FB38B1012010BD047803F042
:10BD70000F00131D5288F2E7F6F718FDF4E70020D4
:10BD8000F3E702230B7001238B707047F6F7E6BBD5
:10BD900010B521B94FF42A711020F4F70FFA4A6058
:10BDA0000B72EFF3108472B6031D0B6042681AB178
:10BDB000127A012A08BF036003681960016004B9A0
:10BDC00062B6BDE81040F6F713BC0222F6F7DCBC01
:10BDD0000322F6F7D9BC0422F6F7D6BC0222F6F706
:10BDE00017BD11230B706FF49A7318440388A1F8E0
:10BDF0000330838FA1F80530B0F84030A1F8073048
:10BE0000C38FA1F80930B0F84230A1F80B30704769
:10BE1000012908B503D10E30C00080B208BD022947
:10BE200002D10F308000F8E740F245210620F4F7F8
:10BE3000C5F940687047C08A704710B58A880B8979
:10BE4000CC884988A0F85010A0F85440A0F852209F
:10BE5000A0F8563010BD38B5C58B438C04469D42C2
:10BE6000007A28BF1D46FFF7D3FF6389AB4228BF86
:10BE70002B46984238BF184680B238BD2DE9F041B4
:10BE800006460F468089194698461446FFF7C0FFBC
:10BE9000414605463046FFF7DEFF854228BF05468E
:10BEA0009DF81810B08AFFF7B3FFF38A834228BFCA
:10BEB0000346ADB2A01D15FA83F338441844BDE81B
:10BEC000F08107B590F86930009390F8683000224F
:10BED00096213030FFF7D2FF03B05DF804FB38B590
:10BEE0000D4619461446FFF7ECFF96342044A8424D
:10BEF00094BF281A002038BD38B50D4611460446B7
:10BF0000FFF7DFFF2844606338BD01F19C038342E3
:10BF10003DBF9C38401A40080020704700F0550390
:10BF2000400800F05500034403F033009B0803F081
:10BF30003303034403F00F0000EB13107047436812
:10BF4000002283F8852083F8C220A3F8BE20704722
:10BF500043680022A3F8C42093F8C620013283F876
:10BF6000C620704708B5426892F8C630013B5BB204
:10BF7000002B82F8C63003DA52214A20F4F71EF96A
:10BF800008BD436883F80B1183F80A217047A0F1BC
:10BF90000A03042B0CD9A0F14803012B08D9A0F106
:10BFA0002403322818BF062B94BF012000207047BD
:10BFB000012070474268936F10B513F0080408D150
:10BFC00043F00803936782F80811FFF7C1FF20468A
:10BFD00010BD0120FCE730F8023CF7B530F89E7C3C
:10BFE00005460E4673B1012268468DF80020ADF873
:10BFF0000170ADF80330F5F7B1FB18B1952163205E
:10C00000F4F7DCF8082300243370B470A6F803704A
:10C010006B7A55F88A0C7371FEF712FD08B9BA21D4
:10C02000EDE721463846F4F733FC4FF4017303F093
:10C030000402204662F307001B0A63F30F2003B0DB
:10C04000F0BD436893F88720063A012A81BF4A78F9
:10C0500083F88820062283F88720002070474268F2
:10C0600092F88730063B012B84BF072382F8873084
:10C07000704770B5426892F88650F5B9CB88B2F82F
:10C080007E60A2F85C32013B9B1B9BB247F6FD76BB
:10C09000B34206D9282382F8A730F6F7A5FD284633
:10C0A00070BDD1F80130C2F85E324B7982F862324D
:10C0B00043680A2283F88620F1E70125EFE70B4663
:10C0C000062203F8032BD0F80920C1F80320D0F88A
:10C0D0000D205A60427C1A720023CB70704770B5F5
:10C0E000436893F8865006460C46002D3DD12946FC
:10C0F0002046FFF7FDFD28B921783046BDE87040A5
:10C10000FFF758BF72686389B2F87E10A2F85C32FC
:10C11000013B5B1A9BB247F6FD718B4207D928237E
:10C1200082F8A7303046F6F75FFD284670BDA38839
:10C1300040F2E2414B43C2F864326378C3EB4310F0
:10C1400003EB800303EB83035B00A2F85E3263889A
:10C150004B43C2F86032E388A2F868322389A2F820
:10C160006A320D2382F88630DFE70125DDE70923F7
:10C170000B70D0F80930C1F8023070470B460A2224
:10C1800003F8022BB0F809204A80C27A9A707047EF
:10C1900038B5436893F88640054634B1113C0F2CFE
:10C1A0008CBF01240824204638BD93F88B30002B27
:10C1B000F9D0FFF7CDFE6B68112283F88620F2E7F5
:10C1C00008B5436893F88620162A04D04FF4FE7110
:10C1D0001F20F3F7F3FF012283F8C720182283F80A
:10C1E000862008BD436893F88620122A03BF1322D5
:10C1F000002083F886200220704710B5436893F82A
:10C2000086301C2B044607D1FFF7ACFE6368202262
:10C2100083F88620002010BD0220FCE708B54368A3
:10C2200093F88620112A04D040F227211F20F3F72B
:10C23000C5FF012283F8C720122283F8862008BD9B
:10C2400008B5436893F88620182A04D040F22F21BD
:10C250001F20F3F7B3FF1C2283F8862008BD0B468E
:10C26000052203F8032BD0F80920C1F80320D0F8E9
:10C270000D205A60B0F811201A81C27C9A72704762
:10C2800008B5436893F885201AB1CD211C20F3F737
:10C2900095FF042283F8852008BD426808B5936F96
:10C2A000D90703D4DB211C20F3F788FF23F0010317
:10C2B0009367BDE80840FFF755BE0C23A0F59670C4
:10C2C0000B7003884B807047436893F885200F2AD2
:10C2D00001BF002283F8B22083F8C22083F88520B2
:10C2E0000020704738B54568AB6F13F0040407D1E0
:10C2F000FFF72EFEAB6F43F00403AB67204638BD5B
:10C300000120FCE74268936F23F004039367FFF773
:10C3100029BE08B5436893F885201AB172214B20D5
:10C32000F3F74CFF0F2283F8852008BD10B5D0E944
:10C330000C42A24206D30B8CC98D05334B43121B12
:10C34000934202D3012380F83A3010BD01230B70D1
:10C3500000238B7030F8CA3CA1F80330437A4B714C
:10C360004389CB8083890B81704710B5446894F86A
:10C37000C9309A070ED494F885301BB1772140203C
:10C38000F3F71CFF012284F8852084F8C220A4F86A
:10C39000BE3010BDA36F9B0705D5FFF7E3FDA36F6C
:10C3A00023F00203A367002384F82A31F1E710B5D4
:10C3B0000B794C790A68012843EA042108BF41F44B
:10C3C0008031104610BD07B5FFF7F1FF0DF10702F0
:10C3D000F6F732FE03B05DF804FB07B5002301A8B1
:10C3E0000193FAF757F9019810F0030018BF0120E4
:10C3F00003B05DF804FB08B5FFF7EFFF002814BF9A
:10C400001420002008BD10B5F9F766FF0446FFF7B9
:10C41000F2FF04F55F43D9304FF47A724133B3FB36
:10C42000F2F3184410BD10B5044690F86900FFF708
:10C43000EAFF012201462046BDE81040FFF75CBD3F
:10C440007FB5044618B9A7213020F3F7B7FE0529B8
:10C4500000F2BF80DFE801F003B72C27BDB290F8EF
:10C46000F031B0F87E20ABB1B0F8EE31934208BFA6
:10C47000B0F8A4319A1AA0F8A621A4F87E30D4E925
:10C480008C232046C4E98E23F8F70CFF94F8AB31D7
:10C4900004B070BDB0F8EC319B1AA0F8A631B0F82A
:10C4A000EC319BB2E9E704B0BDE87040F9F716BE85
:10C4B000FAF708FED4E98E23801A61EB0301012804
:10C4C00071F1000302DA4FF4C161BDE76FF00103BF
:10C4D00083424FF000038B4102DA40F20961B3E777
:10C4E000A3690BB1B0FBF3F394F88610B4F8EE2116
:10C4F0000D2932D10132A4F8EE21B4F85232B4F849
:10C500007E500133A4F85232B4F8B6301D44B4F86A
:10C51000B430013DED1AADB202AEB4F8EE116B1AB3
:10C52000180435D4002300961A462046F6F730FE4C
:10C530000128ADD1B4F8EE21B4F8A011BDF808304F
:10C540001344521A12049BB204D5EA1A12F4004F93
:10C5500018BF0B46A4F8EE31DFE7B4F87E100B44A9
:10C560009BB2D11A0D044DBF0133013293B29BB27D
:10C57000A4F8EE3194F8F131002BBED1B4F8A43117
:10C58000B4F8EE21934204BF0133A4F8EE31B4E7CE
:10C5900094F889300394002B14BF08233E2384F8B9
:10C5A000A730304601238DF80830F6F71DFB2046F2
:10C5B00000F0B4FC002384F8843069E704B0BDE8DF
:10C5C0007040FEF778BC90F88430042BF2D0C8217C
:10C5D0003AE7CD2138E713B5002380F88430A0F87E
:10C5E00050321A46009319460446F6F7D1FD20B1A1
:10C5F00040F2E9113020F3F7E1FD012384F88430A3
:10C60000C4F8D801C4F8D001A4F8EE01A4F8EC01F4
:10C6100084F8F101B4F87E30A4F85202013BA4F88A
:10C620007E3002B010BDD0F8E800704738B504463F
:10C6300090F828319BB1FF2380F83031012100F0C0
:10C64000B6FA94F8283153B104F1C0052846FBF737
:10C650002BFF2846FBF766FF002384F828310020D3
:10C6600038BD08B590F8302142B990F8EC2042B1BD
:10C67000D0E93C31994202D9F7F7F0FF0022104689
:10C6800008BD0122FBE710B50446FFF7B4FEA2691E
:10C69000236B9A4228BF1A4600F5F2711046FFF745
:10C6A00034FC40F64803984228BF184680B210BDBB
:10C6B0007FB5044690F8AB3103F0FF05002B5AD14B
:10C6C00090F88430032B56D1FAF7FCFCD4E98E2382
:10C6D000801A61EB0301012871F100034BDB6FF05D
:10C6E0000103834275EB010104DA40F2B1513020BD
:10C6F000F3F764FDA269B4F87E300AB1B0FBF2F240
:10C70000013313449BB2A4F8EC31B4F8EC21B4F833
:10C71000A4319B1A1BB2002B2DDD04F5FC70FBF736
:10C72000C3FE40B3FF2384F8F131B4F8B630B4F857
:10C730007E501D44B4F8B430013DED1AADB20DF198
:10C740000E06B4F8EC31EB1A1B0414D4B4F8EC1157
:10C7500000960023012289B22046F6F719FD012830
:10C7600009D1B4F8EC31BDF80E2012FA83F39BB274
:10C77000A4F8EC31E5E704B070BD2DE970430C4638
:10C780001546EAB9F9F7BAF9D4E94689064684F8B4
:10C79000EC5084F828510121D4F8E800F5F7ACFDFD
:10C7A000D4F8E800C0E98E89C0E99289C0F85462E3
:10C7B000FFF711FFF9F776FBBDE87043FBF7E6BD25
:10C7C00040F2CB713020F3F7F9FC70B5044621B18B
:10C7D000012978D040F2DB7172E000F01DF994F885
:10C7E000293105460E46DBB150EA010318D0D4E9E1
:10C7F0003E32D4E94601C01A61EB020133462A46B3
:10C80000FCF7BCFE05FB01F300FB0633A5FB0002B1
:10C810001344D4E93E21121843EB0103C4E93E233B
:10C82000E08B30B1F6F764F8E38BB0FBF3F202FB78
:10C830001300D4E93E32ED1846EB02062D184FF0F6
:10C84000000346F1000640F20242C4E93E56C4E944
:10C85000465684F80831A4F8102184F8293194F858
:10C86000303103F0FF01DBB9D4E948026FF0004337
:10C870009A4208BFB0F1FF3F18D02046D4E946568F
:10C8800000F0BFF8D4E94832E5305B1B62EB0602EA
:10C890001B1A62F10002002A08DA2046F7F7DEFED2
:10C8A000F9F700FBBDE87040FBF770BD04F584713B
:10C8B00004F1C000FBF784FD0028F1D14FF4E161E1
:10C8C0003020F3F77BFC002380F8EC30E8E707B575
:10C8D0000023CDE9003301238DF806306846F3F7D5
:10C8E000FBFF18B1002003B05DF804FB009B93F838
:10C8F0002831002BF2D00120F5E790F8280100380C
:10C9000018BF012070470B46142203F8032BD0F800
:10C910000920C1F80320D0F80D205A60704738B5BF
:10C920000B46102203F8032B0C4600F109022930B4
:10C9300052F8041B43F8041B8242F9D112781A7092
:10C94000A5880123A37100212846F3F78BFF58B176
:10C95000E3784BB100212846F3F79AFF20B140F26B
:10C9600033212D20F3F72AFC38BD0121F7F70CBC49
:10C97000FFF7FBBF90F872300BB10120704790F8C1
:10C98000AA2002F0FF03002AF7D190F89C20184655
:10C99000704737B504460D464FF49C720021FCF7F2
:10C9A00041FEFF2323701323638042F21073E3835D
:10C9B000F4F754F800220146A0626846FEF786F9B3
:10C9C000A06A00220121FEF7CDF9A16A684604227F
:10C9D000FEF77CF90022A06A1146FEF7C3F904F1C4
:10C9E0002000A57403B0BDE8304000F01AB9FF2361
:10C9F000886A0B70FEF767B90078FF3818BF01200E
:10CA0000704710B50446203000F061F96188282293
:10CA1000F7F756FE6D3010BDD0E9020170472DE9E1
:10CA2000F04F07460C4606460FCF8FB006AD0FC538
:10CA300097E80F000DF1100885E80F00404600F060
:10CA4000F0F8677894F8149094F80AA094F800B07D
:10CA500007F07F05B9F1010F2F4607D0B9F1020F9A
:10CA600004D040F227310620F3F7A8FB617A404654
:10CA700000F0DEF8237D227F022B08BF617D02F1EA
:10CA8000010206BF0131C9B20121D2B2404600F015
:10CA9000D1F815F0080360D14046019300F017F972
:10CAA00028223946F7F70CFEE578019B00F2D722E1
:10CAB000207945EA0025607940F2712145EA004578
:10CAC0004D43B2FBF1F24A43AA420AD9E079A57973
:10CAD00045EA0025207A45EA00454D43954228BFA6
:10CAE0001546227E0393531E5A425A41A17CB06AD6
:10CAF00002910192FEF7BDF9B06AFEF7CAF9039BF5
:10CB0000019A02998DF818B0ADF81A7008958DF851
:10CB100028208DF82B108DF82CA08DF81C900993EF
:10CB200006AF0FCF35460FC597E80F0085E80F0019
:10CB300098E803003062B184E37A03F0FD03003B20
:10CB400018BF012386F84F30E3683365238AA6F8BF
:10CB5000543000200FB0BDE8F08F00252B46C0E711
:10CB60004FF40043C38443881D2B08BF0021417448
:10CB7000704790F912007047408800F0010070473C
:10CB80008078C0F3400070478078C0F3C0007047E1
:10CB900090F8483081614B72D0F84930C1F80A30C2
:10CBA000B0F84D30CB8170477047F7F767B880F821
:10CBB000681070470177427770478278034612F019
:10CBC000010002D0D978C90710D5900702D5D978CD
:10CBD00089070AD512F0040008D0D878C0F3800085
:10CBE00080F001008000C0B2704702207047C0F39F
:10CBF0004002C0F38003134400F001001844704762
:10CC0000022808B507D0042807D0012807D0392109
:10CC10002E20F3F7D3FA262008BD2720FCE7252095
:10CC2000FAE70023C0F80230012343700370704715
:10CC30008170704710B54270017080781446FFF71C
:10CC4000D6FF10FB01F010FB04F2FE2A03DD5C218D
:10CC50002E20F3F7B3FA10BD0023C37043710371A4
:10CC6000704710B50446FFF7A8FF63796278013377
:10CC7000DBB29A4263710FD1E378A1780343DBB250
:10CC80009942E37008BF23794FF0000208BF0133D7
:10CC9000627104BFE2702371BDE81040FFF7B0BFBE
:10CCA00038B501468078FFF7A2FF0446C8784D7872
:10CCB000FFF79DFF0A790B789B1A13FB05F34A795E
:10CCC00013FB04F39B1A00FB1530C0B238BD08B546
:10CCD00001468078FFF78BFF4B780A7813FB02F34D
:10CCE00013FB00F0C0B208BD40F2EF20704740F2E5
:10CCF0005A335843704738B553680E3814460D46BA
:10CD000093F88520092840D8DFE800F0053F3F3F31
:10CD10000F3F183F3F27042A05D12046FFF70FF9A0
:10CD20002046F6F7C7F8002038BD0F2AFBD10022B5
:10CD300020461146BDE83840FFF7C6BA212AF2D195
:10CD40002046FFF7FCF8002DEDD0626892F8D8304D
:10CD500023F0200382F8D830E5E793F88620272ACD
:10CD6000E1D1002583F886502046FFF7FBF8636881
:10CD700093F82431012B03D129462046F4F7FAFF1A
:10CD80006368002283F82421CDE740F26E21312030
:10CD9000F3F714FA08B590F80E31FE2B04D040F6E4
:10CDA00032113120F3F70AFA002380F80E1180F8CF
:10CDB0000F3112B9A0F8C42008BDA0F8BE3001237D
:10CDC00080F8C230F8E708B5436893F88620182A3F
:10CDD00004D040F27A513120F3F7F0F91E2283F8A3
:10CDE000862008BD08B5436893F88620362A06D108
:10CDF000002283F88620BDE80840FFF7B3B8182A60
:10CE000003D11E2283F8862008BD40F28F513120C5
:10CE1000F3F7D4F908B5436893F88520092A0BD1B4
:10CE200093F8091193F81021914205D1002283F85B
:10CE3000852083F8C22008BD9A6F110706D522F01D
:10CE400008029A67BDE80840FFF78CB840F27451B9
:10CE50003120F3F7B3F9C37C63B9837BA3F11002EC
:10CE6000032A07D990F8500028B1202B8CBF00204E
:10CE7000012070470120704702464068497890F8C9
:10CE80008530212B14D00BD8042B13D00F2B13D0AB
:10CE900090F88630272B0CBF1720FE20F7F74EBEE8
:10CEA0002C2B0BD0322B01D0252BF1D11620F5E7FE
:10CEB0001420F3E70E20F1E71220EFE72320EDE73F
:10CEC000024640680B4690F8D81041F0040180F803
:10CED000D81099785878F7F731BE38B50C46054622
:10CEE000D1E90401F3F76EFD94F884303BB104F509
:10CEF000FC742046FBF7D8FA2046FBF713FB2846C4
:10CF00000221BDE83840F3F7C3BC0020704708B5E4
:10CF1000F5F738FDBDE80840F5F7CABE002280F8F5
:10CF2000852080F8862080F8892090F8AB3113B1F5
:10CF30000221F6F76BBD0321FBE738B5044608462E
:10CF400094F8583213B10C25284638BD94F8863031
:10CF5000162B01D0182BF6D194F8743203F0FF058C
:10CF6000002BF0D190B194F8C63123B940F61531B9
:10CF70003120F3F723F9052304F1F00204F5DB7106
:10CF8000FCF7AEF9012384F85832DDE70223FAE713
:10CF9000F5F758BD08B5F8F77FFDF8F773FBF8F71C
:10CFA000CBFABDE80840F9F7FBB910B5C824F8F78B
:10CFB00023FB022808D1013C14F0FF04F7D106201E
:10CFC000F5F702FC204610BD431E58425841FAE7CF
:10CFD0004FF08053D3F8A00000F0010070474FF0ED
:10CFE0008053D3F8A420D3F8A830511C9BB203D1AE
:10CFF0004FF6FF718B4203D002608380012070479F
:10D00000002070474FF0805330B5D3F89050D3F8DC
:10D010009440D3F89810D3F89C2005EA04030B4001
:10D02000134001331FBF056044608160C2600CBFC4
:10D030000020012030BD4FF0805330B5D3F8805030
:10D04000D3F88440D3F88810D3F88C2005EA040381
:10D050000B40134001331FBF056044608160C26014
:10D060000CBF0020012030BD10B5F8F74FFD04467D
:10D07000FAF786F9201841F1000110BD10B50446F9
:10D080000846F9F729F94FF47A73B0FBF3F0201A48
:10D0900010BD10B504460846F9F71EF9023C00F22F
:10D0A000E7334FF47A72B3FBF2F3E01A10BD08B520
:10D0B000FCF7C8F9BDE80840F9F7C6BB801A00F3D1
:10D0C000070038B540B20D4659B21446F9F7ACFB2B
:10D0D000002328706B70204440B238BD00230360E9
:10D0E00070477047002070474FF0FF3070474FF097
:10D0F000FF30704770474FF0FF3070470020704797
:10D10000002070470023037070479DF80030002214
:10D11000FFF7D4BF4FF0FF307047002070474FF04B
:10D12000FF3070474FF0FF3070477047C0B208B50E
:10D1300020B94FF0804301221A6008BD4D21B5206F
:10D14000FBF798FF0020F9F7D7BB4FF08043D3F8E7
:10D15000080400F0010070474FF08043D3F8140436
:10D1600000F0010070474FF08043D3F81C0400F03A
:10D17000030070474FF08042D2F81834D2F81824D8
:10D18000C3F3004302F00302824214BF002003F005
:10D19000010070470020F9F725BC0020F9F750BCCA
:10D1A0000020F9F7A9BB70B5FBF7F0FE0024054697
:10D1B0002646E0B2854200D870BDFBF7EDFE013493
:10D1C000068580F82A60F4E7F8B5037904461BB1B8
:10D1D0001B219D20FBF74EFF4679017126B90123E3
:10D1E0004371217909B96171F8BD2768267120461C
:10D1F000B84702280546F4D103212046B84708B1B4
:10D200002F21E6E723682946204698470028E8D0E2
:10D210003021DEE703460068884204D109B10A687C
:10D220001A600846704728B97047884202D10A68D8
:10D230001A60F6E7034600680028F6D170470346F7
:10D24000002018707047EFF3108272B60378012146
:10D25000DBB2017002B962B6012B0CBF6FF0220085
:10D2600000207047EFF3108372B60022027003B9FA
:10D2700062B600207047FCF7BFB8FCF707B9FCF7AF
:10D2800005B900280CBF6FF0150000207047002082
:10D29000704707230370002070470020704700206C
:10D2A0007047034611F8012B03F8012B002AF9D12E
:10D2B0007047034613F8012B002AFBD1181A0138D6
:10D2C00070472DE9F04786468C460846089E15466D
:10D2D00074461946002B40F0C2808542B2FA82F2B1
:10D2E00045D94AB1C2F1200300FA02FC2EFA03F339
:10D2F000954043EA0C0C94404FEA154EA8B2BCFB93
:10D30000FEF8230C0EFB18CC08FB00F943EA0C4393
:10D31000994528D9EB1808F1FF3704D2994502D96D
:10D32000A8F102072B44A3EB0903A4B2B3FBFEFC54
:10D330000EFB1C330CFB00F044EA0344A04214D95A
:10D340002C190CF1FF3304D2A04202D9ACF1020334
:10D350002C44241A43EA07401EB1D4400023346011
:10D360007360BDE8F0874746DDE76346F1E792BBAF
:10D37000431B01214FEA154EAFB2B3FBFEFC200C5C
:10D380000EFB1C330CFB07F840EA0343984562D9B7
:10D39000EB180CF1FF3004D2984502D9ACF1020031
:10D3A0002B44A3EB0803A4B2B3FBFEFC0EFB1C331F
:10D3B0000CFB07F744EA0344A7424ED92C190CF1A1
:10D3C000FF3304D2A74202D9ACF102032C44E41B80
:10D3D00043EA0040C0E7C2F1200320FA03F1954080
:10D3E00090402EFA03F303434FEA154EAFB2B1FB60
:10D3F000FEFC0EFB1C10190C0CFB07F841EA004167
:10D40000884504FA02F422D969180CF1FF3004D2DD
:10D41000884502D9ACF102002944A1EB08019BB276
:10D42000B1FBFEFC0EFB1C110CFB07F743EA0143AA
:10D430009F420ED9EB180CF1FF3104D29F4202D962
:10D44000ACF102012B44DB1B41EA004192E760464C
:10D45000E3E76146F7E76046A3E76346B7E7834241
:10D4600006D916B9002108467BE7C6E900E0F9E7CE
:10D47000B3FA83F78FB9834201D3724508D8BEEB64
:10D48000020460EB030301209C461EB9002168E7FB
:10D490003846FAE7C6E9004CF8E7C7F1200CBB4074
:10D4A00022FA0CF41C432EFA0CF120FA0CF3B840CB
:10D4B00001434FEA14490EFA07F5B3FBF9F81FFAD6
:10D4C00084FE09FB18300B0C08FB0EFA43EA0043FC
:10D4D0009A4502FA07F240D9E31808F1FF3004D266
:10D4E0009A4502D9A8F102002344A3EB0A0389B2AA
:10D4F000B3FBF9F809FB183308FB0EFE41EA0341C0
:10D500008E452CD9611808F1FF3304D28E4502D91B
:10D51000A8F10203214443EA0040A0FB0298A1EBDA
:10D520000E014145CE46434602D306D14D4504D2B5
:10D53000B9EB020E68EB04030138002EA6D0B5EB60
:10D540000E0261EB030101FA0CFC22FA07F34CEA2C
:10D550000303F940C6E9003198E74046C5E7434672
:10D56000D9E700000000000070B5394B1B7886B089
:10D57000002B4ED0374CA5680721EB682046984712
:10D58000002840D107212B696A4620469847064665
:10D59000002838D10598FCF78DFA27A3D3E900239A
:10D5A000FCF71CFC044604980D46FCF783FA02467F
:10D5B0000B4620462946FCF731F921A3D3E9002385
:10D5C000FCF7E2FA244C20A3D3E90023FCF7DCFAB1
:10D5D000FCF794FD2168FCF7E7FD4FF082412060E5
:10D5E0000546FCF74BFFB0B1304600F0B9FD2068AE
:10D5F0004FF08241FCF7D6FD20604FF4803217488F
:10D60000002308F073FB16484FF42472002308F03F
:10D6100039FB06B070BD4FF041412846FCF724FFAE
:10D620000028F0D0012000F09BFD20684FF08241DF
:10D63000FCF7BAFDE0E700BF0000000080842E4147
:10D6400000C2631ADCA54C407B14AE47E17A943FDC
:10D650003929002020B901001C260020B00000203C
:10D66000E0000020000000002DE9F04114460569AB
:10D67000B9B9B5F90000297B714D80FB0101A0FB10
:10D68000050647F6FF72002305FB0161FCF70AFF60
:10D690006C4A0023FCF706FF206062600020BDE8B2
:10D6A000F0810139062900F2C280DFE801F00407A9
:10D6B0000A4865686B00B5F90200DCE7B5F90400BB
:10D6C000D9E7B5F90000297B5D4E80FB0101A0FB85
:10D6D000060747F6FF72002306FB0171FCF7E2FE26
:10D6E000584A0023FCF7DEFEC4E90002B5F9020047
:10D6F000297B80FB0101A0FB060747F6FF72002390
:10D7000006FB0171FCF7CEFE4E4A0023FCF7CAFE71
:10D71000C4E90202B5F90400297B80FB0101A0FBEA
:10D72000060547F6FF72002306FB0151FCF7BAFE1F
:10D73000444A0023FCF7B6FE20616261AEE7B5F90A
:10D7400006302A8A83FB02523F4BA5FB035603FB9C
:10D750000266284638A3D3E900233146FCF7A2FE2F
:10D760003A4A2060002328463146FCF79BFE354AA2
:10D770000023FCF797FE90E7B5F90830E1E7B5F92B
:10D780000A30DEE7B5F906702B8A2F4E87FB03734C
:10D79000A7FB067806FB0388384627A3D3E90023B6
:10D7A0004146FCF77FFE294A206000233846414667
:10D7B000FCF778FE234A0023FCF774FE6260B5F99B
:10D7C00008702B8A87FB0373A7FB067806FB038888
:10D7D000384619A3D3E900234146FCF763FE1B4AF0
:10D7E000A060002338464146FCF75CFE154A002342
:10D7F000FCF758FEE260B5F90A302A8A83FB025230
:10D80000A5FB065306FB023628460BA3D3E90023EB
:10D810003146FCF747FE0D4A206100232846314679
:10D82000FCF740FE074A0023FCF73CFE85E76FF05B
:10D83000850034E7AFF30080006BC53F5D05000055
:10D840003AA3950040420F00D8EF2F004CFF59003B
:10D850002DE9FF470546D0F8109090460C4621B9B7
:10D860001AB9002004B0BDE8F08701230DF10E02C3
:10D87000402128460BF058FF0028F3D101230DF179
:10D880000F027D2128460BF04FFF0028EAD1FCB99A
:10D89000B8F1000FE5D099F80D20D8F80030072A2C
:10D8A00000F25881102B00F0768100F36881013B73
:10D8B000072B00F27881072B00F27581DFE813F067
:10D8C0006901670173015D017301730173016D01EA
:10D8D0006068FCF7EFF8B6A3D3E90023FCF77EFA03
:10D8E000064620680F46FCF7E5F802460B46304630
:10D8F0003946FBF793FF9DF80E40AF4B9DF80FA004
:10D90000002206460F4604F0F004FCF7C3FB40B1CA
:10D91000AA4B002230463946FCF7A8FB002840F00D
:10D920001381A64B002230463946FCF7B3FB40B1C9
:10D93000A34B002230463946FCF798FB002840F004
:10D94000FD809F4B002230463946FCF7A3FB40B1D7
:10D950009C4B002230463946FCF788FB002840F0FB
:10D96000E780984B002230463946FCF793FB40B1E4
:10D97000954B002230463946FCF778FB002840F0F2
:10D98000D180914B002230463946FCF783FB40B1F1
:10D990008E4B002230463946FCF768FB002840F0E9
:10D9A000BB808A4B002230463946FCF773FB40B1FE
:10D9B000874B002230463946FCF758FB002840F0E0
:10D9C000A580834B002230463946FCF763FB40B10B
:10D9D000804B002230463946FCF748FB002840F0D7
:10D9E0008F807C4B002230463946FCF753FB38B120
:10D9F000794B002230463946FCF738FB002879D1B4
:10DA0000754B002230463946FCF744FB38B1734B66
:10DA1000002230463946FCF729FB002864D16F4BC1
:10DA2000002230463946FCF735FB38B16C4B0022FA
:10DA300030463946FCF71AFB00284FD1684B0022CC
:10DA400030463946FCF726FB30B1664B00223046A3
:10DA50003946FCF70BFBD8BB624B002230463946F7
:10DA6000FCF718FB78B344F00C044AF0040A0C20CD
:10DA700044F080048DF80FA08DF80E4089F80D0059
:10DA8000B8F1000F7FF407AF01230DF10E02402122
:10DA900028460BF076FE00287FF4E4AE4FF4E170E8
:10DAA0000BF040FE9DF80F3003F00F038DF80F30A0
:10DAB0004FF47A7300930DF10F0201237D21284664
:10DAC0000BF066FECEE60AF0FB0A04F07F04D1E715
:10DAD00044F00B044AF0040A0B20C9E744F00A049E
:10DAE0004AF0040A0A20C3E744F009044AF0040A91
:10DAF0000920BDE744F008044AF0040A0820B7E70B
:10DB000044F007044AF0040A0720DEE744F0060464
:10DB10004AF0040A0620D8E744F005044AF0040A53
:10DB20000520D2E744F004044AF0040A0420CCE7BC
:10DB300044F003044AF0040A0320C6E744F0020458
:10DB40004AF0040A0220C0E744F001044AF0040A43
:10DB50000120BAE7022B1AD0042B1AD0012B0CBFDC
:10DB6000022303239DF80E201B0122F0300203F054
:10DB7000300313438DF80E3086E70223F2E7402B83
:10DB80000DD0802B0DD0202B0DD10523EAE70123EA
:10DB9000E8E70023E6E70423E4E70323E2E70623BC
:10DBA000E0E70723DEE76FF085005BE6AFF3008078
:10DBB0000000000080842E410000E93F0000F93F92
:10DBC00000000940000019400000294000003940D1
:10DBD00000004940000059400000694000007940C1
:10DBE00000008940000099402DE9FF470546D0F824
:10DBF000109090460C4621B91AB9002004B0BDE837
:10DC0000F08701230DF10E02422128460BF08CFD16
:10DC10000028F3D101230DF10F027D2128460BF0DE
:10DC200083FD0028EAD1A4B9B8F1000FE5D0D8F8F7
:10DC30000030022B00F0F780043B18BF01235B008B
:10DC40009DF80E2022F0300242EA03138DF80E30C8
:10DC50009BE06068FBF72EFF75A3D3E90023FCF778
:10DC6000BDF8064620680F46FBF724FF02460B4628
:10DC700030463946FBF7D2FD9DF80E406E4B9DF8BD
:10DC80000FA0002206460F4604F0F004FCF702FA4B
:10DC900040B16A4B002230463946FCF7E7F90028CC
:10DCA00040F0BB80654B002230463946FCF7F2F964
:10DCB00040B1634B002230463946FCF7D7F90028C3
:10DCC00040F0A5805E4B002230463946FCF7E2F971
:10DCD00040B15C4B002230463946FCF7C7F90028BA
:10DCE00040F08F80574B002230463946FCF7D2F97E
:10DCF00038B1554B002230463946FCF7B7F90028B9
:10DD000079D1514B002230463946FCF7C3F938B17E
:10DD10004E4B002230463946FCF7A8F9002864D162
:10DD20004A4B002230463946FCF7B4F938B1484B2B
:10DD3000002230463946FCF799F900284FD1444B70
:10DD4000002230463946FCF7A5F930B1414B00229C
:10DD500030463946FCF78AF9D8BB3E4B00223046A4
:10DD60003946FCF797F978B344F00D044AF0020AFB
:10DD70000D2044F0C0048DF80FA08DF80E4089F8F6
:10DD80000E00B8F1000F7FF452AF01230DF10E0227
:10DD9000422128460BF0F5FC00287FF42FAF4FF40A
:10DDA000E1700BF0BFFC9DF80F3003F00F038DF80E
:10DDB0000F304FF47A7300930DF10F0201237D2190
:10DDC00028460BF0E5FC19E70AF0FD0A04F03F04D1
:10DDD000D1E744F00C044AF0020A0C20C9E744F0F1
:10DDE0000B044AF0020A0B20C3E744F00A044AF08D
:10DDF000020A0A20BDE744F009044AF0020A092099
:10DE0000B7E744F008044AF0020A0820B1E744F0FA
:10DE100007044AF0020A0720D8E744F006044AF053
:10DE2000020A0620D2E701230AE700BFAFF3008011
:10DE30000000000080842E4100003940000049406D
:10DE4000000059400000694000007940000089400E
:10DE5000000099400000A94003297FB504461D46F3
:10DE600069D8072A20D8DFE802F0041F1F4A3C1FA8
:10DE70000C0F00222946204604B0BDE87040FFF791
:10DE8000E7BC2A460021F6E701230DF10F024121EC
:10DE900006690BF049FC80BB2B68082B1DD006DC03
:10DEA000022B07D0042B1AD06FF0850025E0102B31
:10DEB000FAD1032033739DF80F3023F00303184386
:10DEC0004FF47A7300938DF80F0001230DF10F02C8
:10DED000412120460BF05CFC0FE00220EAE7012024
:10DEE000E8E72B6802691421B3FBF1F36FEAC3433F
:10DEF0006FEAD343A2F85830002004B070BD046923
:10DF0000314BD5E90020002AC8BF1846C0EB80205D
:10DF1000FBF7C0FD2AA3D3E90023FBF75FFFFCF763
:10DF2000CDF880B220B140F46050A4F85A00E3E785
:10DF30006FF01500E1E704390329B5D8062A09D0A6
:10DF4000072A0AD0002AAFD1194604B0BDE87040B4
:10DF5000FFF74ABE1A460021F7E701230DF10F0231
:10DF6000432106690BF0E0FB0028C6D12B68B3F50E
:10DF7000FA7F1CD005DC7D2B1BD0FA2B94D103201B
:10DF800005E0B3F57A7F16D0B3F5FA6F8CD1338202
:10DF90009DF80F3023F0070318434FF47A73009372
:10DFA0008DF80F0001230DF10F02432191E70220AC
:10DFB000EDE70420EBE70120E9E700BFAFF30080C5
:10DFC0000000000080842E4140420F004B1E594249
:10DFD0005941014B1970704738290020024840F21E
:10DFE0001F52002307F04EBE8000002001480DF0B4
:10DFF0005DB900BFE00000201FB51D240294044C51
:10E000000194BDF8184000940AF0ECFF04B010BD74
:10E010009BC301001FB504240294044C0194BDF875
:10E02000184000940AF0DEFF04B010BDC5040020C3
:10E0300010B5054C206818B102F00AFE00232360D9
:10E04000024B00221A7010BD18260020382900202B
:10E05000014807F0A7BD00BFB802002010B50A4B69
:10E060001B7883B1094B0A4800221A604FF42472CE
:10E07000002307F007FEBDE8104006484FF4803249
:10E08000002307F033BE10BD392900201C260020D4
:10E09000E0000020B000002008B519B90AF001F82E
:10E0A000014B186008BD00BF18260020024800225E
:10E0B0000D2108F01CBF00BF94B8010002480122E6
:10E0C0000D2108F014BF00BF94B8010070B51D48C1
:10E0D00088B00469836803A95B68984720B92368FE
:10E0E00003985840C0F30030012829D1164B1E7800
:10E0F000AEB1002215481A700DF0D8F814480DF092
:10E10000D5F802F03DFC134B186810B1132109F04B
:10E11000E4FF012008B0BDE8704008F008BF0E4DD4
:10E1200018700FCD03AC0FC42B6823600B49009609
:10E130003346032203A802F04FFA022008F0F7FE4C
:10E1400008B070BD94B8010039290020E00000201B
:10E15000B00000201826002070BB010098BD01000F
:10E16000F0B5174E376889B047B3164B1B782BB301
:10E17000013018228DF80600002102A80DF08BFA5C
:10E18000114D03950DF10603012402A938460493AD
:10E19000ADF8144004F0A8FD36680021182202A84A
:10E1A0008DF807100DF077FA0DF1070302A930463C
:10E1B00003950493ADF8144004F096FD09B0F0BD4A
:10E1C000182600203829002028BE010073B52F4CE6
:10E1D00020460CF03AFE002854D02D484FF4B011E0
:10E1E00008F053FE034680B920460CF02EFE0028AE
:10E1F00048D028484FF4803108F047FE034620B944
:10E20000A568AE6926B96FF05703184602B070BD15
:10E210004FF080634FF0A0720C212046B0470346B8
:10E220000028F2D11C491D4B4B604FF480538B608A
:10E23000EB69002BE7D001222046984703460028CF
:10E24000E3D101F0BFFE03460028DED114480CF0F4
:10E25000FCFD60B1134B58690190114883689B68BD
:10E260002BB1114A01A9984703460028CDD0FFF7EA
:10E2700025FF642008F04BFEFFF718FF642008F02C
:10E2800046FEF4E76FF01203BFE700BF94B8010049
:10E2900094BE01008CBE010020260020DDDF0000BE
:10E2A00020B9010070BB010051E00000014B1B6868
:10E2B000184700BFC8020020014B1860704700BF1C
:10E2C000C802002030B585B004460D46102200215A
:10E2D00068460DF0E0F902238DF802302A46044B1F
:10E2E00001932146684608F073FB05B030BD00BFBE
:10E2F000ADE2000080B505460E461746984608F088
:10E3000053F803460DF05AFADFF81890044649F81E
:10E310000030424630463946A84754F8090000F01C
:10E3200011FC00BF080000002DE9F047058B0446F2
:10E330002807904611D4022905F0070540F0CC804B
:10E34000204609F06BF878B10138218B042811D8E8
:10E35000DFE800F0C2106D85950001290CBF45F083
:10E36000100545F02005258388F31188BFF36F8FD2
:10E37000BDE8F08701F0070AAA4500F0A580002754
:10E38000B9463E46A368002B00F0BC8041F008016E
:10E39000218388F31188BFF36F8FA168002900F0F3
:10E3A000BA800D68002900F0B680D1F804803346A9
:10E3B00052462046C047002D76D02B6829461D4680
:10E3C000F0E701F007035A1F012A1BD8002221F0B1
:10E3D0000701062B276889B2C4E9002209D13B4610
:10E3E00003E0628B013262831B68002BF9D141F09C
:10E3F00002012183204609F011F800287AD041F06B
:10E40000200176E0042B0AD121F0070189B2218393
:10E41000204609F003F810B141F020012183218B3F
:10E4200001F0070AAA454FD00027B946AAE7236999
:10E4300021F0070141F00601062DD3F80090218359
:10E440002DD1B9F1000F3FD041F00801218388F3AD
:10E450001188BFF36F8F3A492046C84729E021F061
:10E460000701236941F0040189B2042DD3F8049017
:10E470002183E6D000273E464FF0040A82E721F0D0
:10E480000701236941F0050189B2052DD3F80890F1
:10E490002183D6D000273E464FF0050A72E70027B9
:10E4A0003E464FF0060A6DE72B4687E7B9F1000FAD
:10E4B000D1D1EFF31188402383F31288BFF36F8F1C
:10E4C000238B23F008032383258BEA062ED525F022
:10E4D0001003238305F007056669218B002EBFF624
:10E4E00070AF00232768C4E9003321F0070141F031
:10E4F00001012183218B01F0070AAA454FF0000991
:10E500007FF440AF002F9CD041F00801218388F3B5
:10E510001188BFF36F8F002FC8D03D68394633464E
:10E520005246204608F0A6FF2F46F4E7AB067FF5DB
:10E530001BAF25F02003238305F0070500E700BF8C
:10E54000A1740100014B0360002070479CBE0100D4
:10E5500008B5044808F048FF034808F045FF0020CC
:10E5600008BD00BFB8C30100EDC3010008B50348F2
:10E57000034A0021121A09F038F808BDC00600202D
:10E58000E42900200748084A084908B5121A09F08A
:10E590002EF80748074A0849BDE80840121A09F052
:10E5A00026B800BF00000020A806002008CC01000B
:10E5B000000000200000002008CC010038B505460E
:10E5C0000C4699B1D1E901230F48096808F00CFF06
:10E5D000D4E90423E1680D4808F006FFE1690C481E
:10E5E00008F002FFA1690B4808F0FEFE012D05D1DD
:10E5F000EFF305810848103908F0F6FE2146284659
:10E60000BDE8384006F05CBE1BC401004BC40100ED
:10E610007BC401008BC40100BAC4010030BFFFF706
:10E62000FDBF00BF2DE9F0410B4EDFF8308006EB57
:10E630000807CC1B05463246094920460DF01DF857
:10E64000A01942460021083C0DF025F8C5F8A84065
:10E6500007F10800BDE8F0810000000004000000A0
:10E6600068BB0100054B5A699B689A421FBF044A68
:10E67000536843F080535360704700BFEC2800207C
:10E6800000ED00E02DE9F8432B4D80462B4817465E
:10E69000894608F0A9FEAB6ADA0622D5284808F0B8
:10E6A000A3FE1124AB6A1B0703D5264808F09CFE85
:10E6B0001224214DAB6A9E0715D5234808F094FE1D
:10E6C0006E6BAB6A1C0634D52048314608F08CFED0
:10E6D000B9F1000F03D0AB6A23F08003AB621324BF
:10E6E00003E01024DEE76FF01506134DAB6AD80780
:10E6F00003D5174808F078FE1424AB6AD90602D473
:10E70000AB6A9A070BD50C4B5B681B0507D54146D6
:10E71000304600F0E5FA10B180F309880224064A79
:10E72000936A43F0FF03936200233B702046BDE8E9
:10E73000F8836FF01506D2E700ED00E0CEC40100CB
:10E74000E5C4010019C501002DC5010046C5010041
:10E750005DC5010010B51D4C1D4808F045FEA36ABB
:10E76000990130D51B4808F03FFE1E20A36ADA014C
:10E7700003D5194808F038FE1F20144CA36A1B0368
:10E7800003D5164808F030FE2120A36A590303D5AB
:10E79000134808F029FE22200C4CA36A9A0303D5E3
:10E7A000104808F021FE2320A36ADB0303D50E489E
:10E7B00008F01AFE2420054A936A6FEA03436FEAC1
:10E7C0001343936210BD1D20D0E700BF00ED00E0B1
:10E7D0007DC5010096C50100AAC50100C5C501009F
:10E7E000E4C501000AC6010025C6010070B5204C31
:10E7F000064620480D4608F0F7FDA36AD90435D532
:10E800001D4808F0F1FD1720A36A1A0503D51B481F
:10E8100008F0EAFD1820164CA36A9B050FD518488E
:10E8200008F0E2FDA16BA36A180407D5154808F0AB
:10E83000DBFD1EB1A36A23F40043A36219200C4C34
:10E84000A36A5A0503D5104808F0CEFD1A20A36A22
:10E85000DB0503D50D4808F0C7FD1B20044A936A69
:10E8600043F47F43936200232B7070BD1620CBE7E7
:10E8700000ED00E051C6010068C6010019C50100A5
:10E880007AC6010094C60100AAC60100C6C60100EE
:10E890002DE9F0415B4B5F688AB00446C7F3080678
:10E8A000002585F31188BFF36F8F02F07F43B3F12A
:10E8B0007F4F06D102F00C03082B13D1524808F009
:10E8C00093FD00252C464FF00008F31E8DF80780BD
:10E8D000092B00F28680DFE803F00A7A7E768484D2
:10E8E0008484848210074CBF0C460125EBE747481F
:10E8F000444E08F079FD8DF80780F36A9A0704D535
:10E90000434808F071FD002330E0F36A002B01DA80
:10E910004048F6E7F36A5B00F5D53F4808F064FD30
:10E920007369A26943F480737361BFF34F8FBFF3C0
:10E930006F8F736932F8022C23F480737361BFF315
:10E940004F8FBFF36F8F4DF602739A4209D0B36AAF
:10E95000DBB253B30DF1070201212046FFF792FE0F
:10E9600033E021682D4808F03FFD23689DF807201B
:10E97000C2B902AE04F1200720686168324603C2C2
:10E980000834BC421646F7D1099AB5B3C2F3080160
:10E9900021B96FEA52226FEA4222099202A918466F
:10E9A000FFF70CFE0AB0BDE8F081B36A13F47F4FA5
:10E9B00005D00DF107010120FFF718FF05E0B36A4C
:10E9C000B3F5803F9FD3FFF7C5FE0346CEE70DF1B9
:10E9D00007020021C1E70DF107010020ECE7104814
:10E9E0008FE7104B1049114817F4F87FA6F1100279
:10E9F00018BF194608F0F8FC85E722F4FF7222F0F0
:10EA00000102CAE700ED00E00DC7010039C70100AF
:10EA100051C7010073C7010082C70100A2C70100EE
:10EA2000BFC70100F4C60100DFC60100E4C7010052
:10EA3000044B5A6942F010025A615A6922F00802E6
:10EA40005A61704700ED00E0EFF30880EFF30981B1
:10EA500001B57246FFF71CFF01BD00BF002080F327
:10EA60001488BFF36F8F114880F308880020104985
:10EA7000087006F09DF800200E490860BFF34F8F24
:10EA800000F02EF8402080F311880B484FF4046109
:10EA9000401880F30988EFF314800221084380F3C3
:10EAA0001488BFF36F8F08F0B3FD0000A844002066
:10EAB000DF29002094ED00E0C03600200749D1F89E
:10EAC00090200023C2F307221846934200DB7047D0
:10EAD000C1F89830C1F8A0000133F6E700ED00E07E
:10EAE00008B572B6002383F31388FFF7E7FF144BD2
:10EAF0004FF0FF32C3F88020C3F88420C3F8882089
:10EB0000C3F88C20C3F89020C3F89420C3F8982051
:10EB1000C3F89C20C3F88021C3F88421C3F888215E
:10EB2000C3F88C21C3F89021C3F89421C3F898212D
:10EB3000C3F89C2162B6BFF34F8FBFF36F8F08BD40
:10EB400000E100E0084B9B6883420BD1EFF30583A3
:10EB500043B1064B5A6842F080525A605A6A22F416
:10EB600000425A6207F026BCEC28002000ED00E0CD
:10EB700015498A684FF030001044EFF3098C80E8A3
:10EB8000F01F402080F31288BFF36F8F0F4F4FF0BC
:10EB900000664A698A603E60D2F8A8000C4C20608A
:10EBA000D2F8AC000023C2F8AC3080F3118804B571
:10EBB000104600F0FDF8BDE8044002F1300090E896
:10EBC000F01F8CF309887047EC28002004ED00E06A
:10EBD0002C2600201EF0040F0CBFEFF30880EFF38B
:10EBE0000980816911F8021C0229FFD001B5724623
:10EBF00008F0FFFC01BD00BF40B2002807DB044A5B
:10EC00004109012300F01F00834042F82130704782
:10EC100000E100E040B200280CDB4309064900F0A7
:10EC20001F0020330122824041F82320BFF34F8F81
:10EC3000BFF36F8F704700BF00E100E0054B420952
:10EC400000F01F0053F82220012303FA00F01040C7
:10EC5000704700BF00E100E040B2D30754BF02316B
:10EC600000210028ACBF00F16040074A4FEA411381
:10EC7000ACBF00F5614000F00F00DBB2B4BF13542D
:10EC800080F80033704700BF14ED00E0044B054AE4
:10EC900023F07F039360BFF34F8FBFF36F8F7047F5
:10ECA0000000000000ED00E042F8203C009B42F82C
:10ECB0001C3C0A49019B42F8183C029B42F8143C58
:10ECC00021F001014FF0807342F8043C42F8081C27
:10ECD0000023203A0265C0F8AC307047F5E200002E
:10ECE0000A4A0346906878B113F1160FD0F89800DD
:10ECF00005D0A0F140029A4205D8834203D2814256
:10ED000028BF002070470020704700BFEC2800207B
:10ED100008B515460C4A0D4B9060D0F8A8201A6033
:10ED20000E4600F045F82C4686F309880020044B77
:10ED300098472046002100220023024C2047000073
:10ED40002D760100F5E20000EC2800202C260020A2
:10ED5000014B10221A61704700ED00E004480023C7
:10ED60004021C21801331E2B82F80013F9D17047DD
:10ED700000E100E008B5EFF30583064A103B02EB23
:10ED8000C30152F8330049688847BDE80840FFF7DF
:10ED900069BC00BF58B90100024B034A0348012176
:10EDA00000F078B800600020000000209CBE010048
:10EDB000D0F89820054B403A1A60054A4021C3E933
:10EDC00001121846012100F06FB800BF3026002064
:10EDD00000000B15084AC2F898000B6823F01F03C7
:10EDE000034343F01003C2F89C308B6843F00103E7
:10EDF000C2F8A030704700BF00ED00E02DE9F043FD
:10EE0000DFF8608085B00E461F4604464FF00009CB
:10EE1000B14523DA6068D8B13FB1411E08421BD129
:10EE20001F2819D92368194216D12368019308F0C5
:10EE300020FCA36803430393D8F89050C5F307253B
:10EE4000D0B2013DA84207D801A9FFF7C3FF421C79
:10EE500009F101090C34DBE76FF01502104605B02B
:10EE6000BDE8F08300ED00E0044B0522C3F89420D8
:10EE7000BFF34F8FBFF36F8F704700BF00ED00E00F
:10EE8000BFF35F8F024B0022C3F89420704700BF8E
:10EE900000ED00E010B5034C01232278FFF7AEFF30
:10EEA000207010BD3A29002008B50B4A00231278C3
:10EEB000FFF7A4FF10F1160F07D0084A0021D2F87F
:10EEC0009030C3F30723984200DB08BDC2F89800D6
:10EED000C2F8A0100130F2E73A29002000ED00E06E
:10EEE0002DE9F0435B4B5C4CD3F890302568C3F3BD
:10EEF00007239D4285B000F2A980FFF7C1FF0020E3
:10EF00000C2685421BD1554C554F25706846FFF79E
:10EF100019FBDFF84081DFF84C9106460025AE4230
:10EF200014D123784B490020D1F89020C2F3072256
:10EF30009342C0F28580FFF797FF002045E06168AB
:10EF400006FB0011FFF746FF0130DAE7009800EBFF
:10EF500005114FEA051CCB683B40B3F5000F4DD0BF
:10EF60000AD8B3F5001F33D0B3F5800F3BD0B3F50B
:10EF7000801F13D00135D2E7B3F1007F47D0B3F142
:10EF8000805F4DD0B3F1807FF4D150F80C308868A9
:10EF90004A6808F06EFB40F0887009E050F80C30C9
:10EFA00088684A6808F065FB40F0885040F43020DB
:10EFB000CDE901230390D8F890302078C3F30723DC
:10EFC000013B984235D96FF0150005B0BDE8F083DC
:10EFD00050F80C3088684A6808F04BFB40F08850C5
:10EFE00040F40020E4E750F80C3088684A6808F0E4
:10EFF00040FB40F0C06040F40030D9E750F80C30DE
:10F0000088684A6808F035FB40F08270D0E750F815
:10F010000C3088684A6808F02CFB40F48020C7E771
:10F0200050F80C3088684A6808F023FB40EA090071
:10F03000BEE701A9FFF7CEFE23780133237099E7DD
:10F04000C1F89830C1F8A00001336DE74FF0FF30F0
:10F05000BBE700BF00ED00E0A8BE01003A29002098
:10F060000000F0FF0000021108B5024B1B68984732
:10F07000002008BD3C260020034B044A186093780A
:10F0800043F00203937070473C260020CC0200201E
:10F0900008B50649064821F00701C1F1005202F502
:10F0A000C04208F047F9002008BD00BF8757002084
:10F0B0004026002070B54169867A0B4D044659B14F
:10F0C000437ADB0706D42C2303FB06535B6A1B68D9
:10F0D0009B689847002363612C20214606FB005063
:10F0E000BDE870400BF0F8BF74050020024B2C22E5
:10F0F00002FB0030704700BF74050020827A064B87
:10F100002C2101FB02339A6A1B7F1B33801A23F0E8
:10F110000303B0FBF3F070477405002038B5074BCC
:10F12000827A2C2404FB02335B6AD3E901240C604D
:10F130001568FFF7E3FF04FB005038BD740500209D
:10F140002DE9F04385B005466846039190461C467C
:10F150000CF0E3F9DDE90067EFF31189402383F355
:10F160001288BFF36F8F6B8B002B41D02A8B9A4292
:10F1700025D900220023284606F0EEFA0446F0B115
:10F1800089F31188BFF36F8F039B002B41D0324668
:10F190003B4668460CF0E6F9A27A264B2C2101FB8F
:10F1A000023320465B6A1B6803A91D68DDE9002362
:10F1B000A847606170BB2046FFF77CFF24E0698BA5
:10F1C0004B1E6B8389F31188BFF36F8F2B7F2A8BC4
:10F1D000AC6A1B3323F00303521A02FB0344154BA2
:10F1E000154AEB1A9B105343A3722B7FE372CBE7B4
:10F1F00089F31188BFF36F8F23464246284606F0F5
:10F20000ABFA04460028BFD10024204605B0BDE873
:10F21000F0836361012300252381039B6382E27AEB
:10F220006560294604F118000CF035FA63692582FF
:10F23000E360EAE774050020A38B2EBA70B50D4C8D
:10F240002C2500B970BD037A4668002BFAD0013B2B
:10F25000DBB20372002BF5D1C3604360837A05FBF8
:10F2600003431B6A13B198473046EAE7FFF722FFD2
:10F27000FAE700BF7405002048B1054B054A1B683A
:10F28000B3FBF2F35843044B43F0010318477047B4
:10F29000AC04002040420F0090BD010008B50448B6
:10F2A000044A3F23C0E9002305F0FEFD002008BD0D
:10F2B0004C260020FFFF01000378012B30B513D04E
:10F2C000022B27D07BB9194B0A4603F1100453F8DF
:10F2D000045B42F8045BA342F9D11B7813704388A6
:10F2E0004B731B0A8B7330BD104B0A4603F110049D
:10F2F00053F8045B42F8045BA342F9D11B78137006
:10F3000043684B73C3F307221B0CCB731B0A8A732E
:10F310000B74E8E700F1100350F8042B41F8042BBC
:10F320009842F9D103780B70DDE700BF21C80100D6
:10F3300010B508F0DFFA0BF0CCFF0E4C30B1BFF384
:10F340005B8F2368BFF35B8F7BB910BD06F01AFF9C
:10F35000BFF35B8F2368BFF35B8F1BB9BDE8104021
:10F3600006F024BF0A209847F8E7BDE810400A20BD
:10F37000184700BF5426002038B50446084808F056
:10F3800093F9054648B1631EDBB21F2B96BF054AB1
:10F390000021D15C0C3008F0F6F9284638BD00BFDA
:10F3A0005006002032C80100054BBFF35B8F53E8C5
:10F3B000002F43E800010029F9D1BFF35B8F7047AC
:10F3C000542600200F2810B50CD80D280CD90A4857
:10F3D00008F06AF9044618B104210C3008F0D3F99A
:10F3E000204610BD1328F2D009B10448F0E7BDE86B
:10F3F00010400220FFF7C0BF7C060020CC05002093
:10F4000070B5C6683378B6F8014083B90F2120463D
:10F4100001F0F8FCF378054650B90A4A118831B971
:10F420006FEA04506FEA10501080074A137070BDE5
:10F430004372012101F052FC2846BDE8704001F002
:10F4400007BC00BF242900203B29002010B586B04E
:10F45000084B039303AB00240093074907484FF080
:10F46000FF334FF48062CDE9044406F0A1FB20464F
:10F4700006B010BD52C80100002A002080180020EC
:10F4800010B5084C0146062294F86F0001F056FFB3
:10F4900038B994F86F000449BDE81040052201F026
:10F4A0004DBF10BD1001002007C8010010B501219B
:10F4B00004460C3008F088F92146034A0078BDE87C
:10F4C0001040002308F0D7BAA0BF010010B50121F9
:10F4D00004460C3008F078F92146034A0078BDE86C
:10F4E0001040062308F0C7BA70BF010010B5012113
:10F4F00004460C3008F068F92146034A0078BDE85C
:10F500001040022308F0B7BA40BF01002DE9F843CC
:10F510000C4606F037FEE368228A1978022964D087
:10F52000042905D02046FFF789FE6FF0150405E099
:10F53000022A08D82046FFF781FE002406F036FE96
:10F540002046BDE8F88358783E2808D1032AF1D038
:10F55000DB78012B01D00A2B47D1032604E008F009
:10F5600026FA0646F0073ED504F10C05284608F0B9
:10F5700043F9012107462846B4F8109008F01CF919
:10F580000221284608F020F9804600783E2816D14E
:10F59000E3681B78012B31D00A2B2FD002251A4AA1
:10F5A0001A491B4841F27B1307F02BFF002383F31A
:10F5B0001188BFF36F8F0323184602DF04E008F0C1
:10F5C000F6F9C1070546EAD5124A98F80000062365
:10F5D000214608F050FAAA0712D56369A4F81090E2
:10F5E00013FA87F7E760B307A7D521460A4808F062
:10F5F0005FF80A490A480BF01CFE9EE70325E3E783
:10F600002046FFF71BFEEEE762C8010096C8010026
:10F61000AFC8010010BF01005C0200205C030020A5
:10F620005819002070B5314808F057F804460028F2
:10F630005AD000F10C05284608F0CEF8022805D073
:10F6400004282FD02046FFF7F9FD21E0238A032B61
:10F65000F8D90421284608F0B7F8FF224388068825
:10F660002276228AC6F30B009A426083EAD10F21E8
:10F6700001F0C8FB05460028E4D001F0DFFB320BA7
:10F6800020762146284608F0BEFC284601F0E0FA24
:10F69000174BD3F84C313BB3BDE8704015491648C1
:10F6A0000BF0C7BD2846022108F08EF80546007809
:10F6B0003E2812D008F07BF910F002060DD10F4A57
:10F6C0000F49104840F6B24307F09BFE86F31188BD
:10F6D000BFF36F8F0323184602DF0B4A28780423F9
:10F6E000214608F0C8F9ADE770BD00BF5C020020FC
:10F6F000100100205C0300205819002062C801009E
:10F70000CCC80100AFC8010050BF01002DE9F0478F
:10F71000884616468246002872D0BFF35B8FDFF81A
:10F72000E490002359E8004F49E80032002AF9D15B
:10F73000BFF35B8F002C63D02046FFF7DFFC324D18
:10F740000C2303FB005027464388534511D0BFF3D9
:10F750005B8F59E8003F49E80072002AF9D1BFF3F6
:10F760005B8F002B4CD01F463846BDE8F047FFF7B3
:10F7700065BDA64208D0204607F091FF328AF168A5
:10F7800004F10C0007F0F6FF2046FFF7B7FC0C264B
:10F7900006FB00504368ABB1B8F1000F12D1204610
:10F7A000FFF7ACFC06FB005001214268D2E90003E0
:10F7B000127A03F01F06B1405B09DAB100EB830057
:10F7C00008F028F92046FFF799FC0C2606FB0050AC
:10F7D0008368002BC8D02046FFF790FC704305F8E3
:10F7E00000802046FFF78AFC06FB0055A86805F05C
:10F7F000E5FFB9E7C94300EB830008F053F9E1E7FF
:10F80000BDE8F0875802002058260020094BBFF3BE
:10F810005B8F1A68BFF35B8F02F00B02BFF35B8F45
:10F8200053E8001F43E800200028F9D1BFF35B8FA5
:10F83000704700BFE401002010B5C1E900239DF826
:10F8400008300B720C46FFF759FC034B0C2202FBED
:10F8500000335C6010BD00BF58260020F8B502469A
:10F860000B46104807F020FF0446C0B104210C30BD
:10F8700007F06FFF2046FFF741FC0B4D0C2707FBFD
:10F880000050002646802046FFF738FC07FB00505A
:10F8900086602046FFF732FC07FB00556E6020466D
:10F8A000F8BD00BF2406002058260020034B014667
:10F8B000D3F86C0182689268104700BF10010020E5
:10F8C0000148042108F0A6B8E40100200048704770
:10F8D0008CC30100014902480BF0ABBC4C03002073
:10F8E0008018002070B505460C4659B94FF0FF301E
:10F8F0004FF0FF31FFF7B2FF044618B96FF068050B
:10F90000284670BD2046FFF7F9FB164B0C2202FB80
:10F910000033A61830465D8007F06EFF03280BD930
:10F920000321304607F037FF0580238A033B8370AD
:10F930000121304607F037FF40F635439D4208D19C
:10F940002046FFF7B3FF054648B12046FFF776FC97
:10F95000D6E7054821460BF0B4FBFFF7BBFF0025B7
:10F96000CEE700BF58260020640200202DE9F043B6
:10F97000064687B017460C4669B94FF0FF304FF086
:10F98000FF31FFF76BFF044658B96FF06805284652
:10F9900007B0BDE8F083887AFFF7A8FB304B8342BD
:10F9A00058D10122002168460BF0A4FB2046FFF746
:10F9B000A5FBDFF8B0900C2303FB0090C0F808D043
:10F9C000204607F0A0FE01463046FFF78BFF0546B4
:10F9D00018B12046FFF732FCD9E74FF4A0220023EC
:10F9E000684605F025FF804690B14FF4FD731E4A2E
:10F9F0001E491F4807F005FD1E484246314607F0E4
:10FA000000FD85F31188BFF36F8F0323184602DFD3
:10FA10002046FFF773FB0C23584319F80060AEB182
:10FA20002046093EFFF70AFC092E0CD8DFE806F055
:10FA3000150B0B08050B0B0B0B126FF00B05A6E754
:10FA40006FF00C05A3E76FF00405A0E7002FC0D00E
:10FA50003C609CE76FF0150599E76FF06E0596E73F
:10FA6000240600205826002062C80100FAC80100C0
:10FA7000AFC8010003C901002DE9FF414F4BB0F8A9
:10FA80000180198848F4704291424FF0000602BF8D
:10FA90001E804B4B1E78C378012B08BF494B00F1E9
:10FAA0000404054620460CBF93F86F70002707F04A
:10FAB0001DFF2146A8B102A807F00DFFD5F81130AF
:10FAC000CDF80130B5F81530ADF805300127EB78E9
:10FAD000012B1CD01321404608F0F8F804B0BDE813
:10FAE000F081384608F0ABF90346006802909A8826
:10FAF0009B796868ADF80C208DF80E30A288A37948
:10FB00002F790090ADF804208DF80630DFE702A8C9
:10FB1000FFF7B6FC04460028DCD00346B5F8012008
:10FB200023F8702B02989DF80E20BDF80C1020676A
:10FB30009A719980B5F8173040F2E2425343C4F805
:10FB40008830B5F81930A4F89030B5F81B30A4F817
:10FB50009230EB78E3700022012B62721CD18DF899
:10FB60000070BDF804209DF806300098A4F87B20B2
:10FB700084F87D30C4F8770000F02AFD237A11491B
:10FB8000C3EBC3035A18CB58C4F87E309388A4F84B
:10FB90008230937984F884300721204601F09EF862
:10FBA00026B166720121204601F098F8204601F046
:10FBB00077F9204601F04CF890E700BF2429002097
:10FBC0003B2900201001002000B5C3681A7889B0D5
:10FBD00032B13C2A32D109B05DF804EB08F039B8F3
:10FBE0008DF80020B3F80120ADF80120DA788DF807
:10FBF0000320B3F80B20ADF81720B3F80D20ADF8B3
:10FC00001920B3F80F20ADF81B205A7C8DF81D2069
:10FC1000586801901A899B7A8DF80A30094BADF823
:10FC2000082068461A689B88CDF80B20ADF80F3085
:10FC3000CDF81120ADF81530FFF71EFF09B05DF8C3
:10FC400004FB00BF1BC80100F7B50022114640F6B7
:10FC50000340FFF78BFE0446002853D1FFF7D6FD83
:10FC6000214601AA41F20300FFF780FE0446002866
:10FC700048D1019ABD4DD168D1F80100D1F80510E5
:10FC800005F1780303C31046FFF7D8FA214601AA0D
:10FC900041F20100FFF76AFE044698BB0198C36871
:10FCA0005A7885F870205A88A5F872201A7985F854
:10FCB0007120B3F80720A5F87420B3F80530A5F833
:10FCC0007630FFF7BBFA214601AA41F20200FFF7A6
:10FCD0004DFE0446B0B9019FFA6805F18006531C39
:10FCE000413218685968344603C4083393422646A3
:10FCF000F7D13846FFF7A2FA95F87C305E0604D4B7
:10FD00006FF01204204603B0F0BD01AA002142F2B8
:10FD10000300FFF72BFE04460028F3D1019B944E0D
:10FD2000DA68D2F80100D2F8051003C61846FFF7CA
:10FD300085FA214601AA42F20200FFF717FE0446A7
:10FD40000028DFD1019CE368B3F8012091B249B1EA
:10FD5000D97839B1A5F80421DA78114606F12800DE
:10FD60000BF0C8F92046FFF769FA95F87C601F236D
:10FD700016F02006A5F8203119D14FF0FF304FF0D2
:10FD8000FF31FFF76BFD0446002800F0EC800221F4
:10FD90000C3007F0E9FC012303704670214632461F
:10FDA00040F66D40FFF7E2FD04460028AAD195F821
:10FDB0009C301C0712D501AA002142F21C00FFF75B
:10FDC000D5FD044600289DD10198C368D3F80120D1
:10FDD000D3F80530C5E93823FFF730FA4FF0FF308C
:10FDE0004FF0FF31FFF73AFD0446002800F0BB80DA
:10FDF00008210C3007F0B8FC95F8D83095F8D920D8
:10FE000013F0020F14BF2F230F2312F0090F18BF96
:10FE100043F40063002203701B0A43708270C270B7
:10FE2000027142718271C271214642F20100FFF7F4
:10FE30009DFD044600287FF465AF95F87C30B5F849
:10FE4000041198067BD4C9B901AA41F20500FFF755
:10FE50008DFD044600287FF455AFB5F80431019CB0
:10FE60004BB9E368B3F80120A5F804219A8841480A
:10FE700011460BF03FF92046FFF7E0F94FF0FF3055
:10FE80004FF0FF31FFF7EAFC044600286BD0082151
:10FE90000C3007F069FC10230370882343700223A1
:10FEA0000022C37020238270027142718271C3717B
:10FEB000214640F60140FFF759FD044600287FF433
:10FEC00021AF014601AA4FF60140FFF74FFD04465E
:10FED00020BB0198FFF7B2F9214601AA4FF6024074
:10FEE000FFF744FD0446C8B90198C368B3F8013070
:10FEF000A5F8C130FFF7A2F995F8C1305A070DD522
:10FF000001AA21464FF60340FFF730FD30B90198B2
:10FF1000C3685B7885F8C030FFF790F9EB799BB93F
:10FF200000F012FB044600287FF4ECAE01F0DCFA8E
:10FF3000044600287FF4E6AEFFF7C2FCE2E60029A3
:10FF40009CD16FF00404DDE62E78002EE8D195F800
:10FF5000C1309B0624D54FF0FF304FF0FF31FFF743
:10FF60007DFC044640B96FF06804CBE61001002028
:10FF7000E80100201802002006210C3007F0F4FBF5
:10FF8000D5F801300360084B9B88838021463246B8
:10FF90004FF60640FFF7EAFC04460028C0D0B1E661
:10FFA0006FF08504AEE600BF1101002010B5FFF729
:10FFB0004BFE034B1B6813B1BDE81040184710BD42
:10FFC0007026002073B5254D0646D5F86C010AF061
:10FFD0003CFF00283BD06FF0020105F1D40007F090
:10FFE00061FD012107F016FD10EA010432D11C4B1E
:10FFF0001E600A4605F598700BF07CF805F5AA70AE
:020000040001F9
:100000000BF053F817480BF03FF9174915480094C7
:100010006FF007034FF4806205F0CAFD13491148E1
:1000200005F06AFED5F86C01114983681B68984792
:10003000044648B926B902B0BDE87040FFF704BED7
:1000400005F1C40005F0AEFD204602B070BD6FF0B2
:100050001204F9E76FF07704F6E700BF1001002003
:100060007026002058190020402E002048C90100A9
:100070000DF5000038B5032104460C3007F0A4FB51
:10008000E3680578B0F80100197840F635439842E6
:100090000AD02246FFF73AFB35B1044805F08EFB43
:1000A000BDE83840FFF716BC38BD00BF4002002055
:1000B00038B506F067F8284DD5F85431002B48D0F4
:1000C0000022002305F5987005F0B2FB002840D10E
:1000D0000022002305F5AA7005F03EFB044668B92E
:1000E0001E4A1F491F4840F6C24307F08AF984F3AD
:1000F0001188BFF36F8F0323184602DFD5F848013C
:1001000020B1FFF79BF80023C5F84831204607F0DF
:10011000FAFAC5F848012046FFF7C8FB98B1124823
:1001200005F04CFB2046FEF7E9FF104B0C2202FBCA
:1001300000301F2140882246FFF7E8FA2046FFF7EB
:100140007DF8FFF7C7FBFFF7C5FBBDE8384006F0B9
:100150002DB800F0B5FEF8E71001002062C80100DC
:1001600051C90100AFC801004002002058260020FC
:1001700038B5042104460C3007F026FB4578017899
:1001800040882246FFF7C2FA35B1044805F016FB55
:10019000BDE83840FFF79EBB38BD00BF40020020DD
:1001A000F8B50A4DEF7906460024E3B29F4202D823
:1001B0006FF0010007E02946304607F038FE0735AA
:1001C000631C08B12046F8BD1C46EEE71001002074
:1001D00070B5144E0622314604460BF064FAE0B1C5
:1001E0004FF0FF304FF0FF31FFF738FB0546B0B15D
:1001F000062221460C3007F0BDFA0022294642F2C1
:100200000500FFF7B3FB48B93346226843F8692974
:10021000A288B280012283F86820002070BD6FF0B0
:100220006800FBE77901002037B504460D4689B127
:100230001849284607F0FBFD60B9174A2968C4EB46
:10024000C404A3181151AA889A80AA799A7100202F
:1002500003B030BD684607F030FB0028F8D168468F
:10026000FFF79EFF0028F5DA0B4A00989DF806106C
:10027000C4EBC404A3181051BDF804009880997110
:10028000002DE4D012592A609A88AA809B79AB711C
:10029000DDE700BF0EC801001001002070B5044664
:1002A00011B16FF0150070BDF0B1234907F0BFFD2B
:1002B000D0B92046FFF774FF002837DA237863B9F6
:1002C0001E4AD37993BB20681060A179A0889171F0
:1002D00001219080D1711846E5E7012BE1D1A37986
:1002E00003F0C003C02BDCD1144DEB79012B20D0DF
:1002F000BFF35B8FD5F8D430BFF35B8FDB0707D438
:10030000002CCED00C49204607F091FD0028C8D122
:10031000EE792146731C3046EB71FFF785FF08B973
:100320003046C0E7EB79013BEB71BCE76FF077003B
:10033000B9E76FF00B00B6E70EC80100100100200E
:100340002DE9F3410446D8B101AA002141F2090088
:10035000FFF70CFB054698B9019E1249D6F80C80B0
:1003600008F10107062238460BF09DF928B10E4925
:10037000062238460BF097F930B93046FEF75EFF9B
:10038000002002B0BDE8F081D8F80130C4F8013097
:10039000BB88A4F8053030462570FEF74FFF0120DA
:1003A000EFE700BF1BC8010015C8010007B568468C
:1003B000FFF7C6FF044BD87118B169460020FFF75C
:1003C00033FF03B05DF804FB10010020F0B5294DA8
:1003D000EE7989B0002E46D195F8C230DB0722D5E0
:1003E0006A4631464FF60940FFF7C0FAD8B9DDF842
:1003F00000C0DCF80C406378012B1E4628BF0126A4
:1004000073B1A31C02AA123418685968174603C7AF
:100410000833A3423A46F7D1186838609B88BB80FE
:100420006046FEF70BFFEE71002416260127EB79DC
:10043000E0B2834202D8B3B1002012E008AB06FB61
:100440000033694653F8182C33F8143CCDF80120DA
:10045000ADF805308DF80070FFF7E6FE0134002896
:10046000E5D009B0F0BD0021084609B0BDE8F04074
:10047000FFF714BF100100202DE9F0410D4617468B
:100480001C460646002856D0002B54D00A03037899
:1004900008D56D074FD407F0DFFC002849D10123B0
:1004A00023700CE0A9072CD026480FB1AA0608D467
:1004B000C3EBC302825C012A12D002B92270002071
:1004C00037E090F8D820510638D5C3EBC302825CE0
:1004D000012A05D002B92270237843F00203DFE736
:1004E0004FF00108072111FB03810144304607F05A
:1004F000ABFCF0B984F80080002FE0D0AB06DED56D
:10050000EAE76A0711D50F49C3EBC3028E5C012EDF
:1005100008D1072212FB0363194407F095FC40B988
:100520002670EBE7002EE9D1FAE707F095FC0123EE
:100530002370BDE8F0816FF01500FAE76FF08500D9
:10054000F7E700BF1001002010B50A4CE3790BB1AA
:10055000002010BDFFF72AFF0028FAD1E379002B15
:10056000F6D1FFF733FF0028F3D1601CBDE810403F
:10057000FFF72EBE10010020F7B5CDE90001694656
:1005800042F208009DF8207016461D4607F07FFCD9
:10059000044668B97FB9BFF35B8F0C4B53E8001F6B
:1005A00041F0040143E80012002AF7D1BFF35B8F4A
:1005B000204603B0F0BD694642F20900CDE900656E
:1005C00007F065FC0028E6D00446F1E7380100207A
:1005D00000487047280100202DE9F04F89B0DFF86E
:1005E000D492D0F810B002910393BFF35B8FD9F887
:1005F0000030BFF35B8FBBF1000518BF01255B071F
:100600000446924640F19681466877050CD56FF016
:100610001505029B002240F20110924540F09381A3
:10062000284609B0BDE8F08FD0F81080B8F1000F6F
:1006300001D0B007EBD0A04F2078FB798342E6D9F8
:10064000C0EBC0009D49072238440BF02CF800286D
:10065000DDD0B10706D197F87030082B02D8A36817
:100660009F2BD4D916F0300F65D0B8F1000FCED043
:10067000F20665D406F46036B6F5603FC7D0204672
:1006800007F001FC80460028C1D0BFF35B8F8C4E81
:100690003268BFF35B8FD005C2F3002300F14D81B8
:1006A0006268CDE90533CDF81B30A368ADF8103092
:1006B00012F4004FE368ADF812300CBF0723062395
:1006C000D10348BF03F00503920348BF03F0FB03C7
:1006D0008DF81D30BFF35B8F59E8003F23F4807322
:1006E00049E80032002AF7D1BFF35B8F23783B76CD
:1006F00087F86F302A46616872480DF11503FFF7DD
:10070000BBFE0546002884D16F4BBBF1000F23D000
:100710002269116849F8B31C9188998092799A717D
:10072000636898077CD19A0503D4039B002B00F0E3
:100730008B8002231CE0F30602D4B8F1000F99D19C
:10074000D4E902239A423FF662AF1F2A7FF65FAFD9
:10075000B3F5804F8ED95AE7584A116849F8B31C4F
:100760009188927999809A7163689907DBD05B468A
:100770008DF814304FF0FF304FF0FF31FFF76EF877
:100780000546002800F0DC800F2204A90C3006F09A
:10079000F1FF2946002242F20600FFF7E7F805467E
:1007A00000287FF436AFBBF1000F51D063689B0780
:1007B0005AD14448012107F0C4FB002852D1636894
:1007C000BFF35B8F9F0700F0978056E8003F43F42C
:1007D000007346E80032002AF7D1BFF35B8FBFF306
:1007E0005B8FB8F1000F00F0918056E8003F43F4B2
:1007F000806346E80032002AF7D1BFF35B8F63685D
:10080000BFF35B8F580740F18B8056E8003F43F4FD
:10081000805346E80032002AF7D1BFF35B8FF8E639
:1008200013F0100F0CBF012304238DF8143023693B
:100830001A68CDF816209A88ADF81A209B798DF8A1
:100840001C304FF0000895E703238DF81430F8E7CB
:10085000129B039A0298CDF800805146FFF78CFE58
:100860000028A3D00546D4E697F8189013491648F7
:1008700087F86F9007220AF016FF48BB13494846D5
:1008800000F018FD074610B96FF00B05C1E6052111
:1008900000F024FA0B48012107F053FB814638B3DE
:1008A0000021384600F01AFA384600F0D1F94D46DA
:1008B000AFE600BFE4010020100100200EC80100D7
:1008C00038010020280100203101002007C8010064
:1008D0002849484607F041FC00287FF498AE387E4E
:1008E000244900F0E7FC07460028CDD00621CFE7D9
:1008F000384600F0ADF962E756E8003F23F4007394
:1009000046E80032002A3FF468AFF5E756E8003FBA
:1009100023F4806346E80032002A3FF46EAFF5E727
:1009200056E8003F23F4805346E80032002A3FF4A3
:1009300074AFF5E76FF00A056BE66FF0770568E6D0
:100940006FF0680565E61988814204D1596811B1D4
:100950000978C90702D4013208335EE60649074820
:100960000AF098FC4FF470220023044805F0BEF909
:1009700056E600BF31010020957F010040010020B4
:1009800010B51B4C204607F002FBBFF35B8F2369B9
:10099000BFF35B8FDA05C3F3002027D5BFF35B8F6E
:1009A0002369BFF35B8F9B0516D504F1090011493C
:1009B00007220AF078FE034614F8180993B90E4985
:1009C000052200F0BBFC044630B10021417200F06A
:1009D00085F9204600F03CF9BDE8104004480021AC
:1009E00007F0AFBA062204F12101EAE710BD00BF0B
:1009F000280100200EC8010007C8010070B50C4B8B
:100A00001C68054644B154F8143C143C13B1697A8F
:100A1000284698476469F5E7064C074EB44200D370
:100A200070BD236813B1697A284698471834F5E7F2
:100A3000A8260020F4BA01000CBB010010B5044642
:100A4000FEF75CFB044901EB0011204606F08FFF26
:100A5000BDE81040FEF73EBF7426002070B5D1E916
:100A6000015600220446C1E9012206480AF029FB8A
:100A70003DB1314620462B466FF06D02BDE8704017
:100A8000184770BD5C05002030B4827A072A0346FF
:100A90001DD1BFF35B8F021D52E8001F41F480643B
:100AA00042E80045002DF7D1BFF35B8F49050ED416
:100AB000BFF35B8F5B68BFF35B8FDA0307D4054B33
:100AC00093F8D8301B0702D530BC07F025B930BCED
:100AD000704700BF1001002070B505460F48002286
:100AE000002304F0A5FEB8B90D4B1C6834B154F8CE
:100AF0000C3C143C03B198476469F7E7094C0A4E73
:100B0000B44204D32846BDE8704005F04BB8A36852
:100B100003B198471834F3E770BD00BF44050020C7
:100B2000A8260020F4BA01000CBB01002DE9F8430F
:100B3000DFF85480044640270025EFF3118387F344
:100B40001288BFF36F8FE16929B983F31188BFF36E
:100B50006F8FBDE8F883206A0A68E261814208BFAE
:100B6000226283F31188BFF36F8FD1E90169404698
:100B7000C1E901550AF0A5FA1EB1002249462046F6
:100B8000B047FEF7A7FED8E75C0500200448B0F8A0
:100B90000431002B00F5847008BF0020704700BFAF
:100BA0001001002030B504460AF008FE0D4A0D463B
:100BB0000D490858D2F8B81088428BB005D12046AC
:100BC0000BB0BDE83040FFF7B1BF243421461046DA
:100BD0000AF02FFB1DB1694620460AF03AFB0BB024
:100BE00030BD00BF682400200800000038B5002296
:100BF00004468A4202D10024204638BD04F1C803CD
:100C00000120BFF35B8F53E8005F002D04D143E860
:100C1000000CBCF1000FF6D1BFF35B8F02D0D034D3
:100C20000244E6E7002CE6D0C822002120460AF064
:100C300032FD04F1400004490AF02CFB034904F1A1
:100C400024000AF0DAFAD7E7ED130100B97F0100BA
:100C500008B5C830BFF35B8F50E8003F013B40E868
:100C60000032002AF8D1BFF35B8F3BB9044804F08F
:100C7000A5FDBDE80840034804F094BF08BD00BFCF
:100C8000440500207C03002010B5044607F009FA53
:100C900005F078FA104BD3F8241104F1BC0249B9DD
:100CA000C4F8BC10D3F8281189B9C3E9492205F06A
:100CB0007DFA06E08A4208D105F078FA2046FFF76F
:100CC000C7FFBDE81040FEF705BE0968E7E70A6008
:100CD000C3F82821EBE700BF1001002070B5837A2C
:100CE0008B42044668D08172FBB907F0DAF9A37A27
:100CF000012B1DD0072B5FD13048002105F0E4FD0A
:100D00000023C4E90D33E378012B55D1A378012BDF
:100D100004BF032384F8983004F140004FF42032DC
:100D2000BDE87040002304F0ADBF827A012A08D1EB
:100D3000234D05F58476616961BBBDE87040FEF71F
:100D4000C9BD072AD8D0002A36D1013B072B33D89A
:100D5000DFE803F004171B1B1B17323200F14005BC
:100D600028460AF0A3FA20460121FFF71BFF204680
:100D700007F040F928460022BDE87040002304F047
:100D8000B5BF437A0BB1FFF739FE2046BDE870408E
:100D9000FFF75EBFA2690B686361914208BFA36160
:100DA0002046FFF75BFEB5F80431002B14BF304638
:100DB000002004F003FDBEE770BD00BF8C030020DF
:100DC00010010020F8B5074609480D46164607F001
:100DD00068F9044650B183781F4203D1BDE8F8405A
:100DE000FFF736BF3146A8472046F7E7F8BD00BFFA
:100DF000301A0020024900220120FFF7E3BF00BFA4
:100E0000890A010038B505460B480C4607F049F938
:100E1000034670B1827A012A02D0073A012A06D825
:100E20001A88AA4202D19A78144203D11846FFF7D1
:100E30000FFF0023184638BD301A0020034BC01A9C
:100E4000034B00115843C0B2704700BF301A002056
:100E5000C54EECC470B51C46144305460E460AD078
:100E60000AF0ACFC0B4908580B49D1F8B81088427D
:100E700004BF002213460949002D14BF2846084626
:100E800006F012FC044618B1711D0C3006F061FC2E
:100E9000204670BD08000000682400207405002072
:100EA00010B50446054804F07DFE204600F0D4FB52
:100EB0002046BDE81040FFF7A1BD00BF6C03002035
:100EC0002DE9F04F87B0002303930593AC4B5A8B69
:100ED00032B1AC4DD5F8244134B907B0BDE8F08F3C
:100EE0001B68002BF5D1F8E754F8BC3903B1BC3BC3
:100EF000A549002601E01C461346B5F80421002A46
:100F000000F03B81D5F810214AB904F1BC06002B52
:100F1000E3D0D3F8BC20002AEDD0BC3AEBE70A6856
:100F2000002AF2D0D4F8A820002AEED0D4F8AC20C1
:100F3000002AEAD0D4F8B020002AE6D0A37A072B02
:100F400066D120469047002862D0BFF35B8FD4F86B
:100F5000C030BFF35B8F022B5ADC204607F0A1F8AC
:100F600004460028B9D0A37A072B40F0FD80D4F8BE
:100F7000A830B5F8041104AA20469847074600286F
:100F800000F0D280B5F80421049B9A4206D30146B2
:100F9000D4F8AC6005AB03AA2046B047059B01938B
:100FA0003B8ADDE9039A002B00F0E180384606F029
:100FB000F4FC8046002840F0DD80B5F80431DFF80D
:100FC000CCB1002B14BF584600200022002304F0AF
:100FD0002FFC78B96C480022002304F0BDFB0646C4
:100FE00000283BD1B5F80431002B18BF5E463046CF
:100FF00004F0E4FB6FF00B053846FEF71FF9B9F17A
:10100000000F00F08D8001992A462046C84787E0EE
:10101000D4F8BC3004F1BC02C6B9D5F82811C5F823
:1010200024318A4201D1C5F828310023C4F8BC30EC
:101030002046D4F8B0309847002894D0A37A072BE4
:1010400040F092802046FFF71FFE8CE73360D5F812
:1010500028319A4208BFC5F82861E6E7019BC0F82D
:1010600004908360B5F804B14548DA454FF00002BA
:101070004FF000034FF0000198BF1FFA8AFBFEF704
:101080005FF8814650B1FEF739F8414B5A4603EB01
:1010900000133946484606F045FC8146B5F8043150
:1010A00094F8C4709A458CBF4FF00108023784F859
:1010B000C48098BFFFB204F1C008BFF35B8F58E84B
:1010C000003F013348E80032002AF8D1BFF35B8FBC
:1010D00000233360A3695BBBC4E90566A378012BD9
:1010E00029D0BFF35B8F58E8003F013B48E800324E
:1010F000002AF8D1BFF35B8F314604F1140006F0EB
:101100005EFF4846FEF79AF820463146FFF7A6FCF8
:10111000B5F804311D48002B08BF002004F04EFB39
:101120001321204606F0D9FF2046FFF791FDD4E6B3
:101130001E60A661D2E709F10C0A0421504606F0B0
:101140002AFB238807F0FD0743EA07330380B9F839
:101150001030043B43800221504606F024FB4846F1
:10116000FEF7A4FB0028BCD1FEF7B4FBDCE76FF070
:10117000790541E76FF004053EE79368FFDE00BFA5
:10118000F8050020100100205C0500201802002056
:10119000742600202DE9F041D0F88860BFF35B8F02
:1011A0004268BFF35B8F920440F2E2430446B6FB11
:1011B000F3F600F10403B6B217D5B0F88C20B242B2
:1011C00013D8B0F88E20B2420FD3D0E92412914246
:1011D0000BD1BFF35B8F53E8001F21F4005143E8AC
:1011E0000012002AF7D1BFF35B8F114B1D6865B168
:1011F00055F8047C143D37B1B4F89230B4F890201F
:1012000031462046B8476D69F1E70A4DDFF828807E
:10121000454501D3BDE8F0812F6937B1B4F892306C
:10122000B4F8902031462046B8471835F0E700BFA3
:10123000A8260020F4BA01000CBB01002DE9F04102
:10124000074608460D4606F01CFD064618B900265E
:101250003046BDE8F081144B1C6884B154F8083C5A
:10126000143C0BB96469F8E72946384698470028CA
:10127000EDD0284606F005FD0028F3D1E7E70B4C3A
:10128000DFF82C804445E3D2E3680BB91834F9E762
:101290002946384698470028D9D0284606F0F1FC60
:1012A0000028F3D1D3E700BFA8260020F4BA01003C
:1012B0000CBB010038B505460C460E480121FFF76E
:1012C00095FCB0B1057223680367A388A0F8743059
:1012D000A37980F8763001238370074BC0F8A830DB
:1012E000064BC0F8AC30064BC0F8B030054BC0F828
:1012F0008C3038BD301A00207D150100A57F01001B
:10130000997F01001800280070B505460A480E466E
:1013100006F0C7FE044620B18378012B04D0FFF706
:1013200097FC0024204670BD3246294606F0F5FEA3
:101330000028F7D12046F2E7301A0020F8B505461C
:101340000E480E46174606F0ACFE044620B18378E0
:10135000012B03D0FFF77CFC00240DE036B13246B0
:10136000294606F0DAFE08B92046F3E7A37ABB4225
:10137000FAD1237AAB42F7D12046F8BD301A0020CB
:1013800038B5044608460D4606F07BFC48B3164BBC
:1013900093F8D830990707D4E37883B129462046DB
:1013A000BDE8384000F0AEB994F899309A07F3D50B
:1013B000BFF35B8F6368BFF35B8F5B04ECD429469C
:1013C000204606F0D8FE58B92B88A4F88C306B88DC
:1013D000A4F88E30AB88A4F89430EB88A4F896304B
:1013E00038BD6FF01500FBE710010020F7B510F8CD
:1013F000363C0446A0F140060BBB304606F00EFF1B
:10140000354B1D684DB155F8103C143D1BB114F817
:10141000371C304698476D69F4E7304D304FBD4278
:1014200005D3304603B0BDE8F040FFF711BC6B6850
:101430001BB114F8371C304698471835EFE710F801
:101440003E3C012B30D1BFF35B8FA0F13C0555E84A
:10145000003F23F4005245E800210029F7D1BFF3F3
:101460005B8F9B0422D5E36C00936946636D019307
:101470003046FFF785FF58B9BFF35B8F55E8003F53
:1014800023F4805345E80032002AF7D1BFF35B8F85
:10149000BFF35B8F55E8003F43F4006345E800323B
:1014A000002AF7D1BFF35B8F03B0F0BD0D4A10687F
:1014B00051686B4603C369463046FFF761FF002859
:1014C000E6D1BFF35B8F55E8003F43F4805345E816
:1014D0000032002ADAD0F6E7A8260020F4BA01008C
:1014E0000CBB010008BD010010B50C4809F0DDFD82
:1014F0000B490A4809F0E5FD0A49084809F0E1FDF1
:101500000949064809F0DDFD07F015FC07F0ECFE7F
:10151000044608B906F08EFF204610BD5C05002089
:1015200084260020902600209C260020044B18686A
:1015300018B9044A5A600B6070476FF00B0070478F
:10154000B0260020DCBF010070B5044652EA03005B
:101550000AD00AF033F9074D074ED5F8B850305885
:10156000854204BF0022134620460431BDE8704086
:10157000FFF770BC68240020080000002DE9F84344
:10158000D0F8B4400E4690464CB1483C236B63B152
:1015900004F13009484609F0A9FD054658B9FEF79F
:1015A00099F900252846BDE8F8832068B43006F094
:1015B0002BFEA46CE8E706F0F0F90028F1D12846EC
:1015C00006F0A1F8E36C05469BB9A38C078A403B63
:1015D0009BB23F2B03D8238D9F4228BF1F46042177
:1015E00005F10C0006F0D7F80780A38C4380043780
:1015F000E764E36C2A8A9E420FD3934216D0A38CF1
:10160000403B9BB23F2B21D92068B43006F0FCFD53
:10161000236B13B1204606F0D8FDE36CC8F8003008
:101620009E4234BF9E1B0026E664BBE700220023D7
:10163000484604F091F8FDF701FEA38CA3F14002A7
:101640003F2AE1D8034AAA61EB61DDE70022134695
:10165000F9E700BF5B830100F7B5284D284F04462A
:101660000026BD4201D303B0F0BD2988204606F014
:101670006AFE6B68019001A920469847002838DB74
:10168000019B2A889A829A8403F11002BFF35B8F30
:1016900052E8001F42E800600028F9D1BFF35B8FD9
:1016A0009E64DE649E60A16B03F1080219BBC4E96D
:1016B0000D221C60DE6003F1300009F0F6FC019899
:1016C00043681B6803B19847019BBFF35B8F1033DE
:1016D00053E8001F41F0010143E80012002AF7D14E
:1016E000BFF35B8F01984368DB6913B100F1100110
:1016F00098470835B5E70A60A263DAE7DCBA01006B
:10170000F4BA010070B5124B0C4619780131C9B218
:10171000012938BF0121054608221220197006F060
:10172000DAFD064688B108210C3006F01DF8228843
:10173000028062884280A2888280E288C28031462C
:101740002846BDE8704006F015BE6FF00B0070BD76
:101750003C29002023281FD81A2804D8431E182B00
:101760000ED906207047A0F11B03082B1ED8DFE816
:1017700003F0051D1B231D19251D050003207047BF
:101780000F4A012383401A40C2B90E4A1A40002A68
:1017900014BF01200620704700F07F03522B05D1B3
:1017A00000207047012070470520704710F0400F5F
:1017B0000CBF0620002070470420704702207047AD
:1017C000AAAA8A025455450170B50E46438D418B35
:1017D0008B4202F1010228BF0B469A42054620D8EF
:1017E0003046FFF7B7FF022812D0042810D009F0C6
:1017F000E5FF154B1958154BD3F8B830994213D063
:10180000134B1B685A1A18BF4FF0FF32134602E001
:101810004FF4702200230F480021FFF795FE044685
:1018200020B90024204670BD0022EFE7FDF766FCDA
:10183000094B182202FB0033012104F10C009D60CA
:1018400005F092FF0670EDE7080000006824002014
:1018500050270020A005002008270020011F014874
:1018600009F047BBF8040020F8B54FF47022074692
:1018700000230D480E4605F017FF044690B100F115
:101880000C050921284605F064FF2046FDF736FCCB
:10189000064B182202FB0033012128469F6005F009
:1018A00063FF06702046F8BDA00500200827002031
:1018B00008B5EFF31181402383F31288BFF36F8FD4
:1018C000002303600C4B5A689AB9C3E9000081F306
:1018D0001188BFF36F8F094804F064F9002807DA14
:1018E000002383F31188BFF36F8F0323184602DFB1
:1018F00008BD10605860EAE700270020C4030020FC
:1019000010B500F150030446BFF35B8F53E8001F8E
:1019100041F0010143E80012002AF7D1BFF35B8FC9
:10192000201F06F0EDFE04F17400044909F0B2FC3A
:101930002068BDE8104001F0CDBA00BF6F8D0100F6
:1019400070B503788AB004460E4607AD032B20D845
:10195000DFE803F002191B1D11492846FBF7A1FC23
:10196000059563780493A3780393E378029323792E
:10197000019363790093A3790A4A1E21304604F04B
:10198000FBFF0AB070BD0849E7E70849E5E70849E9
:10199000E3E7084A0A21284604F0EEFFE0E700BF2B
:1019A00055C901007EC901005CC9010063C901007D
:1019B0006DC9010077C901002DE9FF4105460E46BA
:1019C0004FF000084FF42053006817688DF8088026
:1019D00002A91446ADF80A3005F021FFA0B142F685
:1019E000010328688DF80C8003A9ADF80E3005F0CE
:1019F00016FF48B123691BB15A88B24200D25E80FB
:101A0000012004B0BDE8F0816168286805F007FF97
:101A100010B100232361F3E7E368A0681A786AB184
:101A2000B7F82AC0798B038A8C4594BFC3EB0C03AB
:101A3000C3EB0103934201DA0020E2E704210C30FA
:101A400005F092FE2061068023695E80074B0093BB
:101A50000194A26800232946384606F094FE002827
:101A6000EADB2069003818BF0120CAE76787010058
:101A70002DE9F34717680546894600685168D7F88D
:101A800004A0144605F0CBFE804600284BD19522D9
:101A90002946504607F015FB0646207540B1E3681D
:101AA0001B780BB184F81480002002B0BDE8F087E9
:101AB0002946504607F0EDFB10B908232375F3E7DC
:101AC000A068267505F023FE02210C3005F04CFEBF
:101AD000164B2061A0F8009000930194A268334651
:101AE0002946384606F04FFE002807DA10F1FF0FAE
:101AF00026BF4042C0B20E202075D5E72369002BD7
:101B0000D2D0A06806F0A1FC7B8B7A8D9A4294BF5C
:101B1000C0EB0200C0EB0300E3681B78984294BF5F
:101B200000200120C1E70120BFE700BF5B84010066
:101B3000F7B5002304460E462B480022694603F001
:101B400015FD0546D0B909F039FE284B009F1A58FB
:101B5000274B29461A60381D282209F09CFD3C605D
:101B6000009C24480195C4E90155C4E909550022A7
:101B7000002301A903F0FAFC054620B16FF00B0524
:101B8000284603B0F0BD019B0146B022184609F07B
:101B900082FD194A82605C3009F087FA019BBFF32D
:101BA0005B8F543353E8002F43E800510029F9D1EB
:101BB000BFF35B8F019B1C60636A019F1BB904F13B
:101BC0000C0009F072FA626AC7F8A820A26A07F14D
:101BD000A803636202B9A362019B17225A855A8344
:101BE00004333360CCE700BFDC04002008000000B1
:101BF00050270020F80400209C0300202DE9F74F17
:101C0000064608460C46FDF779FADFF89880182357
:101C1000434308EB03020546D2F808A0E068BFF38F
:101C20005B8F716DBFF35B8FC90738D5E1680978A9
:101C30001171002248F803200378D22B0ED13368AB
:101C40002146186807F04DFB40B101902046FDF792
:101C5000F5FA019B184603B0BDE8F08F04F10C00C3
:101C600005F0CAFD18235D4308EB050900231A4659
:101C700007462146301DB4F810B0C9F8086006F0D8
:101C800040FB03460028E5D06269A4F810B012FAC0
:101C900087F7E76048F80500C9F808A0DAE76FF0B1
:101CA0001503D7E7082700202DE9F74F0646EFF385
:101CB0001187402383F31288BFF36F8F434D28466B
:101CC00006F0B9FB2B680093044687F31188BFF335
:101CD0006F8F002860D0FDF711FA3D49182202FBF2
:101CE00000F3C81851F803B0036901930021D0E94B
:101CF000025790F80480B0F806A009F0CCFCA07A56
:101D0000FDF7F4F96169814651B1627AD00705D4D3
:101D1000D9F8242012682046926890470022626118
:101D20002146484609F0D8F9B8F1000F24D01DB378
:101D30002B680BB31B68FBB1BBF1000F1CD1281D36
:101D400006F00EFF4046FFF705FD052814D8DFE832
:101D500000F0260313261303BFF35B8F6B6DBFF3F5
:101D60005B8FDA0708D5AB6D33B14FF470220023D7
:101D700005F1780003F0BAFF009B6BB131460020FB
:101D800009F057FA002807DA002383F31188BFF31C
:101D90006F8F0323184602DF03B0BDE8F08F2B6876
:101DA000D3F80080BFF35B8F6B6DBFF35B8FDB07F6
:101DB000E2D5002FE0D0002403E001994046B84767
:101DC0000134A3B25345F8D3D6E700BF0027002063
:101DD00008270020F8B50B8A076804460D46002B3B
:101DE00039D0012105F10C0005F0EEFCBB7A072B80
:101DF000064630D154F8043C6BB301781748043CD4
:101E0000002310F833708F4200EBC30208D1298AF7
:101E100053789778994213D2012F1CD1042317E0ED
:101E200001330C2BEDD10846FFF794FC98B105283F
:101E300011D081B106230022204606F0D4FE0AE02C
:101E40005368294620469847012F034603D110B115
:101E500031780029EFD10020F8BD00BF04C0010097
:101E60002DE9F0410E8A043EF6B2022E04468CB0F3
:101E7000084601D0102E64D104210C3005F0A4FCDA
:101E80000DF1080805884788011D3246404605F0D7
:101E9000F4FC002857D09DB3002687B3BD422FD84D
:101EA0004FF4205301A940468DF80460ADF8063088
:101EB00005F0B5FC40BB1422002107A809F0EBFB9C
:101EC00011212046FFF7D0FC0990002837D00121CE
:101ED0000C30CDE9074805F047FC00230A901B4A67
:101EE000037039460B93284607AB06F0FFFA0A9BAE
:101EF0001B78FBB90998FDF7A1F90A2301E03D46DB
:101F000001232A4610210EE042F6010307A94046AC
:101F10008DF81C60ADF81E3005F081FC0028CAD099
:101F200010232A461946204606F05DFE00200CB01C
:101F3000BDE8F0810999204606F047FEF6E711203A
:101F4000F5E70420F3E70E20F1E700BFB91901001F
:101F50002DE9F043036885B004460D461868012159
:101F600007F094F940B904F1540006F0CCFCB0BB82
:101F7000122005B0BDE8F08310220021684609F068
:101F80008AFB21212046FFF76FFC029048B3DFF85F
:101F90005890009405F10C074FF001082B8A012B93
:101FA00004D80299204606F010FE18E0384605F0E5
:101FB0001BFC6B464A46014606468DF80C8006F02F
:101FC00095FA9DF80C30002BE8D00298FDF736F911
:101FD0009DF80C3032462021204606F004FE0020F9
:101FE000C7E71120C5E700BF858901002DE9F0434F
:101FF000036885B004460D461868012107F046F9CC
:1020000040B904F1540006F07EFCB0BB122005B0CC
:10201000BDE8F08310220021684609F03CFB0F2147
:102020002046FFF721FC029048B3DFF85890009457
:1020300005F10C074FF001082B8A012B04D80299F7
:10204000204606F0C2FD18E0384605F0CDFB6B4691
:102050004A46014606468DF80C8006F047FA9DF880
:102060000C30002BE8D00298FDF7E8F89DF80C3012
:1020700032460E21204606F0B6FD0020C7E71120AB
:10208000C5E700BF25890100F0B51D46036885B08E
:1020900004460E4618680121174607F0F7F838B9CC
:1020A00004F1540006F02FFC48BB122005B0F0BD2F
:1020B00065B310220021684609F0EDFA3946204642
:1020C000FFF7D2FB029018B3BDF82830ADF804300A
:1020D00001238DF80C300F4A00946B4629462846A0
:1020E00006F004FA9DF80C305BB10298FDF7A6F8F3
:1020F0009DF80C302A463146204606F074FD00203B
:10210000D4E70299204606F060FDF8E70120CDE70C
:102110001120CBE7258901002DE9F0410E8A043E0C
:10212000F6B2022E04468CB0084601D0102E76D1AD
:1021300004210C3005F048FB0DF1040805884788A0
:10214000011D3246404605F098FB002869D085B352
:1021500077B3BD422DD86068012107F097F8064695
:1021600078BB8DF8000042F6020369464046ADF8A0
:10217000023005F054FB20B342F6030306A94046A3
:102180008DF81860ADF81A3005F049FBC8B1012D83
:1021900003D14FF6FF739F4213D004F1540006F0B1
:1021A000B2FB002814BF002012200CB0BDE8F08163
:1021B0003D4601232A460821204606F014FD002052
:1021C000F3E7182200210DEB020009F064FA09215F
:1021D0002046FFF749FB0890F8B101210C30CDE90A
:1021E000064805F0C1FA0023099003700A238DF810
:1021F0002C300D4A06AB3946284606F077F99DF893
:102200002C302BB10898FDF719F89DF82C30D1E748
:102210000899204606F0D9FCD1E71120C5E7042033
:10222000C3E70E20C1E700BF711A01002DE9F0439A
:102230000F4687B00446062107F10C0005F0C4FAEA
:102240000588B0F802808288D7F80C90C5B10023C9
:10225000B8F1000F13D0A84512D38DF800308DF8D7
:10226000043001A94FF420536846ADF80220ADF8C0
:10227000063005F0D4FA064660B10A2301E045466F
:1022800001232A460621204606F0ADFC002007B0B7
:10229000BDE8F0830146142201A83F7C09F0FBF958
:1022A00007212046FFF7E0FA0290D8B10A238DF803
:1022B00015300D4A019401AB41462846CDE903692A
:1022C0008DF8147006F012F99DF815302BB10298B4
:1022D000FCF7B4FF9DF81530D3E70299204606F0CD
:1022E00074FCD3E71120D2E7038501007FB5CB68EA
:1022F0001D885E88044685B176B1AE420DD31022AA
:102300000021684609F0C7F905212046FFF7ACFA1D
:10231000019058B9112007E0354601232A460421CF
:10232000204606F060FC002004B070BD6B46094AF0
:1023300000943146284606F0D9F8029B23B901984B
:10234000FCF77CFF0A23E9E70199204606F03DFCF3
:10235000E9E700BF49860100F0B51E4603680D4657
:10236000003987B0044618BF01211868174606F0E7
:102370008DFF40B904F1540006F0C5FA002844D09E
:10238000002007B0F0BD002E41D018220021684681
:1023900009F081F947BB23681E4A1B68009300239C
:1023A000ADF812300C9B0393BDF83430ADF810300B
:1023B00001238DF8143031466B4630468DF80850B5
:1023C00006F094F89DF81430C3B1002FD8D00198CE
:1023D000FCF734FF9DF81430002DD1D03246294649
:1023E000204606F000FCCBE7002239462046FFF7E6
:1023F000EBF901900028CED11120C2E70199002904
:10240000BED0204606F0E1FBBAE71220B9E7012072
:10241000B7E700BF7B84010007B50B4602460021E9
:1024200009F0CCF901910F4909580F48006888421A
:1024300004D00E48D0F8B800884201D100221346DB
:1024400001A90B4803F092F8014648B9019B1022FC
:10245000184609F020F90346184603B05DF804FB5E
:102460000023F9E70800000050270020682400201E
:102470001405002010B50446806818B1FCF7DEFE94
:102480000023A36021460248BDE8104008F031BD9A
:10249000140500202DE9F347044678300E46174610
:1024A0001D4608F003FFA06D30B9204606F04AFC37
:1024B000002002B0BDE8F087124B98424FF00008B0
:1024C00005D12068C4F8588006F003FBF0E7D0F887
:1024D0000490C0F80480A06DD0F80CA0FFF7CAFFEC
:1024E0002068C4F8588006F0F4FAB9F1000FDFD084
:1024F0002068CDF800A000683B4632462946C84710
:10250000D6E700BF54270020F7B550F8044C054625
:10251000002C59D000F1A40104F1240006F0DAF9EE
:102520002E1F05F1580700220023384603F014F946
:10253000024678BB6B6D2BB101466FF067033046E6
:10254000FFF7A8FF002345F8043C05F15003BFF353
:102550005B8F53E8001F21F0010143E80012002ABD
:10256000F7D1BFF35B8F636A73BB04F10C060022E3
:102570000023304603F0F0F878B9666886B913484E
:102580002660214608F0B5FC286803B0BDE8F0409D
:1025900000F0D0BCFCF752FEC5E7FCF74FFEE6E7C3
:1025A000A26833686360964208BFA36077683FB152
:1025B000F3680093002320681A466FF06701B8475C
:1025C0003046FFF757FFD8E703B0F0BDDC0400202A
:1025D000F8B51D460F461646FCF790FD044C18232F
:1025E00003FB0040C0E903760123C3800575F8BDF5
:1025F0000827002010B5074C2378834208D1072212
:10260000601C09F050F800280CBF2046002010BDC7
:102610000020FCE72A2900201FB51046074A19466A
:102620004FF42813CDE9022308230093BDF81820A6
:102630006B4406F037FC05B05DF804FB1800280079
:102640002DE9F04180460F4616461D46FFF7D2FFA2
:10265000044670B90E49FFF7CDFF0446A8B1034602
:1026600003F8018B3A68C0F80120BA889A80BA79D9
:102670009A71228963891AB92BB92681658104E090
:10268000964238BF26819D42F8D8BDE8F08100BF50
:102690000EC801000C48BFF35B8F50E8003F23F0E9
:1026A000020340E80032002AF7D1BFF35B8FBFF38B
:1026B0005B8F0368BFF35B8FDB0704D50022002329
:1026C000303803F013BB7047501B00202DE9F04158
:1026D000284B164682689A42074602D1C46863892D
:1026E0007BBB0120BDE8F081FEF7B2FAE368002170
:1026F0006181002BF5D038469847F2E706F1700863
:10270000307A414605F0E0FA88B91B4B9C4202D171
:10271000304606F025FC194B1A68C4F801209A8847
:102720009B79AB710023AA8023702381DEE7336F8E
:10273000C4F80130B8F80430AB8098F80630AB71BB
:10274000D4E72389002BD1D02546304615F8011B4C
:102750002A4605F0E2FC0028D0D120782946FEF771
:10276000D3FD0028C2D0837A072BBDD1FEF770FAC3
:10277000B7E700BFAD270100DC0300200EC8010051
:1027800010B54B1C0C4630B109781A4605F0C5FC53
:1027900040B1204610BD04490722184608F083FFC7
:1027A0000028F6D00020F5E70EC801002DE9F84317
:1027B0001E46BDF82030D1F80C8081460F46002B14
:1027C00049D1731E012B49D8012E4146157818BFF7
:1027D0001588FFF7D5FF0446B8B915B93046BDE8EE
:1027E000F8834146FFF7CCFF0446002839D0D9F8DA
:1027F0007030C0F80130B9F87430A0F8053099F89D
:102800007630C37199F808300370D8F81030B3B936
:102810002581B8F80A30AB4203D04146384606F06D
:102820001EFB002DDAD1104B25701A68C4F8012068
:102830009A889B79A4F80520E3712581CEE72A4682
:102840003946484698470028C9DB01380128DFD9B6
:102850006FF00D00C3E76FF00600C0E76FF00C00EB
:10286000BDE76FF01000BAE70EC8010010B4194AB6
:10287000BFF35B8F52E8003F43F0010142E80010D4
:102880000028F7D1BFF35B8FDB0721D4BFF35B8F49
:1028900052E8003F43F0020142E800100028F7D15F
:1028A000BFF35B8F13F0020307D10B480B4902887B
:1028B0000B4CA14206D303B102800A490A4810BC5E
:1028C00008F0E8BC4B681A4492B208310123F0E7E3
:1028D00010BC70477C270020362900200CBB01006B
:1028E00024BB0100B92B0100201B00202DE9F04181
:1028F000034648B1008A38B91249DFF84CE0012498
:102900004FF0140C714501D3BDE8F081D1E9007698
:10291000BB4204D30CFB0672143A93420ED93444E2
:10292000A2B208311446EDE70CFB0578434507D009
:1029300001356219B54292B2F6D1F2E70025F8E707
:102940001046E1E70CBB010024BB01002DE9F74F65
:10295000BDF83050009199464FF6FF73002D08BF27
:102960001D46244B1B888342074690463CD203B049
:10297000BDE8F08F73682344BB4232D29CB2083664
:102980001D4B9E42F6D3F2E789580193404604F06E
:1029900046FF019B90B101340AF1010AA4B27368A9
:1029A0005345ECD9009B9C42E1D8BC423168F2D33C
:1029B0000BFB0AF28B18B8F1000FE5D1B9F1000F4B
:1029C0000BD1013DADB218460E9A0D9B214698479A
:1029D000002DCCD00028DED1C9E7DA689145DAD1E4
:1029E000EFE74FF0000ADAE7044E01244FF0140B32
:1029F000C6E700BF3629002024BB01000CBB010044
:102A000007B500230193FFF771FF411C89B2084607
:102A1000034A01AB06F04AFB019803B05DF804FBE2
:102A2000238E01002DE9F84389465168B1F81280E0
:102A300018F09408074615463CD1022206F05FFBC9
:102A400000283AD04FF470200021AE8AFFF7E4FC52
:102A50000236044660B11A4B4360C56032461D2100
:102A6000384606F043F9064638B92046FFF702FD1E
:102A70006FF00B052846BDE8F88301234246414626
:102A8000FFF7A6FDA98A06F10C00023104F06CFEE6
:102A900020F8029BAA8A296908F0EFFDA66021466A
:102AA000384606F0A1F905460028E3D02046FFF796
:102AB000E1FCDFE74FF0FF35DCE76FF01505D9E704
:102AC000298E010030B5394BBFF35B8F1B68BFF314
:102AD0005B8F5A078BB004460D4661D510B1837ADF
:102AE000072B60D168680590FFF700FF2A68ADF8F2
:102AF00018003AB305A902912D4901910121002343
:102B000000914FF6FF710593FFF720FF059B1BB95E
:102B10006FF001000BB030BD6B60059B186800239F
:102B20008DF8103004A942F60303ADF8123004F01A
:102B300076FE70B90598C3689B799B0605D46FF043
:102B40001500E7E70028E8D1E2E706F068FAADF8FB
:102B50001800BDF818003CB101230146AB752A46A8
:102B60002046FFF75FFFD5E76FF07F03079302234F
:102B7000ADF8203042F60213ADF8123005ABAC755B
:102B800002930C4B01930123009304AA23464FF6B2
:102B9000FF7109958DF81040FFF7D8FE0798B9E747
:102BA0006FF00A00B6E76FF07F00B3E7E4010020A2
:102BB000578E0100D52D010013B550F8082C019255
:102BC0000346A0F1200100F13004BFF35B8F54E80D
:102BD000002F22F0010244E800200028F7D1BFF3C3
:102BE0005B8F114A43F81C2C104A43F8182C01AA99
:102BF000002043F8102C042223F8080C23F8060CBC
:102C000023F80C2CFFF75EFF58B9BFF35B8F54E835
:102C1000003F43F0020344E80032002AF7D1BFF33B
:102C20005B8F02B010BD00BFA0C00100952601005F
:102C300070B5274B156882689A42044645D1C6682C
:102C40003389002B41D03246284612F8011B05F08B
:102C500064FA002839D04FF495722146284606F0D0
:102C600030FA032831D03146204606F0F8F8194BE7
:102C70009E422AD1287A05F17001FFF7BBFC044679
:102C800018B303890BB94389FBB12846FEF7D6F880
:102C9000114A238922F8203002EB80036189598090
:102CA0000E490F4C182303FB001300B202EB800205
:102CB00000EB40005C601A610A4C9C60042201EB4E
:102CC000C00128469A82FFF7FDFE012070BD00BFBB
:102CD000AD270100DC030020262900206427002006
:102CE000A0C001008F8E010030B5374BBFF35B8F62
:102CF0001B68BFF35B8F5A078BB004460D465DD54A
:102D000010B1837A072B5CD168680590FFF7EEFD60
:102D10002A68ADF818003AB305A902912B49019130
:102D20000121002300914FF6FF710593FFF70EFE7E
:102D3000059B1BB96FF001000BB030BD6B60059BAC
:102D4000186800238DF8103004A942F60303ADF88B
:102D5000123004F064FD70B90598C3689B79DB06F6
:102D600005D46FF01500E7E70028E8D1E2E706F0A8
:102D700056F9ADF81800BDF818002CB101462A46E6
:102D8000204606F04EFAD7E742F60212ADF81220BE
:102D900005AA6FF07F0302920D4A07930123CDE944
:102DA0000032ADF8203004AA23464FF6FF71099592
:102DB0008DF81040FFF7CAFD0798BDE76FF00A00D5
:102DC000BAE76FF07F00B7E7E4010020578E0100FB
:102DD000D52D0100F8B53B4B144682689A42074650
:102DE00001D00120F8BDC668374B9E4250D03289D1
:102DF000A3899A4206F10101F3D13078FEF784FAF3
:102E000005460028EDD0837A072B05D0FDF720FF7B
:102E1000E7E7FDF71DFFEAE7736923B139469847F5
:102E200008B92846F2E77B8A13F09407F9D1A38901
:102E3000022B14D1338913F0020604D12846FDF782
:102E400007FFA660CDE72269A1882846FFF7EAFDC3
:102E50000646A8B92269937D01339375EEE7012BED
:102E600004D02846FDF7F4FEA760BAE7338913F0D3
:102E70000106E3D02269A188284606F0D2F9064669
:102E80002846FDF7E5FE002EA660AADA0020A9E795
:102E90000E4D0F490722284608F005FC0028A6D051
:102EA00015F8010C07222946FEF748FA0028B0D190
:102EB000236915F8010C1A69294653881288FFF70F
:102EC000BFFB94E7AD270100DC0300202B29002085
:102ED0000EC8010007B5064A00906B4601204FF668
:102EE000FF718DF8040006F0E1F803B05DF804FB13
:102EF000312C0100F8B50E4B1B6805460E461746EF
:102F0000A3B11C6804B1043C53F8043C1BB13A461D
:102F10003146284698474CB1234664681B681CB16B
:102F2000043C002BF3D1F7E7002BF0D1F8BD00BF34
:102F3000802700200346034A4FF6FF71012006F068
:102F4000B5B800BFCD260100044B186818B9044A73
:102F50005A600B6070476FF00B00704788270020A5
:102F600054C10100084B70B5C31A0D4607499B10A8
:102F7000044659430648402206F0C1F92B46014653
:102F80002046BDE870401847EC270020B76DDBB63F
:102F900078B8010073B50C4C0C4A4023041B009315
:102FA0000D460B460A49A41061430646094806F03F
:102FB000D2F9011E05DA30462B4602B0BDE870405A
:102FC000184702B070BD00BFEC270020C19301007C
:102FD000B76DDBB678B801000022F8B501210546CF
:102FE0001046FBF739FE104801F078FD0446B8B9E9
:102FF00007F0F0F92F690D49384604F05EFA031E18
:1030000009DB01263E642D69084905F11C0004F026
:1030100054FA031E02DA1C462046F8BDEE64FBE7B4
:103020006FF00404F8E700BF653101007CC10100C6
:103030007FB500220123CDE9022304ABCDE904339F
:10304000094ACDF800D06B46CDF804D006F0B1F9AE
:10305000002805DB4FF480420023684602F0E8FBBD
:1030600007B05DF804FB00BFD393010010B5EFF388
:103070001184402383F31288BFF36F8F074A1368CC
:1030800023F00201DB07116002D4012007F09CF954
:1030900084F31188BFF36F8F10BD00BF3C28002060
:1030A00030B4104B0C2202FB003301460020D3E960
:1030B0000E529863EFF31180402484F31288BFF31B
:1030C0006F8F1C6C04F0C00444F002041C6480F395
:1030D0001188BFF36F8F1DB12B46034830BC1847D2
:1030E00030BC7047EC27002078B8010010B4EFF333
:1030F0001182402383F31288BFF36F8F1748016852
:1031000041F002040460C80707D482F31188BFF3BA
:103110006F8F012010BC01F0D1BC4FF08041D1F87D
:103120000C04D1F80C14C907EFD5EFF3118083F329
:103130001288BFF36F8F0A490B6C03F0C00343F092
:1031400002030B6480F31188BFF36F8F82F3118841
:10315000BFF36F8F002010BCFFF7A2BF3C280020F8
:10316000EC27002010B1012804D07047034B1B6CE2
:103170005B0701D1FFF794BF704700BFEC27002029
:103180002DE9F0413849BFF35B8F0746012251E832
:10319000003F41E800200028F9D1BFF35B8F33B92D
:1031A000324933484B60CB608A6004F099F97B1E4A
:1031B000012B2BD8012F07D14FF08043D3F81C34BB
:1031C00003F00303012B21D008F083F80546F8B97A
:1031D000284B1B78E3B14FF080430222C3F8082349
:1031E0000646DFF894804FF08044D4F81824D4F8D1
:1031F0001834D20315D503F00303012B01D0012F9E
:103200000FD155B386F31188BFF36F8FBDE8F081FE
:10321000EFF31186402383F31288BFF36F8F0125EC
:10322000DFE7ADB1304604F015FAD4F81835002BBD
:10323000DBD1D4F80421002AD7D0C4F80431D4F863
:1032400004310123C4F81835C8F88031A360CCE7F5
:103250000021212008F0DAF8E7E74FF0804302224E
:10326000C3F80423D2E700BFE8270020D8270020B6
:1032700008280020DF29002000E100E008B5074809
:1032800007F0E3FD38B10648FBF7F6FE0448FBF70C
:1032900013F8002008BD6FF01200FBE7CCB8010066
:1032A000A53201000A2838B5074D044604D1AB68A1
:1032B0000D215B6828469847AB6803485B68E1B21C
:1032C0009847204638BD00BFCCB80100EFF311820B
:1032D000402383F31288BFF36F8F0A4BD3F800119A
:1032E00061B10021D3F80805C3F80011D3F800310B
:1032F000C0B282F31188BFF36F8F70476FF00A007E
:10330000F7E700BF00D00040F0B5034610469C78B8
:1033100093F803C0EFF31182402585F31288BFF3C1
:103320006F8F1F7893F801E0E41B04EA0C04A042BD
:1033300088BFA0B23E180CEA06063D461E7082F316
:103340001188BFF36F8F0A188A4216D177450CD1C6
:10335000EFF31182402181F31288BFF36F8F197848
:10336000597082F31188BFF36F8F1B79241AA3421F
:1033700022BF064B01221A60F0BD5E190135767935
:1033800001F8016B05EA0C05DEE700BF00D0004044
:10339000DB432DE9F04713F001050E46144604D037
:1033A0002248FFF7B1FFBDE8F0879AB3EFF3118829
:1033B000402383F31288BFF36F8F0D20FBF73EFC91
:1033C00007460D20FBF726FC88F31188BFF36F8FAB
:1033D000DFF85CA0DFF85C80CAF80051DAF8003151
:1033E0004FF400590123CAF800302546C8F88091EF
:1033F000DAF8003183B1FFF769FF031EC8F8809146
:10340000F6DB013DADB27355002DF1D117B10D20A2
:10341000FBF7F2FB2046C6E7EFF31180402383F36E
:103420001288BFF36F8F04F015F9E1E770280020D0
:1034300000D0004000E100E02DE9F041124F0D46C0
:10344000144607F1450814B92046BDE8F0814FF055
:10345000FF334FF0FF32384602F0EAF922462946A0
:103460004046FFF751FF0646384602F0A7F93EB93D
:103470004FF0FF324FF0FF33044802F0D9F9E6E78E
:10348000A41BA4B23544DEE74028002058280020C1
:1034900038B5194C01221146204607F02BFE0122B7
:1034A000002104F1180007F025FE40F20743A4F8BC
:1034B00048304FF0706323630C2384F834300025C8
:1034C0000E4B84F84550A4F84650D3F8042522F05A
:1034D0000102C3F804250121C3F80051D3F80021EB
:1034E000C3F804132A4619600D20FBF7B5FB0D2025
:1034F000FBF782FB284638BD4028002000D0004062
:1035000010B5FFF7E3FE002820DB174B93F83220BD
:1035100093F8314093F83310141B31EA0404C0B21D
:103520000DD193F8472093F8464093F84810141BA8
:1035300031EA04040BD10D4B01225A600EE09C18B5
:103540000132114084F8350083F8321010BD9C1808
:103550000132114084F84A0083F847100448BDE85E
:10356000104002F02BB900BF4028002000D00040DE
:1035700058280020430970B507D10B4B596821B179
:1035800001250C68094E854001B970BD8A682A4042
:1035900002D04B68304698471CB1236821461C4630
:1035A000F2E72346FAE700BF9428002094B8010010
:1035B00038B54568A86890B107F0BFF9014670B901
:1035C000A86807F09EF9044658B902460649A8685B
:1035D00007F088F9224605210620FBF73DFB002075
:1035E00038BD6FF00400FBE7753501002DE9F04FA1
:1035F000DFF81CC1474F002540F2FF16EBB299429D
:1036000002D80020BDE8F08F50F8254014F4804F18
:10361000C4F3C32EC4F3080366D1240E17F80E902A
:10362000B34208BF4FF0FF33062C60D8DFE804F048
:10363000040A114F14494F00C2F80C355C1C49D1E3
:103640000135DBE7C2F814355C1CF9D00024A04634
:1036500012E0C2F80835F1E75C1CC2F80835EFD07B
:1036600000245FEA531E45D14FF001084FF0A04EF1
:1036700008FA03FACEF80CA550F825B00BF4004E6A
:10368000BEF1000F1CBF4FF00008012403F01F0E15
:103690005B0937D14FEA8E0E0EF1A04ECBF3412BD2
:1036A000DEF800A74FEA092343EA8B030AEA0C0A73
:1036B00043EA0A0343EA080343EA4403CEF8003727
:1036C000BEE75C1CC2F80C35BAD00124C9E7C2F8C9
:1036D0001035B9E75C0911D101244FF0A04E04FA6E
:1036E00003F8CEF80885B2E76FF015008AE76FF0AF
:1036F000850087E70023C3F80C35FFDE0023C3F8FD
:103700000835FAE70EF5E07E002353F82E30F4E793
:10371000F0F8FCFFCEC9010070B504468AB04668D7
:1037200005690122002105F15C0007F0E3FC00229D
:103730000023CDE9062300236FF00502CDE9032322
:10374000CDE901334FF4806205F180011C4B0095F7
:1037500005F5986002F056FB1A4A05F13C0106F1A6
:10376000280006F071F918B16FF015000AB070BDAD
:10377000154A05F1480106F1300006F065F9002808
:10378000F2D1B36A5BB108238DF827300DF127021F
:1037900001235321204605F0F4FF0028E6DB336BBC
:1037A0000BB90020E2E708238DF827300DF127023E
:1037B00001235421204605F0E4FF0028F1DAD5E783
:1037C000499B0100F99A0100219B01002DE9F0417C
:1037D000044647680D4607F07CFD88B14FF040086D
:1037E000EFF31186314688F31288BFF36F8F60685C
:1037F00006F08BFA50BB86F31188BFF36F8FEFE7AB
:103800001F4B1B78002BE9D04FF0400864266068FE
:1038100006F07BFA70B9012006F005FE013EF6D1F4
:103820000021212007F0F2FDF0E786F31188BFF3B5
:103830006F8FF5E7EFF31186314688F31288BFF3F7
:103840006F8F606806F061FA0028EED0BB691D70CA
:103850006368BA691B680020C3F844250122C3F8D5
:103860004825C3F82001D3F82041C3F85801D3F804
:1038700058019A6081F31188BFF36F8FBDE8F08122
:10388000DF2900202DE9F04F8BB09A464368009362
:103890008B88046906469804894693462CD44FF0D9
:1038A000FF324FF0FF3304F1380001F0C1FFC4F8DC
:1038B0002C907568D6F810802B68019398F8953095
:1038C00023B1D8F82830994500F09480B9F804E085
:1038D0001EF4006F17D06FF08505A36A13B19B88A3
:1038E0009B0405D40023E36204F1380001F066FF75
:1038F00028460BB0BDE8F08F236C002BCFD1E36AD4
:103900009942CCD1D5E71EF0090F02D06FF0150512
:10391000E3E7CEF34513082BF8D1D9F800C0934B59
:103920009C45F3D904350FCD02AF0FC795E80F00C2
:1039300087E80F00019B634528BF63469C468C4B7C
:103940009C4515D28B4B9C4500F2CE808A4B9C4502
:1039500000F2CC80894B9C4500F2CA80884B9C4584
:1039600000F2C8808749884B884A8C4588BF134637
:103970001EF0020F07930EF0040300F0BD80002B31
:1039800014BF032302238DF82030CEF300138DF8EB
:103990002130D8F80030D3F80825511C13D01EF080
:1039A000020F02F01F00CEF340014FEA52124FF017
:1039B000010340F0A580002A40F0D1804FF0A042E2
:1039C0008340C2F80C3598F895302BB1404601F091
:1039D00049FC002388F895306D4A334602A94046D9
:1039E00007F024F9051EFFF678AF012388F895301B
:1039F000C8F82890012384F89430009B596B4A1C26
:103A000002D0186B00F0CEF8BBF1000F7FD1C4F8E4
:103A10006CB00023236704F1800204F1700104F10B
:103A20006C0006F029FAE067BAF1000F78D1C4F80B
:103A300074A00023A36704F1880204F1780104F163
:103A4000740006F019FA002504F128072A46C4F884
:103A5000840001213846A56606F044FA304606F097
:103A6000F8FA206F2A462B46834261D10023A56FC6
:103A70001946A94263D19A4238BF1A464FF4FA5305
:103A800003FB02F5A36A4FF000081B68B5FBF3F5D2
:103A90004FF4004CC835414640F2E7304FF47A729B
:103AA0000023E5FB0C01F6F74DFD04F1500702463B
:103AB0000B46384601F0BCFE024618B9A56E15F15A
:103AC000740F43D12046C4F8908001F0CBFB84F8FA
:103AD00095806FF07301304606F0A9FA384601F080
:103AE000CDFE6FF07305F8E62A4B41E72A4B3FE71E
:103AF0002A4B3DE72A4B3BE7003B18BF012342E737
:103B000082BB4FF0A0428340C2F808355BE7DBF888
:103B10000030E366002B3FF47CAFDBF8043079E73C
:103B2000DAF800306367002B83D0DAF8043081E7DD
:103B3000E16E01EBC301013349680A4494E7606F09
:103B400000EBC10001314068034492E7002D3FF4CF
:103B5000C4AE30691146283006F0C4F9BDE6C1F89C
:103B60000C15FFDE0023C3F80835FAE747E801002B
:103B700000127A00FF083D007F841E003F420F00C4
:103B80001FA107008FD0030048E8010090D0030078
:103B900023A1010000093D0080841E0040420F0067
:103BA00020A107002DE9F0410D46064606F016FF5C
:103BB000002207462946304606F0C7FE6B0905F08D
:103BC0001F0429D1A40004F1A044164BD4F8002707
:103BD000134043F00C03C4F8003706F03DFB804669
:103BE0003368DB597BB100273046294606F0F4FEE6
:103BF000D4F800270B4B134043F00403C4F80037FC
:103C00003846BDE8F08106F027FBA0EB0800062847
:103C1000E6D96FF07307E7E704F5E074002353F883
:103C20002430FFDEF0F8FCFF70B5012383400E4A1C
:103C3000BFF35B8FDC4352E8001F01EA040542E852
:103C40000056002EF7D1BFF35B8F4FF480328240D5
:103C50000648C0F80823BFF35F8FBFF36F8F0B4296
:103C600014BF0120002070BDB028002000100140CA
:103C700070B40E49D1E90034D01AC31844F10004DD
:103C800022F07F46C1E90034A6F50013B3F5400FDA
:103C900009D2074B1B681A0A1B069C19054B42F1F7
:103CA0000005C3E9004570BC02F096BD681B00200A
:103CB000B4280020701B002011B3BFF35B8F0123D9
:103CC000104A834052E800CF4CEA030C42E800C19E
:103CD0000029F7D1BFF35B8F0B4A4FF48033834049
:103CE000C2F80433094BBFF35B8F1B68BFF35B8FD4
:103CF000C340DB0742BF064B4FF40032C3F800213C
:103D0000704700BFB028002000100140AC28002000
:103D100000E100E00D4B1868010A0006BFF35F8F59
:103D20000B4BD3F80435181841F10001B3F5801F8F
:103D30000AD2084BD3E90023904271EB030303D26C
:103D400010F1807041F10001704700BFB4280020DD
:103D500000100140701B00202DE9F04F85B0164681
:103D60001F469DF840A00446FFF75EFF0190FFF755
:103D7000D1FFB04271EB070354D23E4B301A67EBD0
:103D80000101984271F100014FD23B4B03EB041348
:103D9000D3E902239F4208BF96425ED037494FF4D1
:103DA000803804F1500508FA04F8AD00C1F84883E2
:103DB0002046ADB206F044FA26F07F4B05F180456F
:103DC00004F5A87305F58835DC464FF00309029326
:103DD000029A2CF07F4341F82230C1F84483D1F895
:103DE0000435274A6FF00200C01A604420F07F407B
:103DF000904232D9286868B1D1F804350393A3EB17
:103E00000B0020F07F40B0F5000F26D9204606F0C9
:103E100017FA039BBAF1000F07D109EB030C09F164
:103E20000109D5E7BAF1000F09D06FF0150520465A
:103E30000199FFF741FF284605B0BDE8F08F012347
:103E4000104ABFF35B8FA34052E8000F184342E8CB
:103E500000010029F8D1BFF35B8F07490E982301B9
:103E600001EB0412C8500F9B5360C2E902670025A2
:103E7000DDE700BF01008000581B0020001001405A
:103E8000FDFF7F00AC2800207FB51C4C1C4BC4F804
:103E90000833C4F848331B4B00254FF0FF304FF078
:103EA000FF31C4F80855C3E902014FF48033C4F868
:103EB0000433154B02264FF400320121C4F8046389
:103EC0001120C3F880212A46FAF7C6FE1120FAF71E
:103ED00093FE0E4A0123A360236013600C4B0D4A2E
:103EE0000093CDE9015500232846FFF735FF304602
:103EF000FFF746F9284604B070BD00BF001001402E
:103F000003000F00581B002000E100E0B028002053
:103F1000713C0100FFFF7F002DE9F7432B4CD4F8E3
:103F2000043399070BD5D4F8043143B1284A002350
:103F3000C4F80431D4F80431136801331360D4F8A1
:103F40000433DA0323D5BFF35B8F224B53E8002FF2
:103F500022F0010143E800100028F7D1BFF35B8F86
:103F6000D30702D4D4F840318BB10025C4F84051B6
:103F7000D4F84031FFF7CEFEEFF3108272B6164B45
:103F8000D3E90267B042B94104D282F3108803B08A
:103F9000BDE8F0834FF0FF384FF0FF39C3E90289E5
:103FA000D3E900101D604FF48033C4F84833C4F8DF
:103FB0004051D4F8403182F310880029E7D00090B6
:103FC00032463B4628468847E1E700BF00100140E3
:103FD000B4280020AC280020581B002030B5431C1A
:103FE000124C85B005D08442A8BF0446012CB8BF4E
:103FF0000124FFF78FFE0E4B0C4DD3E90013401A3E
:10400000B0F5000F10D22218AA4228BF2A46521833
:104010004FF0000007490091CDE9010043F1000392
:10402000FFF79AFE05B030BD2A46F0E7FFFF7F009C
:10403000681B0020713C010008B5FFF76BFE024BC6
:104040001B68C01A08BD00BF681B002002460B4653
:10405000014801F0B9BA00BF30050020014801F065
:104060002BBB00BF300500201FB5002401940A229D
:104070000294CDF80B400091014601A807F023FB04
:10408000009A084801A903F0AFF9074803F0ACF91A
:1040900084F31188BFF36F8F0323184602DF04B047
:1040A00010BD00BF4BCB0100BDC7010070B5064677
:1040B00088B024480D46244907F09FF803A8ECF780
:1040C0008BF9224806F0C1FE002834D0204B019322
:1040D00001A8ECF7ABF988BB4FF0FF304FF0FF3190
:1040E000FFF7B4FF044638B91A491B48ECF736F914
:1040F000044620B1FFF7B2FF204608B070BD41F67C
:104100004C5302A80293EDF775FD20B1FFF7A6FF0F
:104110006FF08504F0E7012368468DF80030F7F76B
:104120006BF90028F2D1FFF799FF33690B481D6046
:10413000FBF73AF9E0E76FF01204DDE76FF01504E2
:10414000DAE700BFBC28002005A30100B0B80100D9
:1041500051420100781B0020694201002542010004
:1041600030B52B4885B0ECF77DF8044600284AD1DD
:10417000ECF744F90125ECF74DF9F6F706FAF6F7F6
:1041800006FA01AA022120468DF80450ECF798F8AF
:10419000031E37DB082301AA07212046ADF80430AF
:1041A000ECF78EF8031E2DDB4FF01B13019301AAD1
:1041B00040F2032303212046ADF80830ECF780F8E5
:1041C000031E1FDB01AA042120468DF80450ECF7E2
:1041D00077F8031E16DB1F2301AA06212046ADF83F
:1041E0000430ECF76DF8031E0CDB40F2A46293423E
:1041F0000CDD84F31188BFF36F8F0423184602DFB0
:104200006FF00B031C46204605B030BD2346F9E78E
:10421000694001000149024807F00BB8BC280020A2
:1042200020220020094B93F84730042B02D181074C
:1042300009D47047022B02D1020704D47047082B1F
:1042400003D1830601D5FFF7E5BF70474F29002052
:1042500010B403460A46034881680C681946234691
:1042600010BC1847B0B8010070B5334C94F8473013
:10427000EBB194F84730042B3AD120783E2828D16E
:10428000A678B31E5E425E4163780233472B3DD869
:10429000002200233146FBF795F80546D8B9BEB198
:1042A000002384F84730BDE87040FFF7B3BF4FF0FC
:1042B000FF304FF0FF31FFF7C9FE48B904F1470165
:1042C000204600F045FB0546FFF7C8FE002DD0D084
:1042D00070BD0026D8E762780232174905F10C005C
:1042E00003F048FA154B16481B6829469847D7E74C
:1042F000022B14D1002200230820FBF73DF80546CD
:104300000028E5D062880432472AE6D9002383F3E7
:104310001188BFF36F8F0423184602DFC0E7082B14
:10432000BED1002200232020FBF726F86288054634
:104330000028E8D1CCE700BF4F290020B828002092
:10434000E8B80100F7B5C04D2B780646002B40F0C9
:10435000F78204238DF80730BC4B04881F68B7B17F
:104360000DF106030DF10702691CB84701280ED0B4
:104370009DF80630002B40F074819DF80730AB703B
:104380000E2201236A70EB70AC80A87172E1B4F563
:10439000105F4FEA94230AD2002B4ED0013B072B2B
:1043A00008D8DFE803F00907367A070707C13F2B73
:1043B00000F0EA81012055E0304640F2064230F933
:1043C000033B93420FD040F21D4293421ED0012086
:1043D00040F206439C4200F0448140F21D439C425F
:1043E00000F03F813EE0EDF7CBF942F264039C42DE
:1043F00040F27D8242F285039C4233D842F2670349
:104400009C4200F2868242F26603E8E7EDF716FA74
:10441000EBE7304640F6634230F9033B934230D03D
:104420000DDC40F6034293421FD040F62D429342EA
:104430001ED040F60142934212D0012011E140F615
:104440007B42934220D040F67C429342F5D19DF8C6
:1044500007307F4902338DF80730F6F76CFF01E033
:10446000ECF72CF80128E8D087E7F6F785F8F9E7AC
:104470009DF80730764903338DF80730F6F7CDFD08
:10448000F0E7ECF72DF8EDE79DF8073070490433BD
:104490008DF80730F6F740FFE4E73388A3F5805343
:1044A000013B082BC9D801A252F823F0D1440100E6
:1044B000E3440100F74401003B4401003B44010098
:1044C0003B4401003B4401003B440100174501000F
:1044D0009DF807305E4808338DF80730F6F78BFDFE
:1044E000C0E79DF807305A4840338DF8073005F093
:1044F0000BFF002041E79DF8073008338DF80730A7
:10450000534B00221A605A60EB7A23F0600343F0A9
:104510006003EB72EDE79DF807304D4806338DF8E8
:104520000730F6F7BAFD9DE7304642F2320130F827
:10453000033B1AB28A4279DCB2F5005F42F26402B0
:1045400008DC94423FF479AF40F2E18142F2850306
:10455000012051E7A3F50053013B312BF1D801A114
:1045600051F823F0554601007F46010091460100B5
:1045700043450100A3460100A9460100AF460100E2
:10458000C1460100C7460100CD4601004345010078
:1045900043450100434501004345010043450100F7
:1045A00043450100434501004345010043450100E7
:1045B00043450100D9460100EB460100F1460100E8
:1045C000034701004345010015470100274701004B
:1045D00039470100434501004345010043450100BF
:1045E00043450100434501004345010043450100A7
:1045F0004345010043450100434501004345010097
:104600004345010043450100434501004345010086
:104610004345010043450100434501004345010076
:10462000594701006B4701007147010042F24B03FB
:104630009A4200F0A08042F27C039A4249D042F2B2
:1046400064039C427EE700BF97290020CC2800200D
:104650009E290020EBF74EFF42F264039C427FF458
:10466000C4AE0F236B700423AB700123E8702B7171
:10467000A5F8054001232B70002003B0F0BD9DF884
:104680000730B14803338DF80730EDF76FF8E3E7F3
:104690009DF80730AC4808338DF80730F6F7CAFDAF
:1046A000DAE7F6F716FDD7E7EDF7A4F9D4E79DF8BA
:1046B0000730A54801338DF80730F6F7DAFCCBE771
:1046C000F6F7E5FDC8E7F6F7BDFDC5E7EDF7ECF950
:1046D000C2E7F6F79AFEBFE79DF807309A4907331D
:1046E0008DF80730F6F702FDB6E7F6F793FDB3E76E
:1046F0009DF80730944910338DF80730F6F7C4FC65
:10470000AAE79DF80730904808338DF80730F6F790
:104710007EFCA1E79DF807308B4902338DF8073006
:10472000F6F7DAFD98E79DF80730874902338DF8F0
:104730000730F6F7E2FD8FE79DF8073008338DF874
:1047400007308F23EB71C023EB7242F264039C426B
:1047500040F0C780002084E79DF807307A49043391
:104760008DF80730F6F7E1FC76E7EDF73BF873E7F5
:10477000F6F718FD70E79DF80730734802338DF89F
:104780000730F6F765FC67E730464FF60C5230F815
:10479000033B934244D84FF60252934206D803F2A9
:1047A000FF3292B20A2A1DD901204CE0A3F57D43C5
:1047B000033B092BF8D801A252F823F0B9480100B5
:1047C000A9470100BF480100A9470100A94701000E
:1047D000A9470100C5480100A9470100A9470100F8
:1047E000CB480100A3F57C43013B0A2BDCD801A296
:1047F00052F823F03748010053480100A94701004F
:10480000A9470100A9470100A1480100A9470100EB
:10481000A94701007D4801008F480100A748010019
:104820004FF61452934253D04FF616529342BBD1D7
:10483000EDF7E8F907E09DF8073043480C338DF8B1
:104840000730F5F7A6FE24F008034FF60252934214
:10485000C6E59DF8073040338DF807303A4B00200D
:104860001880EB7923F0230343F02303EB712B7AB9
:1048700023F0070343F007032B72E4E79DF80730AA
:10488000314817338DF80730F5F79DFEDBE79DF8CB
:1048900007302D4820338DF80730F5F7B8FED2E702
:1048A000F5F78FFECFE79DF80730274801338DF8E5
:1048B0000730F5F7C9FEC6E7F6F79EFDC3E7EDF74B
:1048C00099F9C0E7F5F7D6FEBDE7F6F77EFDBAE742
:1048D0009DF807301C4904338DF80730F5F7CEFEFC
:1048E000B1E703D942F28503002085E5002042F2BA
:1048F00019039C4218D842F20C039C427FF668AD23
:10490000A4F500530D3B9BB241F2412206E0012089
:10491000EDE7A4F50153283B0C4A9BB222FA03F3BE
:10492000DB077FF59FAD9CE642F232039C423FF4E9
:1049300098AEA4F50153033B012B3FF693AD90E6EF
:104940004FF0FF3099E600BF9E2900202F804020C5
:1049500038B5094C23780D461BB9BDE83840F5F74A
:1049600094BFA278611C023206F087FE0020042367
:1049700020702B7038BD00BF9729002070B5054608
:104980000E46084C204606F060FA38B1A368B2B271
:10499000294620461B68BDE8704018476FF012009A
:1049A00070BD00BFB0B801001FB5002401940A22F9
:1049B0000294CDF80B400091014601A806F083FE59
:1049C000009A084801A902F00FFD074802F00CFD0B
:1049D00084F31188BFF36F8F0323184602DF04B0FE
:1049E00010BD00BF7CCB0100BDC7010037B532232D
:1049F000ADF80430124A00230125192168468DF8CC
:104A00000630ADF800508DF80230F4F75FFB044635
:104A100098B904F0E5FC80B2F2F72EFB2A46214655
:104A20000820FAF719F92A4621460B20FAF714F95B
:104A30002A4621462846FAF70FF9204603B030BD32
:104A4000A94901000149024806F0F3BBD028002023
:104A50002022002037B50D4D0D49002400946FF041
:104A600009034FF48062284601F0A2F8094928465C
:104A700001F042F90849094806F0BFFB224604212B
:104A80001920FAF7E9F8204603B030BD20220020B3
:104A90008032002091CB010061A30100D0280020CA
:104AA00010B9024B1B681847704700BFE028002070
:104AB000014B01201B681847E028002028B101287D
:104AC00007D104490020F2F7FFB9034B01201B680E
:104AD00018477047A14A0100E0280020014B1860E8
:104AE00000207047E028002010B50C29036912D17E
:104AF00018680A4C80EAE073A3EBE073990803F0AE
:104B00000303002804FB03F3BCBF49425B42C2E934
:104B10000013002010BD6FF08500FBE790D003006C
:104B2000BFF34F8F0549064BCA6802F4E062134396
:104B3000CB60BFF34F8F00BFFDE700BF00ED00E08B
:104B40000400FA054FF0704393F8E02F062A09D1CC
:104B5000D3F8E83FC3F30313033B042B02D8024A04
:104B6000D05C704700207047BBCB01004FF08053F2
:104B7000D3E94C23062A05D1033B042B0AD8064A65
:104B8000D05C70470A2A03D1022B03D8034AF7E707
:104B90000020704701207047ACCB0100A9CB010079
:104BA000024AD2F80034002BFBD0704700E00140ED
:104BB00010B54FF08053D3F830315A1C04BF4FF07A
:104BC000704393F8E03F062B08D14FF08053AC4A76
:104BD000D3F82433C3F30423C2F84035FFF7B2FF00
:104BE00010B1A84BA84A5A6705F007FC48B14FF02E
:104BF00080534FF08042D3F84432C3F34233C2F8BB
:104C00003C35FFF79FFF30B1A04AD2F8FC3023F0CB
:104C10008073C2F8FC3005F0F0FB40B14FF08043E8
:104C20000022C3F80C21C3F81021C3F83825FFF780
:104C300089FF20B14FF080430322C3F8A025FFF77E
:104C400081FF60B1924B0522C3F810260122C3F800
:104C500088260022C3F818263F22C3F814264FF0F6
:104C60008053D3F83021541C09BF4FF07043D3F860
:104C7000343193F8E02FD3F8E83F08BFC3F30313B0
:104C8000062A4ED1033B042B03D8824AD35C002B67
:104C900049D04FF08052804BD2F80414C3F820154D
:104CA000D2F80814C3F82415D2F80C14C3F8281548
:104CB000D2F81014C3F82C15D2F81414C3F8301518
:104CC000D2F81814C3F83415D2F81C14C3F84015E0
:104CD000D2F82014C3F84415D2F82414C3F84815A8
:104CE000D2F82814C3F84C15D2F82C14C3F8501578
:104CF000D2F83014C3F85415D2F83414C3F8601540
:104D0000D2F83814C3F86415D2F83C14C3F8681507
:104D1000D2F84014C3F86C15D2F84424C3F87025B7
:104D200001E00A2AB5D04FF08053D3F83031581C37
:104D300004BF4FF0704393F8E03F062B09D14FF0CA
:104D400080534FF08042D3F8583203F04F03C2F83B
:104D5000E43E05F052FB48B14FF08043D3F8002405
:104D6000D10744BF6FF00102C3F800244FF0805315
:104D7000D3F83021062A0ED1D3F83431033B042B6B
:104D800002D8464AD35CD3B1454AD2F83C3743F403
:104D90008063C2F83C374FF08053D3F830210A2AA1
:104DA0000DD1D3F83431022B09D8DA0741BF4FF0C7
:104DB0008042D2F8E43E43F00F03C2F8E43EFFF72E
:104DC000D5FE38B34FF010214FF08043D1F80822C0
:104DD000C3F85825FFF7CAFEE0B1D1F8003101331E
:104DE00003D0D1F80431013314D12E4801234FF000
:104DF0001024C0F804350021FFF7D2FEC4F80011DA
:104E0000FFF7CEFEC4F80411FFF7CAFEC0F8041580
:104E1000FFF7C6FE4FF01021D1F80032002B03DB64
:104E2000D1F80432002B17DA1E4901234FF010206D
:104E3000C1F804351524FFF7B3FEC0F80042FFF7B0
:104E4000AFFEC0F80442FFF7ABFE0023C1F8043503
:104E5000FFF7A6FEFFF764FED1F80C32DB070DD595
:104E600010480123C0F804350024FFF799FEC1F86B
:104E70000C42FFF795FEC0F80445E9E710BD00BFFE
:104E80000030014000C007400DF0ADBA00ED00E079
:104E900000500040B6CB010000C00040B1CB010083
:104EA0000010004000E00140014B1860704700BF57
:104EB000E828002010B5054B1868144605F0B5FA2F
:104EC0000028A4BF2070002010BD00BFE8280020EB
:104ED000024A01238340C2F80435704700F00140C4
:104EE0004FF08053D3F83001421C09BF4FF070439C
:104EF000D3F8343193F8E00FD3F8E83F08BFC3F399
:104F00000313062805D1033B042B07D8044AD05CC1
:104F10007047A0F10A03584258417047012070477A
:104F2000C0CB010073B5CEB200EB46060446B38A8F
:104F3000DB070D4625D505F0B6FBB38A9A0608D5E2
:104F40005A0B236803EB82030022C3F81025C3F831
:104F5000102520462946002405F037FBB48201A81D
:104F6000019505F0B3FA019B00EB8300064BD0F8E6
:104F70000027134043F00203C0F80037204602B078
:104F800070BD6FF01500FAE7F0F8FCFF014805F07E
:104F90006ABA00BFB004002010B504480C4605F002
:104FA00044FA0028A4BF2070002010BDB0040020E7
:104FB00070B54B7F04460D467BB1012343616426E7
:104FC00000220221204605F0D9FD20B9012005F07C
:104FD0002AFA013EF4D100236B77AB7F58072ED518
:104FE0004FF08053D3F83021511C09BF4FF070436C
:104FF000D3F8343193F8E02FD3F8E83F08BFC3F378
:105000000313062A1CD1033B042B02D80E4AD35C9F
:10501000B3B14FF0FF320023D4F80805D4F80C15D3
:10502000C4F80035C4F80825C4F80C250922C4F8D2
:105030000025C4F80035C4F80805C4F80C1570BD87
:105040000023C4F80035FAE7C5CB01000C4B9842A9
:1050500013D00AD80B4B98420FD00B4B98420CD070
:105060000A4BC31A584258417047094B984204D022
:10507000084B984201D0084BF3E70120704700BF6E
:1050800040420F0090D0030020A1070048E8010033
:1050900000093D0000127A0080841E00431C15D0D8
:1050A00000F01F0340090BD19B0003F1A043084A05
:1050B000D3F800170A4042F00202C3F800277047F5
:1050C000002203F5E07352F82330FFDE704700BF83
:1050D000F0F8FCFF38B51446421C054618D00129EB
:1050E00002D1B3B105F088FD05F01F036D0913D19E
:1050F0009B0003F1A042A30043EA4103D2F800075A
:105100000B43084901400B4343F44073C2F8003796
:1051100038BD05F07EFDE7E7002203F5E07352F8A5
:105120002330FFDEF0F8FCFFF8B5484B4D699D4297
:1051300007460C4677D06BD8454B9D4276D0454B01
:105140009D4276D0444B9D420CBF4FF000754FF00E
:105150008045E27E97F8223062F3000387F8223020
:10516000227CDBB262F3410387F82230E67EEEB99F
:10517000237E2068012B94BF0023012332460121A6
:10518000FFF7A8FF6068334632460121FFF7A2FF10
:10519000A27EA06833463146FFF79CFF237CE0687F
:1051A00083F0010332460121FFF794FFE3687B623D
:1051B000227C97F8223062F3410387F82230267F61
:1051C000A07C217E637E3A6846B9D4E900C6A46813
:1051D000C2F808C5C2F80C65C2F81045003B18BFFC
:1051E00001230229C2F8C005C2F8245527D003299B
:1051F00028D0012901D143F00203C2F854357B685D
:105200001BB33868BDE8F84040F30730F9F7F4BC49
:10521000124B9D4210D0124B9D420CBF4FF00045E7
:105220004FF0804595E74FF0805592E74FF080654D
:105230008FE74FF000658CE74FF0005589E743F0AA
:105240000403DAE743F00603D7E7F8BD40420F0056
:1052500090D0030020A1070048E8010080841E00D0
:1052600000127A0070B50446006840F30730F9F781
:10527000D1FC636843B12146104A51F8043BC3F89E
:1052800008232068FFF794FE2368D3F80805D3F8B5
:105290000C55D3F8106594F82230DB070AD4FFF7D9
:1052A000FDFE3046FFF7FAFE2846FFF7F7FE606A7C
:1052B000FFF7F4FE002384F8203070BD520108008F
:1052C00038B5EFF31185402383F31288BFF36F8F56
:1052D000064B9C6805F0CCFD85F31188BFF36F8FFA
:1052E0002046BDE83840F9F72DBC00BFEC2800206F
:1052F00038B50A4B53F82040013053F82050A542EE
:1053000000D838BD606830B1037EDB0701D405F0FA
:1053100084FD0834F3E723689847FAE7BCC201002C
:1053200070B52A4B2A4C2B4D012286B003201A70EF
:10533000FFF7DEFF06F0A0F90420FFF7D9FF2646AD
:10534000AE4204F1300410D300F01CFF204C224E7A
:10535000AC4226D300F02AFFF8F738FF1F4A137B30
:1053600023F00103137306B070BD54F80C3C059391
:1053700054F8103C049354F8143C039354F8183C2C
:10538000029354F81C3C019354F8203C009354E9D8
:105390000A2354E90C0100F0BFFC54F8303C5E6570
:1053A000CDE7D4E90A23B3F1FF3F08BFB2F1FF3FD5
:1053B00005D052EA0301206803D100F0D1FF303458
:1053C000C6E73146183001F077F9F8E7DF29002009
:1053D00048BA010048BA0100CDB30100B023002053
:1053E00070B5174E174D184986B0B82303FB0066F9
:1053F000164B059301220F23CDE903320023CDE99B
:105400000133142303FB005504464FF4A07000FB46
:1054100004110F4B00954FF48072304600F07CFC75
:10542000737B0C4AEE6023F0040373734FF4046340
:1054300004FB033313442C746B6006B070BD00BFD3
:10544000F8220020EC280020003F0020CACB0100F9
:1054500063AF0100C0360020BFB50020FFF748FF52
:10546000284B83F30888284C284F636943F4007362
:105470006361E02384F8223000252023E37725763A
:105480006576A576636A43F4E023636284F823506B
:10549000F9F7CEFAF9F75CFC4FF0FF33A362E36251
:1054A000F9F71EFDF9F778FC19481A4C00F0D6FC04
:1054B0000120FFF71DFF0220FFF71AFF00F0AAFEF0
:1054C000154B16495C61164B05930123CDE9035337
:1054D0004FF490623B46CDE901550095204600F01F
:1054E0001BFC627B064622F004022046627305F034
:1054F00030FF2846FFF774FF3A4631462046F9F759
:1055000007FC00BF003F002000ED00E02153010038
:1055100040250020B0230020EC280020404000203F
:10552000CFCB010038B5064C064DAC4201D300206C
:1055300038BDD4E90112204605F09DFC1434F4E78F
:10554000300500203005002038B5064C064D0020FF
:10555000AC4200D338BD204605F0B1FC0028F9DB91
:105560001C34F5E7DC0400203005002073B50C4640
:10557000EFF31181402585F31288BFF36F8FC56863
:105580005DB125602B68C3608369013383610020AE
:1055900081F31188BFF36F8F11E052EA030603D144
:1055A00025606FF00B00F3E7CDE9002302460830D9
:1055B00000F02EFD18B9034B9B681B69236002B0F5
:1055C00070BD00BFEC2800202DE9F34104461746CA
:1055D0001E46EFF31188402383F31288BFF36F8FC9
:1055E000C368334A7BB180689168884219D057EA12
:1055F000060318D188F31188BFF36F8F6FF00F0087
:1056000002B0BDE8F081916891F90E10216101337B
:10561000E3609368A36088F31188BFF36F8F002065
:10562000EEE72169F2E791F90E1090F90E309942F8
:10563000A8BF19466FF07E029142B8BF11468B4257
:105640002DDD05F099FC0546CDE900761948224686
:10565000414600F0DDFC0028E1D0EFF31186402345
:1056600083F31288BFF36F8FA068D0B123682169DC
:105670009C420AD04BB193F90E309942A8BF19460B
:105680006FF07E039942B8BF194605F075FC40B132
:105690000848314600F050FD6FF00A00B0E70025E1
:1056A000D2E7002DF4D186F31188BFF36F8FF3E7B3
:1056B000EC280020E0290020F8B583680546002B7F
:1056C00040D0234A926893423FD1C368012B03D94B
:1056D000013BC3600020F8BDEFF31187402383F343
:1056E0001288BFF36F8F0169806805F045FC2C6854
:1056F000A54207D10023C5E9023387F31188BFF320
:105700006F8FE7E7002CF5D0D4E9003213605A60C0
:10571000637B002623F002036373C4E90066A6607E
:1057200004F1180005F0CDFEAC6094F90E302B6149
:105730002046C4F8B06005F00CFE0648394600F07B
:10574000FBFCC7E76FF01500C5E74FF0FF30C2E77D
:10575000EC280020E029002037B51146EFF3118531
:10576000402282F31288BFF36F8F04689CB12368D4
:10577000426823F003039442036008BF43600121A1
:10578000204605F086FC044685F31188BFF36F8F31
:10579000204603B030BD51EA0302F5D000F1080203
:1057A000CDE900131046294600F032FC0028EFD165
:1057B000014B9B681C69EBE7EC28002070B5EFF308
:1057C0001186402383F31288BFF36F8F0468A042D1
:1057D0001BD0D4B1D4E9003213605A60637B00253A
:1057E00023F00203C4E900556373A56004F11800B7
:1057F00005F067FEC4F8B050204605F0AAFD31461A
:105800000A48BDE8704000F097BCD0E902329A42E5
:1058100018BF013383600221103005F007FF002814
:10582000EDD186F31188BFF36F8F70BDE0290020A2
:1058300013B5EFF31181402484F31288BFF36F8F07
:10584000846844B1013C846081F31188BFF36F8F99
:10585000002002B010BD52EA030406D181F3118882
:10586000BFF36F8F6FF00F00F3E7CDE9002302461F
:10587000014800F0CDFBECE7E02900202DE9F843DA
:105880000546EFF31188402383F31288BFF36F8F2F
:10589000002637466FF00A092C68A54216D0ACB135
:1058A000D4E9003213605A60637BA76023F00203DF
:1058B0006373C4E9007704F1180005F002FEC4F830
:1058C000B090204605F045FD0126E5E70023AB60DA
:1058D000022105F1100005F0A9FE30B92EB988F3B8
:1058E0001188BFF36F8FBDE8F88341460248BDE8D9
:1058F000F84300F021BC00BFE029002007B5074BAA
:105900000093074907484FF0FF334FF4006200F05F
:105910004FF9002003B05DF804FB00BFD4C20100C2
:1059200000450020682400202DE9FF414F4E044629
:105930004027EFF3118887F31288BFF36F8FD4F8F5
:10594000BC50F5B9022104F1D40005F0E3FB0028B6
:1059500068D004F1CC0500220121284605F077FD2E
:105960000028F8D1002302934FF0FF324FF0FF33AD
:10597000CDE90023414604F1C4023D4800F0BCFDDE
:10598000D7E7D4F8C0202B68C4F8BC30954208BFD4
:10599000C4F8C030D4F8D43043F00203C4F8D43093
:1059A000EB6823F0040343F00103EB606B6888F3BA
:1059B0001188BFF36F8F28469847EFF3118887F35C
:1059C0001288BFF36F8FEB68D80623F0010236D43C
:1059D000EA60EB689A0716D5306823F00203EB60A3
:1059E00088B10368002170B14268954235D10368DF
:1059F00069BB72683360824200D17360002340F853
:105A0000083BFFF7DBFED4F8D43023F00203C4F8E0
:105A1000D43088F31188BFF36F8FDB0589D400F091
:105A200001FC86E7D4F8D430D9069BD5C4F8D4005D
:105A300088F31188BFF36F8F04B0BDE8F08123F0C5
:105A40001103EB6005F11000FFF7B8FEC1E70B6032
:105A50007368834208BF7160D0E723B11A680146BA
:105A600018461346BFE71A46F9E700BF1029002081
:105A7000E0290020F8B5C3689A0704460F46C3F32F
:105A800040062ED45B071CD40B680BB983680B60EF
:105A9000E368DD0744BFA3683B603D684CBF022656
:105AA0000126002D3CD0204B9A68D5F8B8309A4298
:105AB0000AD0D5F8D430D807C3F3800214D46FF0DD
:105AC000120600233B6025E005F003FCD5F8D43036
:105AD0000028F0D1D907C3F3C002F0D552B15B075B
:105AE00008D46FF00F06ECE7002AFAD1C3F3C00325
:105AF000002BF6D100232360D5F8C03063B9C5E987
:105B00002F44284605F021FBE36843F00403E360DB
:105B10003B68A3603046F8BD1C60C5F8C040F0E7A4
:105B20006FF01506CDE700BFEC280020F8B5C3687C
:105B300003F00503002B06460C4614BF012700277F
:105B40001CD085680122002104F1100005F0D2FA72
:105B50001349204605F051FBE36843F01003E3606E
:105B6000F3685B0712D5336823606BB9D5F8C03092
:105B700033B9C5E92F44284605F0E7FA3846F8BDA1
:105B80001C60C5F8C040F6E73460F4E7D5F8BC30D7
:105B90002360D5F8C030C5F8BC40002BEBD1F0E74E
:105BA0002BB101000146014805F043BB68240020E9
:105BB000F0B589B004460020C4E92F000E9D04F121
:105BC000C400C4E9310004F1CC00C4E9330055B38A
:105BD0002879002840F2011008BF0120C4F8D40041
:105BE00000204FF0FF364FF0FF37CDE90330CDE90D
:105BF0000100CDE906670D4B0094204600F002F944
:105C000055B1296811B1204600F076F86B791BB1C7
:105C1000237B43F001032373204600F0A1FBC4F86B
:105C2000B84009B0F0BD0120D8E700BF29590100F4
:105C300037B501900846EFF31184402181F31288B3
:105C4000BFF36F8FC16811F01E0F16D153EA020522
:105C500008D101A9FFF70EFF84F31188BFF36F8FFE
:105C600003B030BD41F00801C1600199816204496F
:105C7000103000F021FD0120EEE70020ECE700BF2E
:105C8000BFB1010001460148FFF7D2BF68240020E0
:105C9000F7B50C46019016461D46EFF311874023D9
:105CA00083F31288BFF36F8F084605F03FFA55EA79
:105CB000060309D101A92046FFF7DCFE87F311880E
:105CC000BFF36F8F03B0F0BDE368074943F00803EB
:105CD000E360019BA36232462B4604F1100000F002
:105CE000EBFC0120EAE700BFBFB10100014601481B
:105CF000FFF7CEBF6824002010B5044608B9054B55
:105D00009C681F2204F1780005F0DDFC002084F877
:105D1000970010BDEC2800202DE9F04F073285B028
:105D200022F0070204461E467F3200F15803C0E904
:105D3000163322F03F02129B237300200D46119B65
:105D4000DDF838A0139FA06004213F2AC4E90600B3
:105D50006173A373E07305F14009A2F1400B05D80C
:105D600080F31188BFF36F8F084602DF05EB02084E
:105D700041462046F8F756FC0730109B20F00700FC
:105D8000C4E9269BC4F8A00002930F9BA8EB000B6C
:105D9000CDE900A35A46334629462046F8F784FF4A
:105DA0000F9BE3664FF00008109BC4F85480C4E9D1
:105DB000196A2367EFF31182402181F31288BFF340
:105DC0006F8F0F4D296A61672C6282F31188BFF3D0
:105DD0006F8F8FB11F22394604F1780005F073FCF4
:105DE00084F89780AB680BB1D3F8A430C4F8A43022
:105DF000584605B0BDE8F08F84F87870F2E700BF30
:105E0000EC280020F0B587B000250595109D04957D
:105E10000F9D03950E9D0295DDE912760D9D01956E
:105E20000C9D00950446FFF777FFB6F1FF3F08BFD2
:105E3000B7F1FF3F05D056EA070305D1204600F031
:105E40008FFA204607B0F0BD3A46334604F11800F9
:105E5000014900F031FCF4E7CDB3010040F2011339
:105E600083810023C0E92633C0F8A430014B986039
:105E7000704700BFEC2800200A4A93686FF00A01BF
:105E8000C3F8B0100849C3F8AC004B6843F0805326
:105E90004B60002383F31188BFF36F8F9368D3F8AF
:105EA000B0007047EC28002000ED00E070B590F9DC
:105EB0000D20437B002A36DBD90634D11B4C63F01E
:105EC0007F032246437352F8183FE169934207D19A
:105ED000C0E900210860E06111E09942F8D01B6838
:105EE000002BF5D090F90E5093F90E60B542F4D026
:105EF000AE42F2DD5968C0E9003108605860A5691A
:105F0000954200D005B9E568A3685A7BD20604D152
:105F1000DA897F2A01D9AA6932B1AB4202D0284678
:105F200000F02CFB656170BD6361FCE7EC2800208C
:105F300038B590F90D20437B002A014604DA03F0BE
:105F40007F03437305F0CBF90D4D2A46AB6852F839
:105F5000184F944200D004B9EC688B4207D05A7BAA
:105F6000D20604D1DA897F2A01D9A2692AB1A342D3
:105F700002D0204600F002FB23466B6138BD00BF13
:105F8000EC280020B3F1FF3F08BFB2F1FF3F03D080
:105F90000249183000F090BB704700BFCDB301003C
:105FA00038B5194CA168E0690B68814214BF1A46E4
:105FB000002249680B605960A368E1692AB9134A55
:105FC000C3E900210B60E3610CE093F90E0092F944
:105FD0000E50A84214D0854212DD5168C3E9002159
:105FE0000B605360A569094B9D4200D005B9E56877
:105FF000A3689D4202D0284600F0C0FA656138BD12
:106000009142DCD01268D9E7EC2800200429002056
:10601000F8B50E4B0C4611460D4A98681060DDE944
:106020000667EFF31182402282F31288BFF36F8F6D
:106030009D68284605F065F9284632463B46FFF73D
:10604000A1FF2046BDE8F840FFF716BFEC2800206E
:1060500018290020F8B50446EFF31187402383F395
:106060001288BFF36F8F437B03F01F02002A0CBF1F
:106070000126002649B239D103F07F03437305F0AE
:106080002EF92C4D437B817363F07F032A464373C3
:1060900052F8183F934227D1E869C4E90020046010
:1060A000EC610FE09842F8D01B68002BF5D093F913
:1060B0000EC06145F6D08C45F4DD5968C4E9003165
:1060C0000C605C60AC69944200D004B9EC68AB68C9
:1060D0009C4202D0204600F051FA6C6187F311888F
:1060E000BFF36F8F3046F8BDE869DEE79B071ED52A
:1060F000856805F0F4F881732B689D4209D16B68BF
:10610000C4E900531C606C60E8E76A689342F6D00B
:106110001B68002BF3D093F90E209142F5D08A42F0
:10612000F3DD5A68C4E9003214605C60D6E781731D
:10613000D4E700BFEC28002049B9EFF3058030B95F
:10614000054B5A699B689A4201D0FFF795BE81F3CF
:106150001188BFF36F8F7047EC280020034648B9C1
:10616000EFF3058232B9064A51699268914201D033
:10617000FFF782BE83F31188BFF36F8F704700BFB4
:10618000EC280020EFF31181402383F31288BFF342
:106190006F8F054B9A68D37B013BD37381F31188D2
:1061A000BFF36F8F704700BFEC28002070B5EFF38E
:1061B0001186402383F31288BFF36F8F144DAB68B1
:1061C000DA7B0132DA732A4652F8184F944200D033
:1061D00004B9EC685A7BD20604D1DA897F2A01D946
:1061E000A2692AB1A34202D0204600F0C7F9234693
:1061F0006B6186F31188BFF36F8FEFF3118040233B
:1062000083F31288BFF36F8FBDE87040FFF7A6BF1E
:10621000EC280020024B03F11802C3E90622704764
:10622000EC28002070B5EFF31186402383F3128829
:10623000BFF36F8F1B4CA168E0690B68814214BFEC
:106240001A46002249680B605960A368E1692AB9BF
:10625000154AC3E900210B60E3610CE093F90E00DD
:1062600092F90E50A84218D0854216DD5168C3E954
:1062700000210B605360A5690B4B9D4200D005B90E
:10628000E568A3689D4202D0284600F077F9656171
:106290003046BDE87040FFF7EFBD8A42D8D01268A3
:1062A000D5E700BFEC28002004290020F8B550EA0B
:1062B000010306460C4603D1FFF7B4FF0020F8BDEA
:1062C000EFF31187402383F31288BFF36F8F124DD2
:1062D000124BA8681860FFF72BFEA86810492346E8
:1062E0003246183000F0E8F9AA68537B43F0040303
:1062F000537304463846FFF7BFFDAB68D3E90A2362
:10630000B3F1004F08BF002AD8D105F002F9201AD6
:1063100020EAE070D3E700BFEC2800201829002015
:10632000CDB301000C490D4A38B500244FF40045A7
:106330008C462146C0FB05C100236046F4F702F9F4
:10634000C117FFF7B3FF054A47F6FF73C0FB0234DE
:10635000DB0B43EA444038BD3F420F0040420F0090
:1063600038B50446EFF31185402383F31288BFF359
:106370006F8F437B5B070FD5183005F0A2F8637B66
:1063800023F0040320466373FFF790FD2946054878
:10639000BDE83840FFF7D0BE85F31188BFF36F8F9B
:1063A00038BD00BFE0290020014B9868704700BF4E
:1063B000EC2800202DE9F8430446077BEFF3118514
:1063C000402383F31288BFF36F8F437B190705D5F2
:1063D00085F31188BFF36F8FBDE8F883D90943F0C7
:1063E000080260D14273A36813B1204604F07FFF16
:1063F00004F1180005F065F8A66D04F15808B045E1
:1064000011D04FF0000976B1304604F070FF06F16C
:10641000180005F056F8C6F8B0903046FFF746FD74
:10642000A66DB045EFD1DFF8C480D8F808309C42A3
:1064300041D1EFF30589B9F1000918BF4FF0010907
:10644000D8F818602A4A964200D00EB9D8F80C60E5
:10645000B34202D0304600F091F82046C8F81460EC
:1064600001F0E1F8204600F0DBF8B9F1000F02D0AE
:106470002048FFF7F3FCD8F808309C4231D1EFF305
:10648000058373BB227BD20718D42846FFF7F4FCA0
:10649000FB07A1D5002383F31188BFF36F8F04237B
:1064A000184602DF98E703F07F0343F008034373C5
:1064B00004F015FF97E74FF00009C1E785F3118855
:1064C000BFF36F8F83F31188BFF36F8F04231846D8
:1064D00002DFEFF31180402383F31288BFF36F8F45
:1064E000D4E785F31188BFF36F8FD1E7EC28002044
:1064F0000429002040250020D3B5DDE90667089C6B
:10650000CDE90067FFF784FD1CB1034B9B681B6955
:10651000236002B0D0BD00BFEC280020427B12F007
:106520001F02034610D10A4988420DD00949086864
:1065300068B1D9897F2909D893F90E20064B1B68C9
:106540009A42B8BF0020704700207047104670473D
:10655000F8220020B40400201C290020044BC01A9B
:10656000044BC0105843044B01221A54704700BF1B
:10657000F8250020ABAAAAAAE029002070B50D4B8F
:106580000D4D1E7CFFF7CAFF06EB460305EBC30566
:106590000446284604F095FF084B00229A553CB16A
:1065A000621E28460649BDE87040D31700F084B843
:1065B00070BD00BFEC280020F8250020E029002055
:1065C0005D65010038B5EFF31185402383F3128830
:1065D000BFF36F8F0F4B104A9C681068A04206D122
:1065E000FFF7CCFF85F31188BFF36F8F38BD002113
:1065F0001B7C1160094AD35C002BF3D02046FFF7C7
:106600008DFF0028EED0637BDB0601D1FFF7C8FCCD
:106610002046E5E7EC28002018290020E02900208A
:10662000EFF31181402383F31288BFF36F8F0A4A7F
:10663000136A834207D15B6F136281F31188BFF342
:106640006F8F70471346002BF7D05A6F8242F9D1F3
:10665000426F5A67F1E700BFEC280020024B186830
:10666000984208BF00207047B8040020034B1B6805
:106670000BB9FDF7E1BC0020704700BF20290020C6
:1066800030B570B10B4B5B6898420AD0036843B1D8
:10669000D3E90421D0E90445121941EB0501C3E90E
:1066A0000421D0E9003213605A600023C0E90033AE
:1066B00030BD00BFB8040020B3F1FF3F08BFB2F106
:1066C000FF3F2DE9F84F0446994615461F467AD0FC
:1066D0008160EFF31188402383F31288BFF36F8F3B
:1066E000B9F1000FDFF8E4A020DBFFF7BFFFDAE924
:1066F0000027013549F100092D1849EBE073C4E981
:106700000453AD18064643EB07074FF00109FFF7A6
:10671000A5FFDFF8BCE0DEF804A00346EBB9C4E94E
:1067200000EACAF80040CEF8044028E0DAE9001296
:106730006FF001035B1A4FF0FF3161EB02025B1B4C
:1067400062EB0902012B72F10001BCBF01230022A0
:10675000C0E904324FF00009D9E7D3E9041CD4E9B9
:1067600004208A4270EB0C0B24DA891A5A686CEB0D
:106770000000C3E90410C4E9003214605C60FFF754
:106780006DFF84420ED1134B1B685BB9B9F1000F4A
:1067900002D1FFF76BFF0646304604F07BFE002176
:1067A000FDF71CFC88F31188BFF36F8F284639462C
:1067B000BDE8F88F521A60EB0C009A45C4E904203A
:1067C000ADD01B68AAE700252F46EFE71026002072
:1067D000B8040020202900202DE9F047EFF31185AF
:1067E000402383F31288BFF36F8FDFF8A490DFF8A4
:1067F000A480C9F80000FFF731FF00260027D9F870
:106800000030D8E900ECD91750B1D0E90442A342D6
:1068100071EB020A1CDAE41A62EB0102C0E90442DD
:1068200013EB0E034FF000044CEB01012046C8E9C6
:106830000031C9F8004004F02DFE2146FDF7CEFBE3
:1068400085F31188BFF36F8FBDE8F047FFF7BABE3D
:1068500014EB0E024CEBE473C0E90467C8E90023B3
:10686000FFF70EFF85F31188BFF36F8F836898479A
:10687000EFF31185402383F31288BFF36F8FD9F8AC
:1068800000301B1BC9F80030FFF7E8FEB7E700BF78
:10689000202900201026002010B5EFF3118440239A
:1068A00083F31288BFF36F8FFFF7E0FE054A0346BC
:1068B000D2E90001181841EBE37184F31188BFF3AA
:1068C0006F8F10BD1026002038B50346EFF31185F9
:1068D000402282F31288BFF36F8FC1600121816073
:1068E0000068834206D185F31188BFF36F8F0024BF
:1068F000204638BDD0E9003213605A600023C0E959
:10690000003304F050FE294604460248FFF714FC09
:10691000EEE700BFE1290020F8B507460C46164611
:1069200004F0D7FC08B10020F8BD0E4B9B68D3F8EB
:10693000A450002DF7D0221DF5D2EFF3118440238F
:1069400083F31288BFF36F8F47F004012846B047E6
:1069500084F31188BFF36F8F0028E4D040F8045B04
:10696000E2E700BFEC2800200146024A0020FFF7C2
:10697000D3BF00BF2F7301000CB430B589B00546FA
:106980000C461C22002101A804F085FE02238DF88C
:1069900006300E4B0293059523462CB1B4F1004FFF
:1069A00028BF4FF00043013B1D440DAA0C990695EA
:1069B00001A8009200F00CF814B1059B00221A7097
:1069C00009B0BDE8304002B0704700BFADB701006C
:1069D0002DE9F04F8DB043680293837815469A07EE
:1069E000804640F10D8100240E78002E00F00A81CF
:1069F000252E0BD04B1C03930134029B414630469D
:106A000098470028C0F2F6800399EDE74E788B1C7A
:106A1000252E0393F0D00027B946BB46BBF11F0FCC
:106A200038D8A6F12003102B0AD8DFE803F02A0992
:106A300009300909092109090928092D09091F0037
:106A4000A6F13003092B33D92A2E37D11BF0400F82
:106A500055F8043B40F08280002BA7BF4BF0200B81
:106A60009946C3F100094BF0280B01E04BF0010BF4
:106A7000039B13F8016B0393002ECFD130E04BF052
:106A8000020B4BF0040BF3E74BF0080BF0E74BF075
:106A9000100BEDE7BBF17F0F19D8A6F13003092BDE
:106AA000D2D81BF0400F03D00A2101FB0737DFE7E4
:106AB0000A2101FB09394BF0200BD9E72E2E06D114
:106AC0001BF0400F40F09E804BF0400BD0E76C2E47
:106AD00031D02BD8682E36D06A2E3CD04C2E3AD0EE
:106AE000002F46F02003B8BF2BF04002A3F1650150
:106AF000BCBF1FFA82FB0027022901D9612B2FD1CD
:106B0000073525F00705DFF8ACA2083507271BF08D
:106B1000080F66D00AEB070B56465E4563D1A4EB1F
:106B20000A0A06EB0A02A9EB07096FE1742E9FD04F
:106B30007A2E9DD0D4E71BF0800F18BF4BF4007B5A
:106B40004BF0800B94E71BF4807F18BF4BF4007B65
:106B50004BF4807B8CE74BF4207B89E71F4687E76B
:106B6000A6F16301122900F2F080DFE811F01300B2
:106B70004F00EE00EE00EE00EE004F00EE00EE00E3
:106B8000EE00EE00EE00FE00E900EE00EE001B005D
:106B9000EE00AF0055F8043B8DF8183001270DF1D9
:106BA000180AB4E755F804AB834BBAF1000F08BFDD
:106BB0009A461BF0400F14BF39464FF0FF31504644
:106BC00004F091FD0746A2E7029B4146202098472A
:106BD00000280FDB013EB742F6D34C44A41BB1465C
:106BE00098E74E46F7E716F8010B029B4146984797
:106BF000002892DA98F8023043F0040388F8023053
:106C00004FF0FF3420460DB0BDE8F08F1BF0800F31
:106C100034D01BF4007F2CD0073525F00705AA4699
:106C200069685AF8080B2BF010050029ADB237DA65
:106C3000404261EB410145F480650DF1180B0A23D8
:106C40005A4604F05CFDA0EB0B0301936B0662D582
:106C5000019B25F001019F4289B240F3A180002EE3
:106C600000F0998015F0100240F09C80BB460D4664
:106C700023E0AA465AF8040BC117D4E7AA461BF42E
:106C8000807F5AF8041B01D10846F5E71BF4007F0A
:106C900015BF48B208B241F3C01141F3C031C2E799
:106CA00050EA0103C9D11BF0400FC6D0002FC4D158
:106CB0002BF0110295B2BB46019740F2064115EA4E
:106CC00001021CBF0BF1010B00222CE02BF0100283
:106CD0001FFA82FB0A231BF0800C49D01BF40071C1
:106CE0001DBF073525F00705AA46AA461ABF5AF860
:106CF000080B69685AF8040B50EA010545D12BF0DE
:106D000016051BF0400FADB242D0002F40D12BF042
:106D1000170295B2019715F0100248D0019B002E82
:106D200042D103F1010B29075AD4EB0706D5D94507
:106D30006FDD0199A9EB0B035F18CB465B4649E079
:106D40004BF0100B10237826C5E7782B04D1C6F141
:106D5000780343F01003BEE7029B41462520984785
:106D60000028FFF647AF023447E608230026B2E7C3
:106D7000AA461BF480715AF8040BBDD01BF40071B5
:106D80001ABFC0B2614680B2B6E72BF0060295B2D8
:106D90000DF1180B54E725F01105ADB2BB468CE799
:106DA0000D46B8E73B460D4603F1020BBBE7DDF8A5
:106DB00004B082E7FFCB0100F8CB0100CDE904323B
:106DC0004146029B202098470028FFF613AF049B02
:106DD000059A01339945F1DCA4EB0B01CC189B46D5
:106DE0000AB3029B4146302098470028FFF602AFC5
:106DF0008EB901342744019B391B994224DC1D467E
:106E00005DBB019AA9EB0B092244554614469144F7
:106E100035E0019F92E7023441463046029B984795
:106E20000028E7DAE6E640F206410D42E2D015F02E
:106E3000020F14BF2B20202015F4806F04F10104F1
:106E4000414618BF2D20E9E7029B41463020984774
:106E5000002804F10104CEDACCE606AB013D414640
:106E6000585D029B98470028CADAC3E6029B414658
:106E700020209847002804F10104FFF6BBAEA9EBDF
:106E80000403002BF2DCBFE57047F0B403460A466A
:106E90001979DB8800681343DC028768066906D528
:106EA00013F4402F03D0DA0748BF83F4402334683B
:106EB00001258D4023F48012DB074CBF2C43AC43EB
:106EC00034603B68F0BC18471846704710B586B070
:106ED00000248DF81740012402940DF11704019449
:106EE000BDF82040009402F07DF806B010BD0123EB
:106EF00003FA01F103691B68194218BF82F001020D
:106F000012B18368DB68184783681B69FBE7014699
:106F100040F2E73008B54FF47A72002300EBC1303D
:106F20004914F3F70FFBBDE8084004F06FBA10B541
:106F30000446F7F7C3F87820FFF7E9FFF7F7B6F84C
:106F4000022C0BD17820FFF7E2FFF7F7B7F8782093
:106F5000FFF7DDFFF7F7AAF8022300E001239C42C8
:106F6000F3D110BD836800EBC101B3F5004F2CBF16
:106F700051F8220031F81200704700EBC10180681F
:106F8000B0F5004F2CBF41F8223021F81230704785
:106F900008B50122FFF7E6FFD04008BD8368B3F5CE
:106FA000004F00EBC10108D34B681AB143F0010355
:106FB0004B60704723F00103FAE74B881AB143F0A6
:106FC00001034B80704723F00103FAE753000122CD
:106FD000FFF7D3BF8368B3F5004F34BF0423082302
:106FE000C91A081AC00870478368B3F5004F34BF48
:106FF00004230823481C0833A0EBD300B0FA80F028
:10700000C0F11F0070472DE9F041174603220E46DC
:107010000446FFF7A7FF8642054607F104080AD198
:10702000E3680122BA4023EA0203E360002344F844
:107030002830BDE8F081314602222046FFF792FF5A
:107040002B460646014644F8285020460322FFF707
:1070500094FF3346294620460222BDE8F041FFF75F
:107060008CBF70B50D4686680446FFF791FFB6F5F4
:10707000004F014601D3012809D02046FFF7B4FF95
:10708000294602462046BDE87040FFF7BCBF70BDF0
:107090002DE9F0470546FFF7A7FF05EB800A884674
:1070A000DAF810900646B9F1000F1BD00327DAF882
:1070B000104028462146FFF76BFF404507D3324674
:1070C00021462846FFF79FFF2046BDE8F0870322B0
:1070D00021462846FFF746FF013FCAF8100001D0BD
:1070E0008145E4D1EB6801364FF0FF34B4401C40D9
:1070F000EAD094FAA4F2B2FA82F2131D55F82340B2
:10710000DEE72DE9F041144605460E46FFF740FF45
:10711000A4EB0608371B0744424631462846FFF7D2
:1071200055FF3A4621462846FFF750FF43460022C6
:1071300021462846FFF721FF21462846FFF728FF72
:107140003B46211800222846BDE8F041FFF715BF55
:107150002DE9F041164604460F46FFF719FF314668
:1071600005462046FFF714FF05442A4639462046C7
:10717000FFF72CFF31462046FFF70AFF2B46311858
:1071800000222046BDE8F041FFF7F7BE2DE9F041AF
:107190000D4686680446FFF7FBFEB6F5004F014634
:1071A00001D3012832D02046FFF71EFF04EB8001F7
:1071B0000E6996B9E368012282401343E36002221C
:1071C0000D612B4629462046FFF7D7FE03222946AC
:1071D0002046BDE8F041FFF7D0BE022231462046EE
:1071E000FFF7C0FE2946034607462046FFF7C5FEC7
:1071F0000322334629462046FFF7BFFE39462B4679
:107200002046FFF7BAFE02223146E1E7BDE8F081F1
:10721000F8B50C460546FFF7BBFE2618012231469D
:107220002846FFF79FFEC3070CD431462846FFF7D8
:1072300018FF21462846FFF7ABFE214622182846B4
:10724000FFF786FF002221462846FFF78BFE271A0C
:10725000012239462846FFF785FE10EA020613D1BF
:1072600039462846FFF7FDFE214632462846FFF7FD
:1072700079FE2246211A2846FFF76AFF2146324648
:107280002846FFF76FFE241A21462846BDE8F8403D
:10729000FFF77CBF38B571B105682846FFF79AFE45
:1072A0000022044601462846FFF778FE2146BDE845
:1072B0003840FFF7ADBF38BD70B5056809B900208B
:1072C00070BDAB6801F00704B3F5004F2CBF082276
:1072D000042207341444E40804EBD1049C4228BF80
:1072E0001C4621462846FFF7D3FE06460028E6D076
:1072F00001462846FFF74CFEA04209D934443146E6
:1073000028462246FFF7FDFE21462846FFF73EFFAE
:10731000284601223146FFF741FEAB68B3F5004F26
:1073200034BF0423082303EBC6031844C8E71146FF
:10733000FFF7C2BFB2F5802F2CBF08230423D21A57
:107340002DE9F0418C18CD1D25F0070524F0070428
:10735000641B0026E40805602146AC60EE60284608
:10736000FFF742FE421D9200013002F107074FEA8B
:10737000D707A2F110023146B8BF324605F110001E
:1073800004F089F93A4631462846FFF71FFE334696
:10739000324631462846FFF7F0FDA4EB07082846A1
:1073A00031460122FFF7FAFD42463946FFF70EFE4D
:1073B0003B46324639462846FFF7DFFD2146284640
:1073C000FFF704FE4346324621462846FFF7D5FD27
:1073D000214628460122FFF7E1FD3946BDE8F0418C
:1073E000FFF7D4BE002070470FB407B504A951F8C9
:1073F000040B0191F6F766FF03B05DF804EB04B0EF
:1074000070470FB407B504A951F8040B0191F6F7C2
:1074100059FF03B05DF804EB04B07047038B13F021
:10742000070305D10368002B0CBF00200320704721
:10743000022B05D1408BB0FA80F0400980007047E4
:10744000012B05D10368002B0CBF002005207047DD
:107450000020704710B50C4600B111B96FF015004F
:1074600010BD081D00F093F80028F9D1A368032B84
:10747000F6D9F3E72DE9F0410D4607461946281DD8
:1074800090461E4600F097F8044638B1334642460F
:1074900029463846A446BDE8F0416047BDE8F08182
:1074A00010B4EFF31182402484F31288BFF36F8F7E
:1074B000416110BC0121F6F737BF38B50C460546CF
:1074C00058B151B10B6843B14B6833B11C22002154
:1074D00004F0E1F82C61002038BD6FF01500FBE7E7
:1074E00070B505460E46FFF7B5FF041E14DBEFF33B
:1074F0001182402383F31288BFF36F8F6B8B2C8B29
:107500004FF6FF718B4204F0070407D182F3118814
:10751000BFF36F8F6FF00A04204670BD022C0CD1B0
:1075200001336B8382F31188BFF36F8F00232246F0
:1075300031462846FFF79EFFEEE7062C14D8DFE819
:1075400004F004131313041A0400002333606B685F
:107550003BB9C5E90066ACB902212846F6F7E4FE5E
:10756000DAE71E606E60F6E782F31188BFF36F8F73
:107570006FF00404D0E782F31188BFF36F8F6FF0D0
:107580008504C9E782F31188BFF36F8FC4E7034610
:1075900040B1426802F00302022A06D0032A04D056
:1075A000012A05D06FF0150070471A68002AF9D03B
:1075B00000209860704710B54268816002F00302B5
:1075C000022A03464FF0000407D0032A02D05C6071
:1075D000002001E018685C6010BD18685C6000283D
:1075E000F6D0FFF771F9F3E7704704F054B804F0F0
:1075F00044B801460068F6F7E1BF08B5F7F70EF8A2
:10760000BDE80840F7F72EB800210120F6F7D6BFF5
:1076100008B5F7F73BFBF6F7A9FFF6F7B3FFF7F767
:107620009DFBFDF719FF6FF08500704761B662B6EC
:1076300080F31188BFF36F8F704772B6002383F316
:107640001188BFF36F8FBFF34F8F30BF62B6BFF3A8
:107650006F8F704772B6002383F31188BFF36F8F6B
:10766000BFF34F8F20BF80F31188BFF36F8F62B6D7
:107670007047202809D9B0F1004F08D80138B0FA76
:1076800080F0C0F11F0040007047082070473E2086
:10769000704708B5F7F7E8FC002008BD70470023E5
:1076A00003824369C3607047416A8968F7F748BD40
:1076B000EFF31182402383F31288BFF36F8F00230F
:1076C0000B60436833B9C0E9001182F31188BFF33E
:1076D0006F8F704719604160F7E710B50346EFF30D
:1076E0001181402282F31288BFF36F8F006828B1A6
:1076F0005C6802681A60A04208BF5A6081F3118872
:10770000BFF36F8F10BD027A0132027270470346D9
:1077100018465B68002BFBD17047426810B52AB150
:107720000B461C465B68002BFBD16260416010BDBC
:1077300010B5044620B90B7A01330B72084610BD10
:10774000034618465B68002BFBD1FFF7E6FF204697
:10775000F5E783680B440360704703680B60436878
:107760004B6083688B60704783880268194481800E
:10777000D018704730B484880568A318838028190E
:1077800030BC03F07ABF10B5838802685C1C84802B
:10779000D154D01810BD034600689A88401A11448D
:1077A0001860998070470268531E03608388013314
:1077B000838002F8011C70478288521A0346828037
:1077C0000068084418607047034600689A88521A97
:1077D00001449A801960704710B503681C78012134
:1077E000FFF7EAFF204610BD10B503681C88022190
:1077F000FFF7E2FF204610BD02688068101A70474C
:107800008388C2888168D21A03685B1AD01A7047CD
:107810004FF080430122C3F878250020704710B54F
:107820000C46017822788A428AB00FD06946F7F771
:1078300043FD05A92046F7F73FFD10220DF1150184
:107840000DF1010003F02FFF0AB010BD012A06D090
:10785000022A07D072B940886388C01AF4E74068EA
:107860006368FAE71022611C01300AB0BDE81040DD
:1078700003F019BF6FF01500E6E7042A0AD0102ABA
:107880000DD0022A4FF0000315D103700B884380FE
:1078900001207047012303700B684360F8E702235F
:1078A00000F8013B01F1100351F8042B40F8042BC0
:1078B0009942F9D1ECE718467047012310B506212B
:1078C000044600F8013BFDF759F818B9A37963F0B5
:1078D0003F03A37110BD0B6803608B8883808B7995
:1078E0008371037823F00203037070470078C0F3BC
:1078F0004000704738B50446807AF7F7F7FB6169B6
:10790000054649B1637ADB0704D4436A1B68204605
:107910009B6898470023636121462846BDE83840AC
:1079200003F0DABB2DE9F04101F10C080C460546E5
:1079300000F10C01404617461E46FFF70EFF404679
:10794000FFF75AFF012310FA87F068826B722F82CB
:1079500039464046FFF730FFE3687360628A0023D0
:10796000E3607281638234602846BDE8F08138B5F7
:10797000D1E90032DA600B684A895A820C46054622
:107980000868F7F75BFC20461022002103F083FE15
:107990002846BDE83840FFF7ADBF438A23B9C06829
:1079A000B0FA80F0400970470020704770470F28F8
:1079B00007D80D280BD8052808BF032018BF0220C0
:1079C0007047132803D01A2808BF0120F6E70120CA
:1079D000704738B5C3681D78B3F8010065B90F2149
:1079E000F9F710FA044638B12946F9F777F9204635
:1079F000BDE83840F9F72CB938BD08B5C368012196
:107A0000B3F80100F9F7FEF918B1BDE80840F9F73D
:107A10001FB908BD10B50346BFF35B8F53E8000FD5
:107A200040EA010243E80024002CF7D1BFF35B8F4A
:107A300010BD01210C30FFF7C7BE38B5C568012164
:107A4000B5F80100F9F7DEF9044698B12B783BB997
:107A5000D5F80330C0F89930D5F80730C0F89D301C
:107A6000201D4FF48031FFF7D5FF2046BDE8384098
:107A7000F9F7EEB838BD30B402EBC303044608464C
:107A80009A4201D130BC7047114611F8085BA542FB
:107A900006D1018A53789942F4D330BC5368184711
:107AA0000A46EDE7BFF35B8F50E8003F0B4040E82C
:107AB0000032002AF8D1BFF35B8F704710B5F8F79A
:107AC00087FD6FF4807104461030FFF7EBFF20460E
:107AD000BDE8104000F05BBAC368DB78012B01D130
:107AE000FFF7ECBF70472DE9F047D0F80C8098F80D
:107AF0000020012303EB8203028A934241D9BDE8AF
:107B0000F08708EB86030F21B3F80100B3F8037088
:107B1000F9F778F9044628B100F1C00947B92046C1
:107B2000F9F796F8013698F800309E42E9DBE6E76F
:107B30006569002DF3D0A2692B686361954208BF87
:107B4000A3612046F9F722F8FDF738FEC5F800A03A
:107B5000236A9BB9C4E90755BFF35B8F59E8003F1F
:107B6000013B49E80032002AF8D1BFF35B8F0021C6
:107B70002046013FF9F716F8BFB2CFE71D60256236
:107B8000EAE70026B246CEE7C368DB78012B01D1D5
:107B9000FFF794BF704773B5C5680121B5F80100C0
:107BA000F9F730F90446002851D02B781A2B00F150
:107BB000040619D1C378012B2DD14FF480413046F2
:107BC000FFF728FF42040FD4D4F88C3000936946A5
:107BD000D4F8943001932046F9F794FD204602B082
:107BE000BDE87040F9F734B82B78A3B9B5F8033085
:107BF00040F2E2425343C4F88830B5F80530A4F8A7
:107C00009030B5F80730A4F892306FF480513046C8
:107C1000FFF748FF17E0BFF35B8F6368BFF35B8F2D
:107C2000DB04F2D52B78202BEFD194F89830002B81
:107C3000EBD0013B84F898304FF42032002304F15C
:107C40004000FEF71FF82046F9F7A4FAC6E702B095
:107C500070BD10B5F8F7BCFC6FF480711030FFF701
:107C600021FF0020F7F70CFC044648B13C23437287
:107C70000021F9F733F82046BDE81040F8F7E8BFD7
:107C800010BD10B503884288934219D8052B17D927
:107C9000B2F5486F14D88388B3F5FA7F10D2C08844
:107CA000A0F10A0189B240F67644A14208D8013316
:107CB0009BB25343B3EB800F34BF0120002010BDB3
:107CC0000020FCE7002070470020704770B5064692
:107CD0000D464FF0FF304FF0FF31F7F7BFFD044680
:107CE00068B103210C30FFF73FFD06808570214607
:107CF0000022BDE8704040F20640F7F737BE6FF053
:107D0000680070BDC06803781BB13C2B03D1FFF73E
:107D1000A0BFF7F7B1BE704738B54FF0FF31054649
:107D20004FF0FF30F7F79AFD044668B102210C309E
:107D3000FFF71AFD2B88038021460022BDE838405A
:107D400042F21600F7F712BE6FF0680038BD70B54A
:107D500006460D464FF0FF304FF0FF31F7F77EFD3E
:107D6000044660B103210C30FFF7FEFC06808570ED
:107D7000214642F22100BDE87040F7F7B3BD70BD67
:107D800073B5C368D9789A781E8842EA0122ADF8A3
:107D9000002059791A7942EA0122ADF80220D979F6
:107DA0009A7942EA0122ADF804201A7A5B7AB4B2D9
:107DB00042EA032301212046ADF80630F9F722F804
:107DC000054628B902212046FFF7C1FF02B070BD69
:107DD0006946F9F733FA38B91E212046FFF7B7FF95
:107DE0002846F8F735FFF1E74FF0FF304FF0FF314D
:107DF000F7F734FD04460028F2D00E210C30FFF7CF
:107E0000B3FC00230680C0F80A30BDF80030438080
:107E1000BDF802308380BDF80430C380BDF8063061
:107E20000381214642F22000F7F75CFDD8E708B550
:107E3000072203F038FCB0FA80F0400908BD0028A2
:107E40000CBF08460020704718B111B10846F8F77A
:107E5000BFB96FF01500704713B5044680B1062115
:107E60006846FCF78BFD48B99DF80530694603F07C
:107E70003F0320468DF80530FFF7E6FF02B010BD46
:107E80006FF01500FAE7003818BF012070472DE9A0
:107E9000F74F8A4601904FF0FF314FF0FF30F7F770
:107EA000DDFC0446002849D020210C30FFF75CFCA3
:107EB0002022002180464FF0000903F0ECFBDAF8A5
:107EC000007008F1010B4D46DAF80420914509D302
:107ED000019888F800500022214603B0BDE8F04F19
:107EE000F7F744BD7A7897F800C0A81C81181F29BD
:107EF00008D9BCF1090FC0F11F0217D1002A15DD06
:107F00004FF0080CD6B2711C0BF80510691CC9B2F1
:107F100002360BF801C079685BFA80F02E4403F05A
:107F2000ACFBF5B209F101090837CDE72046F7F7B8
:107F300085F96FF0150003B0BDE8F08F6FF06800B1
:107F4000F9E770B5064686B00D464FF0FF304FF0AA
:107F5000FF31F7F783FC0446B0B10C3095B1012135
:107F6000FFF711FC06F1100203A920460095082333
:107F7000F7F762FC0022214642F20A00F7F7F6FC0E
:107F800006B070BD2946EBE76FF06800F8E71830DF
:107F900003F08CB9F8F7F4BCD0F8B400003818BF7F
:107FA00001207047084689691160C2691A60C27A67
:107FB0000021183003F06FBB2438F8F7B7BD036811
:107FC00000220BB9184670478B4210D10B6842B99A
:107FD00042680360914200D1436000230B6001209E
:107FE000704713604368994208BF4260F5E71A463C
:107FF0001B68E6E710B50446006918B1F7F71EF9EB
:108000000023236110BD70B516460D4601210446BC
:10801000F8F7C8FD012E17D0022E17D1236913B12E
:108020002046FFF7E7FF256121690A8A012A37D92F
:10803000CB681B8804339BB29A4231D328D920469F
:10804000BDE87040FFF7D6BF206918B92046FFF79A
:10805000D1FF01E02E8A26B92846BDE87040F7F727
:10806000EDB80C30FFF7CCFB864207D9216900221E
:10807000204600F0C4F900232361EDE720692A8A35
:10808000E9680C30FFF776FB2846F7F7D7F8CBE71F
:108090000023236120460122BDE8704000F0AFB903
:1080A00070BD10B5BFF35B8FD0F8C830BFF35B8FE6
:1080B00000F1C8027BB1BFF35B8F591C52E8004F3F
:1080C0009C4204D142E8001CBCF1000FF6D1BFF382
:1080D0005B8FE7D110BD1846FCE710B5837A023BF1
:1080E0000446062B16D8DFE803F009041515150B16
:1080F0000900417200212046F8F7F0FD002010BD74
:108100000088FFF7E3FD0028F9D1A37A072BF5D10A
:108110000821F0E76FF07F00F1E738B5037A8B4272
:108120000446154615D100F170010722284603F0D8
:10813000BAFA80B1E378072243B904F17E012846F8
:1081400003F0B1FAB0FA80F0400938BD04F17701CC
:10815000F5E70020F9E70120F7E708B5F9F7D4F8CB
:1081600010B1F8F775FD012008BD8378012B0CBF15
:10817000703000207047F8B507460D464FF0FF30CD
:108180004FF0FF31F7F76AFB0646D0B10E210C30F5
:10819000FFF7EAFA0E220446002103F07CFA3B883E
:1081A00023802B8863806B88A380AB88E380EB8877
:1081B000238131460022BDE8F84042F21300F7F770
:1081C000D5BB6FF06800F8BD704710B50446FDF7E9
:1081D000D9FF234653F8482BD2F8B41061B9A164F3
:1081E000D2F8B81061B9C2E92D33FDF7DFFF20687E
:1081F000BDE81040F8F748BD8B42F6D00968EDE7BE
:108200000B60C2F8B830F0E703682BB141681A6818
:1082100002608B4208BF4260704770472DE9F84307
:10822000446B002C55D054F8085905B1083D00277F
:1082300001E02C461D46D4E900682EB3FDF7A2FFED
:10824000D6F8B43004F14801002263B1994232D12A
:10825000A36C42BBD6F8B820C6F8B430914201D125
:10826000C6F8B830A764FDF7A1FF04F13009002279
:1082700000234846FDF770FA0646F8B9D8F80430EE
:108280000BB1204698472760E3680BB1204698471A
:10829000D8F820300BB120469847D5B1AB68002BF9
:1082A000C7D0083BC5E71360D6F8B830994208BF7D
:1082B000C6F8B820D6E71A461B68C6E7B36923B1EB
:1082C000F16920686FF06D0298473046F6F7B6FF07
:1082D000CDE7BDE8F883F8B50E4600210746154600
:1082E00000234FF480320846F9F72EF9044630B1E6
:1082F00004210C30FFF738FA07704670458020469D
:10830000F8BD70B505460068B8B1807A072814D169
:10831000002A0E7A14BF02200120864210DCC87A9F
:1083200007280DD98A61CB6105F1300002F0C9FE42
:108330002846FFF74AFF002070BD6FF07F00FBE783
:108340006FF01500F8E7406B30B1838B8B42A0F1E2
:10835000080001D08068F7E7704710B54AB989B2C4
:10836000FFF7F1FF28B143689B6913B1BDE81040E6
:10837000184710BD38B50D460521FFF7E4FF00236F
:108380001A462946FFF7BDFF044610B12846F6F706
:1083900055FF204638BD38B50B8A032B05460C46E1
:1083A00021D9042104F10C00FFF70EFA238A428838
:1083B0009A4218D14178B1B10378012B13D0132B15
:1083C00011D0022201202D68FFF785FF044650B12D
:1083D00002210C30FFF7C8F90023037043702146D7
:1083E0002846FFF7C7FF002038BD406B30B18389B6
:1083F0008B42A0F1080001D08068F7E7704738B5DC
:108400000B8A032B05460C4604D82046BDE83840AD
:10841000F6F714BF042104F10C00FFF7D5F94188E9
:108420002846FFF7E2FF0028EFD0436821465B694A
:108430009847EAE770470346006828B15968026820
:108440001A60884208BF5A6070470346002003B98B
:1084500070471A8A5B681044F9E710B5D46823782E
:10846000023113B92170012010BD8B42FBD0038A69
:10847000023B038200201061F6E773B51446014603
:1084800005464FF49572206800F01BFE207530B948
:108490002068294600F0FFFE20B90823237500203C
:1084A00002B070BD237AB3B1A3F118025342534115
:1084B0009B000193638A0093AE68238AE268206878
:1084C0002946B047002808DB238A83420CD10023C9
:1084D00023750120E4E70223EBE710F1FF0F03D33C
:1084E0004042C0B22075DAE70E20FBE71FB5CDE9A8
:1084F0000123002300931A46FAF728FA05B05DF825
:1085000004FB2DE9F04F91B0166880460F46002518
:1085100042F601030068D6F804908DF82C500BA9A0
:108520001446ADF82E30FFF77AF9002800F0898064
:108530004FF42053D8F800008DF82C500BA9ADF85B
:108540002E30FFF76CF938B1A3681BB15A88BA42D4
:1085500000D25F8001200EE061680846FFF775FFDA
:10856000728B738D9A4294BFC0EB0200C0EB030084
:10857000032803D8002011B0BDE8F08F0846FFF7AC
:10858000C6F805466068FFF760FF728D738B05F1D2
:108590000C0B9A4294BFC0EB020AC0EB030A584688
:1085A000FFF72EF9824544D26068FFF74EFF728DC7
:1085B000738B9A4294BFC0EB0200C0EB030070B90A
:1085C0006368987AF6F792FD00220023FFF76CF8B3
:1085D00005460028CED001466068FFF7A9F80023C1
:1085E0000093D8F80460102302AA41464846B047D9
:1085F000061E26DB227CE068B2421ED001460BA894
:10860000FFF73BF9E8B1F2B202A906A8FFF735F986
:10861000B8B106A90BA8FFF702F990B9002363745B
:10862000042105F10C00FFF79FF8A0600780A36804
:108630008FE75846FFF7E4F8C1E702A903F033F8E3
:10864000EBE70023A36085E7F8B593681668054655
:108650000F46144663B9506801210C30FFF784F8C7
:10866000A0602B681B78002B14BF0223012303702A
:10867000A3681B78012B03D0022B1FD000201CE025
:108680002B681B78002BF9D1606804210C30FFF7B0
:108690006BF8E06007802A68E36852885A80616856
:1086A000728D738B088A9A4294BFC0EB0200C0EBB4
:1086B0000300042894BF00200120F8BD2B681B781C
:1086C000022BDBD1606812210C30FFF74DF8E0601F
:1086D00007802B68E268591C0232113351F8040BF1
:1086E00042F8040B9942F9D16168728D738B088A44
:1086F0009A4294BFC0EB0200C0EB03001228D9E7F6
:1087000070B405686A6A52B3136803B1A83BA2F15A
:10871000A8040022114600E0A83B844207D0668DE1
:10872000648BB14238BF3146A24238BF22461C4654
:108730002BB1D3F8A830002BEED18442EFD1438D7A
:10874000408B8B4201D890420BD9824238BF0246FF
:108750009942286838BF194670BCFAF7CBBB11465E
:10876000EDE770BC7047D0680378043113B901702D
:10877000012070478B42FBD091680B8A0020043B9C
:108780000B82106170472DE9F04F044685B010460A
:1087900090469946FFF759FE638B628D934228BF3E
:1087A000134683428B4640F29380636803934046AE
:1087B000FEF7ADFF4FF0000A06464046FFF745FEC4
:1087C000628B638D06F10C079A4294BFC0EB0205E1
:1087D000C0EB03053846FFF713F8854217D2404631
:1087E000FFF733FE628B638D9A4294BFC0EB0205A4
:1087F000C0EB03058DBB98F80A00F6F777FC002262
:108800000023FEF751FF064630B9574636E038469A
:10881000FEF7F6FF0546EDE701464046FEF788FF06
:108820004046FFF712FE628D638B06F10C079A42F9
:1088300094BFC0EB0205C0EB03053846FEF7E0FF2E
:1088400085421FD24046FFF700FE628D638B9A423D
:1088500094BFC0EB0205C0EB0305F168328ACDF886
:108860000090DBF8047003980A44ABB25946B8474D
:10887000071E0CDABAF1000F18BF5746384605B08C
:10888000BDE8F08F3846FEF7BBFF0546E5E70E9BD7
:10889000B3B9394606F10C00FEF766FF4046FFF714
:1088A000D4FD638D628B934228BF1346B944834243
:1088B000BA441FFA89F9A8D9AF423FF47EAFA4E7C2
:1088C0000F9A0E9B3946304698470028E1D19CE725
:1088D0000027D3E70368002203B970478B420FD10A
:1088E0000B683AB942680360914200D143600023AB
:1088F0000B60704713604368994208BF4260F6E717
:108900001A461B68E8E7BFF35B8F50E8003F43F06F
:10891000080240E800210029F7D1BFF35B8FC3F3C1
:10892000C00070472DE9F3411768D7F80480002391
:1089300014461373014606469522404600F0C1FBDB
:108940000546207330B93146404600F0A2FC28B9F4
:1089500008232373002002B0BDE8F081CDE9005563
:108960003146A388A2683846FFF70DFF002807DAD2
:1089700010F1FF0F26BF4042C0B20E202073E9E77E
:108980000120E8E72DE9F3411768D7F804800023B8
:1089900014461373014606469522404600F091FBAB
:1089A0000546207330B93146404600F072FC28B9C4
:1089B00008232373002002B0BDE8F081A068798B02
:1089C0007A8D038A914294BFC3EB0103C3EB020388
:1089D000012BEFDD02210C30FEF7C6FECDE900557C
:1089E0008046A388A26831463846FFF7CCFE031EB6
:1089F00006DA13F1FF0F26BF5B42DBB20E23D8E786
:108A0000A8F800300120D6E708B5837A072B01D0FB
:108A1000002008BD0421FFF7E8FC0028F8D0BFF3D0
:108A20005B8F036DBFF35B8FDB07F1D550F8040C50
:108A3000EFE72DE9F04104468868FFF706FD638BF8
:108A4000628D934228BF134683420D461DD3A16514
:108A5000D1F8088000278F60FDF794FB414620463F
:108A6000F9F7CCF8064638B1C5F80880A765FDF7D8
:108A70009DFB3046BDE8F081618D638B994228BF34
:108A80001946284600F004FCF1E76FF07906F0E79C
:108A900038B5BFF35B8F0B68BFF35B8FDB07054611
:108AA00016D550F8040C98B16B6D8BB90430FFF7F4
:108AB000C2FC044660B10146281FFFF7BAFF38B177
:108AC00055F8043C5A6822609A685C6002B99C6060
:108AD00038BD2DE9F041446A074634B354F8A8691B
:108AE00006B1A83E00231D4607F1040801E0344604
:108AF0001646A26D92B905B983B94046FFF79BFCB3
:108B0000054650B101462046FFF793FF68B17B68E8
:108B10002B60BB687D6003B9BD6023462EB1D6F8DB
:108B2000A820002AE3D0A83AE1E7BDE8F08170B5BB
:108B300004460E46002200230846FCF70DFE0546BB
:108B400058B101462046F9F759F8044618B12946AC
:108B5000304602F0C1FA204670BD6FF00104FAE71A
:108B6000F8B50546071F00F1500350F8044CBFF359
:108B70005B8F53E8001F21F0040143E80012002A34
:108B8000F7D1BFF35B8FFCB16B6D83B9636873B1D1
:108B9000201DFFF750FC064601463846FFF749FF07
:108BA00090B163683360A368666003B9A66005F19D
:108BB00058013846FFF7BBFF30B104F10C013846CD
:108BC000BDE8F840FFF7B3BFF8BD38B504460D4621
:108BD000F9F714F830B1294604F15C00BDE83840DB
:108BE00002F06FBA38BD2DE9F041884617460121E1
:108BF000042205461E46F8F7E7FD044670B104213D
:108C00000C30FEF7B1FD80F80080A0F80170C6704E
:108C100021462846BDE8F041FFF7D7BFBDE8F08107
:108C200007B5CA681388528800920C210D22F9F703
:108C30002BFA03B05DF804FB07B5CB6800221B8854
:108C400000920A210B22F9F71FFA03B05DF804FB2A
:108C50002DE9F041CB681F88BBB2162B05461BD906
:108C60000321F8F701FE0646C0B102210C30FEF7E1
:108C70007BFD00244FF0170880F8008044703146D7
:108C80002846FFF7A2FF2846A5F81A806F85FFF750
:108C900037FD2046BDE8F0810420FBE70E20F9E710
:108CA00037B50C46054601F10C00FEF79DFD228A02
:108CB0000192E26800920346132212212846F9F736
:108CC0004BFB03B030BD37B50C46054601F10C0037
:108CD000FEF78AFD228A0192E26800920022034692
:108CE00011462846F9F738FB03B030BD70B50E4683
:108CF0001546FFF789FE78B1436A6BB1184650F804
:108D0000A83903B1A83B691C428D448BA24228BFFD
:108D10002246914202D93BB9002070BD2A46314615
:108D2000BDE87040F8F750BDD3F8A84004B1A83CA6
:108D300018462346E8E7F9F799BD0A8AC96800236F
:108D4000F9F7A8BB30B5054689B055F8043B044691
:108D50001868FFF70AFA6946F8F7F2FD2846F9F7AE
:108D6000D3FB60681321FFF7B8F909B030BD10B527
:108D7000044688B054F8783D1868FFF7F6F969465C
:108D8000F8F7DEFD2046FFF7DDFF08B010BD70B537
:108D90000E46FFF739FE044628B93046F6F74EFA7C
:108DA0006FF07F0070BD00F10C052846314602F0DF
:108DB00088F9606A38B150F8A84904B1A83C29463E
:108DC000FFF7B5FE20B90020ECE71C466FF001006C
:108DD000002CF8D0D4F8A83023B90230F5D02046C2
:108DE0001C46ECE7A83BF8E738B505460C46FDF70E
:108DF000C9F92846FFF708FE20B9FDF7D7F96FF04B
:108E00007F0038BD0023236083683BB9C0E901447B
:108E1000FFF75FFEFDF7CAF90020F2E71C608460EF
:108E2000F6E710600020704710B5029CA36833B1CC
:108E3000B1F5807F28BF0E21CAB221469847A37D95
:108E4000E268013BDBB2A37522B11BB92046BDE845
:108E50001040104710BD106091800020704770B521
:108E60000D46064611F8010BF8F74EFA044610B10C
:108E70002C89F7F7EDFE6B89A34207D0EB686C8174
:108E800023B121463046BDE87040184770BD10B58B
:108E9000144632B900F17001007AF9F7ABFB00B16A
:108EA000846010BD38B5BDF81040A24215460CD8FC
:108EB0004CB16BB1A21A8A42A8BF0A4694B22246AC
:108EC000591902F0DAFB204638BD6FF00600FBE7C7
:108ED0006FF00D00F8E71FB50C461946E3681C78E3
:108EE0001046BDF818203CB110240133069404B09C
:108EF000BDE81040FFF7D6BF5B88ADF80E30022307
:108F000000930DF10E03FFF7CDFF04B010BD2DE966
:108F1000F04114461D46BDF81870F6F7D7FC06461A
:108F2000F4F7C7F980B2069033463A462946204600
:108F3000BDE8F041FFF7B6BF30B585B014461D4619
:108F4000FEF7C0FE0223ADF80E000093BDF820200E
:108F50000DF10E0329462046FFF7A4FF05B030BDF2
:108F600070B500F1700605463146007AFEF7ACFE9A
:108F700004463146287A3CB1F9F73CFB18B100238E
:108F800003604360836070BDF9F734FB0028FAD0BA
:108F9000046044608460F6E7022A10B508D100231B
:108FA00000F170011A46007AF9F74AFB022010BD61
:108FB000FFF7D6FFFAE730B585B0C96814461D46FD
:108FC000F9F7DEFB00B10089ADF80E000223009333
:108FD000BDF820200DF10E0329462046FFF762FF61
:108FE00005B030BD38B5BDF81010BDF81840059D6E
:108FF000A14210461A460CD84CB16DB1631A9A4280
:10900000A8BF1A4694B22246294402F036FB2046F5
:1090100038BD6FF00600FBE76FF00D00F8E713B501
:10902000044610B9002002B010BD00238DF80430B2
:10903000006842F6030301A9ADF80630FEF7EFFB26
:109040000028EFD1E36898880028ECD12046F9F792
:109050004DFC013080B2E6E770B5CC6888B00846B8
:109060001E46A3798DF80C301546FFF7D8FFADF8F2
:109070000D00246823786BB96388ADF80F300523A1
:109080000093BDF8302003AB31462846FFF70AFFB6
:1090900008B070BD631C0DF10F02113453F8041BAE
:1090A00042F8041BA342F9D11323E9E71FB5CDE928
:1090B0000123002300931A46F9F748FC05B05DF838
:1090C00004FB4B8A12F0010FC3F30E0304D013F01C
:1090D000950F10D0486870B112F0020F04D013F44D
:1090E000957F0AD0896841B1134013F4DE7F14BF25
:1090F00005200020704702207047032070472DE9AB
:10910000F041837A072B86B005460C46174640F09F
:10911000848000238DF81430206842F6030305A9EB
:10912000ADF81630FEF77BFB90B96668002E74D060
:109130000090012304AA2146B04701286DD19DF873
:10914000103013F0300F68D02046F9F759FC044670
:10915000002320688DF8143005A942F60213ADF8FB
:109160001630FEF75CFB18B12046F9F749FC0446BF
:10917000002642F6021820688DF8086002A9ADF8B2
:109180000A80FEF74CFBF0B9002320688DF81430FC
:1091900005A942F60213ADF81630FEF740FB002891
:1091A0003BD16668002E38D00090022305AA2146E4
:1091B0002846B047022830D1BDF814301F4214BFF2
:1091C000012000202AE020688DF80C6042F603039D
:1091D00003A9ADF80E30FEF722FB0028D4D020689A
:1091E0008DF810604FF4205304A9ADF81230FEF74B
:1091F00016FB0028C8D020688DF8146042F60103E1
:1092000005A9ADF81630FEF70AFB0028BCD02046B1
:10921000F9F7F6FB04460028ADD1002006B0BDE802
:10922000F081F8B50F4651684B8A03F09403064667
:10923000144613BB0122FFF762FF08B3A2891B216A
:1092400002323046FFF752FD0546E0B1A1890C30ED
:109250000231FEF789FA20F8027BA289A16802F0A8
:109260000CFAD4E9041228460123F9F7B1F929468A
:109270003046BDE8F840FFF78ABD4FF0FF30F8BD3B
:109280006FF01500FBE76FF00B00F8E70120704767
:10929000704701207047012070470021F8B54FF05A
:1092A000FF324FF0FF3305460846F8F74DF900F15D
:1092B0000C07044601213846FEF756FA05260670CB
:1092C00001213846FEF750FA002306701A4621465F
:1092D0002846FFF716F810B12046F5F7AFFF00203B
:1092E000F8BD6FF085007047002070470369C9B270
:1092F0000C2201FB0233186C00F00700704770B5B8
:10930000C9B20369EFF31185402484F31288BFF3D7
:109310006F8F0C2606FB0134246C14F0C00408D0B7
:10932000A24206D085F31188BFF36F8F4FF0FF3054
:1093300070BD06FB013301221A6485F31188BFF367
:109340006F8F436803EBC1035B6898470020EFE72A
:109350008022FFF7D4BFF8B5069F0469C9B2EFF3C6
:109360001186402585F31288BFF36F8F0C2505FB0E
:109370000144256C05F0070CBCF1010F0CD12764EA
:1093800086F31188BFF36F8FC4E90E23436853F847
:10939000313098470020F8BD05F0C005AF4286F394
:1093A0001188BFF36F8F0CBF6FF077004FF0FF3065
:1093B000F1E713B580240094FFF7CDFF02B010BD94
:1093C00010B40069CBB21C2403FB0400002110BCC4
:1093D00010471046FCF7F2B900F0F5BFFBF768BB89
:1093E0004FF4AF60704743685B68D3F810350B608B
:1093F0000020704743685B6802EA010021EA02012D
:10940000C3F80805C3F80C150020704743685B6873
:109410000020C3F80815704743685B680020C3F854
:109420000C15704743685A68D2F8043521EA0300E6
:109430000B40C2F80805C2F80C350020704710B583
:1094400003695868F8B1884219D19C680868586067
:10945000A14200D19860002008602AB15A680A60D1
:109460009A68596002B99960002010E0814206D1E3
:109470000868206098688142EDD19C60EBE7044663
:1094800000680028F2D1002AE8D16FF0150010BD65
:1094900001F0A6BA2DE9F043476840F20636D0063F
:1094A0003B7C87B002EA060654BFC2F3401C4FF073
:1094B000030C01F01F05B6F5837F144645EA4315FA
:1094C0008DF803C043D00DD8062E16D005D8A6B10E
:1094D000022E3ED06FF0150036E0B6F5807FF9D150
:1094E00001260AE040F20222964234D0B6F5407FCF
:1094F00033D0B6F5007FEDD102260123220303FA13
:1095000001F12CD57B68C3F80815B86868BB05F075
:109510001F026D0972D1920002F1A04284F48031E1
:10952000D2F80037C1F30041C4F3404423F4E163AF
:1095300044EA410423F007031C4344EA8C0444EA50
:109540000624C2F80047002007B0BDE8F0830726D4
:10955000D3E70426D1E70526CFE70326CDE763034B
:1095600044BF7B68C3F80C15CFE70DF10202294612
:1095700001F0BBF914F4403F80460CD1B86829468D
:1095800001F0E1F9B8F1000FDDD19DF80210B868E3
:10959000FBF7FCFCD7E74FF0000901ABCDE90199DF
:1095A000CDE90439CDF80C90B86803AA294601F03A
:1095B00097F84845C7DB14F4003314D084F48034A2
:1095C0009DF803308DF80E30C4F300448DF80C6024
:1095D0008DF80D40B8684B4603AA294601F01BF9E7
:1095E0000028CFDAAFE7CDE904330DF1030303938D
:1095F000B86803AA294601F073F8F1E702F5E072B2
:1096000050F82230FFDEF0B544681646A068227C90
:1096100001F01F0587B045EA4215002869D0B6F56C
:10962000001F04D1294601F0D7F9002052E06268FA
:10963000607CC2F8240501AA0020B6F5800F0190D5
:10964000506036D1B3F1007F14BF052304238DF899
:1096500004300023CDE904230393E36823FA01F1E6
:1096600011F001010DF1030736D1B6F1A07F33D11E
:1096700005F01F036A0903F5E0733DD14FF0A042E6
:1096800052F82330DB0727D4A0683A46294601F078
:109690002CF9163018D00297A06803AA294601F0C9
:1096A0001FF8002816DBA0680122294601F04DF9B9
:1096B000BBE7B3F1C06F05D0B3F1007F14BF012346
:1096C0000223C4E70323C2E7A0683946FBF764FC22
:1096D0000028E0DA07B0F0BDA0683A46294601F05C
:1096E00004F90028D8D19DF80310A068FBF74EFCC0
:1096F000D2E76FF08500EDE751F82330FFDE30B59B
:1097000043681360057A446804EBC504A34202D39E
:109710006FF0010030BD5C798C4201D00833F0E776
:109720000020F7E7FCF7FEBD10B44068046A6468E7
:10973000A44610BC60471FB5432904691ED10C2301
:1097400001AA1946FFF7F0FF98B9BDF8043023804D
:10975000BDF806306380BDF80830A380BDF80A303C
:10976000E380BDF80C302381BDF80E30638104B076
:1097700010BD0023C4E90033A360F8E76FF0850053
:10978000F5E710B44068046AA468A44610BC6047BA
:1097900010B5FFF7F6FF044610B90298FFF7C2FFB5
:1097A000204610BD2DE9F043054604694068036A70
:1097B00085B01B689847002822DB656104F118001A
:1097C00001F0E2FB40F60803A3814FF4FA66092397
:1097D000A3734FF4FA702682FFF7A4FF6868036A48
:1097E000DB68984760B90146012302AA2846FFF7C3
:1097F0009BFF28B99DF80830242B04D06FF004009B
:1098000005B0BDE8F083B6238DF809300DF10902EB
:1098100001237E212846FFF7B4FF0028F0D130460F
:10982000FFF780FF6868036ADB6898470028E7D184
:1098300001230DF10B027C212846FFF775FF00285C
:10984000DED19DF80B304FF47A7723F001038DF8C9
:109850000B30009701230DF10B027C212846FFF706
:1098600097FF0028CCD18DF80A0001230DF10A02E0
:1098700059212846FFF785FF0028C1D1D5F804807B
:10988000044606468146D8F824309B689C4226D37D
:109890003046002EB4D101230DF10A025921284689
:1098A0008DF80A30FFF76DFF0028A9D1012303AA24
:1098B00021212846FFF738FF0028A1D19DF80C4050
:1098C00004F00F04012C8DF80C4026D0013642F232
:1098D0001070F6B2FFF726FF102EE7D18EE763096E
:1098E0008DF80D300097022303AA5B2128468DF8DE
:1098F0000C90FFF74DFF46B25EB9D8F824305A6895
:1099000000974FF4807322445E212846FFF740FF02
:1099100046B204F5807084B2B5E72846F9F7FCFE3C
:1099200000287FF46DAF9DF80B3043F001038DF8F4
:109930000B304FF47A7300930DF10B0223467C2118
:109940002846FFF725FF5BE730B58DB00DF1030426
:1099500002AD029461F07F010124CDE90454039427
:109960008DF8031008AC0146069401AD0224CDE940
:109970000854CDE90A2351F8040B0794836804AA1C
:109980001D6806ABA847002803DB2046FCF7CAFC8D
:1099900000200DB030BD07B501230DF107020021F5
:1099A000FFF7D2FF03B05DF804FB10B50446006872
:1099B00001F04BFA40B1237E0BB9002010BDE068E6
:1099C00001F043FA0028F8D16FF01200F6E730B545
:1099D00089B00DF1070401F07F0104948DF80710A0
:1099E00001240146CDE905420793022404AB51F856
:1099F000040B02930394836802AA1D680023A847FE
:109A0000002803DB2046FCF78DFC002009B030BDA8
:109A100030B585B00B78ADF806208DF80F300C46C8
:109A200001230DF10F022F210546FFF7AAFE0028A2
:109A300008DB617802230DF106022846FFF7A1FE3C
:109A400000EAE07005B030BD2DE9F0410446006841
:109A50000D46174638B301F0F8F9002847D02379AE
:109A6000012606FA03F3C5E90173E388206821792A
:109A700043F480320769D0F808C013F0010F3B6847
:109A800006FA01F614BF3343B3433B60DCF8003001
:109A9000984740B920682179E38882680769966908
:109AA0001EB96FF05700BDE8F0813F6801228A407F
:109AB0003A4203F040030CBF43F0B86383F0707385
:109AC00023F0794323F47F0323F47F4323F0BF0380
:109AD0004FF0A072B0470028E5D120688368DB69A9
:109AE000002BDED029460122BDE8F04118476FF077
:109AF0001200D8E7FBF7E0BD51F8283C1869BFF326
:109B00005B8F00F1540353E8001F41F0010143E86B
:109B10000012002AF7D1BFF35B8F5C30FBF74EBE1B
:109B200051F8343C1869BFF35B8F00F1540353E8DC
:109B3000001F41F0020143E80012002AF7D1BFF3F1
:109B40005B8F5C30FBF73ABE2DE9F743064600F128
:109B50005C094FF0FF324FF0FF334846FBF768FED9
:109B600077693C69BFF35B8F04F1540555E8003F0A
:109B700023F0010245E800210029F7D1BFF35B8FF4
:109B8000D9071DD502230DF106021C213846FFF727
:109B9000CBFD0028DDDB04F118084FF0FF334FF058
:109BA000FF324046FBF710FDE36A33B1BDF80620F3
:109BB000520602D5216B384698474046FFF79AFF78
:109BC000BFF35B8F55E8003F23F0020245E8002118
:109BD0000029F7D1BFF35B8F9B07BAD504F11805B5
:109BE0004FF0FF334FF0FF322846FBF7EDFC636B7D
:109BF00013B1A16B384698472846FFF77BFFA8E7CB
:109C00002DE9F743B1F8008006694368B8F1010F08
:109C100005460F46144640D0B8F1080F58D19B6A4C
:109C2000002B55D006F118084FF0FF324FF0FF33EC
:109C30004046FBF7C9FCC6E90B474046FFF75AFF11
:109C40006F682E695CB17B6AB6F85820D9682846DF
:109C5000FFF7DEFE00281BDA03B0BDE8F083B6F89C
:109C60005A207B6A28461969FFF7D2FE0028F3DBE9
:109C7000003C18BF0124A4018DF8074001230DF119
:109C8000070256212846FFF77CFD00EAE070E3E773
:109C9000B6F85A2042F40042E3E71B6BC3B106F169
:109CA00018094FF0FF324FF0FF334846FBF78CFCAA
:109CB000C6E90D474846FFF71DFF003C18BF0124C9
:109CC000A4018DF8074043460DF107025821D9E75A
:109CD0006FF08500C0E743681B68D3F88004C3F8C1
:109CE0008004704742681368D3F8100150B1D269FC
:109CF000002012780A70C3F81001D3F81021012255
:109D00001A6070474FF0FF30704702680346D2F880
:109D1000580140B95B68DB0706D4D2F8200100384F
:109D200018BF012070470120704743681B68D3F8B3
:109D30000423D20517D5D3F82021A2B1EFF3118265
:109D4000402181F31288BFF36F8FD3F8201131B116
:109D50000021C3F82011D3F820110121D96082F32A
:109D60001188BFF36F8FD3F85831704713B501AA2C
:109D70000446FFF7C4FC002805DB019B2268197923
:109D80001868F9F733FC02B010BDF8B5002205469B
:109D900001210220F4F760FF0220F4F72DFF6C6828
:109DA0000121E068FFF7E2FF6B681A682369C2F8D7
:109DB0002435617D237D0B43A17D0B43C2F86C35B7
:109DC0006E68D6E9004313F0010336D02F6904F121
:109DD0000C0107F1080204F5907000F061FB002807
:109DE0002ADB387AFBF774F80823C4F80035B36926
:109DF000C4F844350023C4F848350123A360D4F8DF
:109E00005831002BFBD00021C4F800156D682C6878
:109E1000E868FFF7ABFF0823C4F800352A7A52B987
:109E2000EB69C4F834350123C4F83835C4F810217F
:109E3000D4F8102123600020F8BD0822C4F80025C2
:109E4000B269C4F84425C4F848350123A360D4F8A6
:109E50002031002BFBD00023C4F82031D4F820316E
:109E60000123E3604FF48073C4F80433C7E7002292
:109E700001210420F4F7F0BE10B50B6813B913608C
:109E8000184605E003685C681CB114600368186834
:109E900010BD083303600B68013B0B60EDE713B5A1
:109EA00001AA0446FFF72BFC002805DB019B226872
:109EB00019791868F9F79AFB02B010BD03460A46F3
:109EC00000681979012303FA01F103691B6819423B
:109ED00018BF82F0010212B18368DB6818478368FB
:109EE0001B69FBE710B504460068D0B1037DC3B120
:109EF00049B101210830FFF7E1FF23681869BDE887
:109F0000104000F086BF12B98388DB0409D40069D1
:109F100000F07FFF20680021BDE810400830FFF707
:109F2000CDBF10BD10B5012200210446FFF7DAFFB6
:109F3000A36933B9636004F11000BDE81040FBF77A
:109F40003DBC10BD10B50069C36A8B420AD1826A5C
:109F500093420AD190F8944054B92830FFF7E2FFB9
:109F6000204610BD6FF07700FBE76FF01500F8E7B3
:109F70006FF00F00F5E72DE9F84344680669012109
:109F80000546E06AFFF78BFF616B481C17D1636AD7
:109F90009847346B01270834D6E90C3203EBC2032F
:109FA000A4F10802934214D806F12800FFF7BAFF83
:109FB0006B680021D86AFFF772FF002007E0206B72
:109FC00000F016F910F1130F01D0411DDFD1BDE8EB
:109FD000F88354F8080C00F038FF28B354F8080C44
:109FE00014F8041C34F8023CD0F810E0D0F80890C3
:109FF000DEF800C0DA0754BF43F4B01383F4D01383
:10A0000023F4801207FA01F8DB074CBF48EA0C037F
:10A010002CEA0803CEF80030D9F800309847002821
:10A0200004F10804B8DAD2E76FF01200CFE738B5D0
:10A0300005690446A96605F15000FBF7BFFB002245
:10A0400085F8942020691146BDE838402830FFF794
:10A0500049BFF0B504694568D4F88020D4F8883049
:10A0600085B00646A2BB002B54D02D8DE06FD4F8EE
:10A0700084709D4228BF1D46D4F8843063B1D4F863
:10A0800088204AB107F06042B2F1005F04D0082D89
:10A09000D4F89C7028BF0825E26FC4F8905022B114
:10A0A000D4F88020002A18BF2A46019223B1D4F8A0
:10A0B0008830002B18BF2B460090694600222046AE
:10A0C0000393029700F0D2FD014620BB05B0F0BD1E
:10A0D000E16FD4F884702D8D0846BBB1934228BF40
:10A0E00013469D4228BF1D460029C5D001F060439C
:10A0F000B3F1005FC0D0082D28BF0825D4F8980020
:10A100002A4601F0BAFAD4F89800B5E7954228BF7C
:10A110001546E9E71946304605B0BDE8F040FFF7BF
:10A1200086BF38B502780346002A60D10C69D4F89E
:10A1300090203AB9D4F88C006FF07301BDE8384034
:10A14000FFF775BFD4F8840050B1D4F8881039B146
:10A15000DB682BB1834203D0D4F89C1001F08DFA58
:10A16000D4F88030D4F89050A3B19D4212D85B1B34
:10A17000C4F880306BBBE36E0833E366236F013BAA
:10A18000236704F1800204F1700104F16C00FFF711
:10A1900073FEE067D4F88830ABB19D4213D85B1BE7
:10A1A000C4F88830DBB9636F08336367A36F013B82
:10A1B000A36704F1880204F1780104F17400FFF749
:10A1C0005BFEC4F88400D4F88C00BDE83840FFF78B
:10A1D00040BFE36F002BDDD02B44E367DAE7D4F810
:10A1E0008430002BEFD02B44C4F88430EBE738BD2B
:10A1F000F0B587B001238DF8023002238DF80430CA
:10A200006B4403930E4601AB0DF103010027054695
:10A21000029104930597FAF7BFFE041E0BDB03AA15
:10A220003146284600F05CFA041E07DA9DF8031058
:10A230002846FAF7ABFE204607B0F0BD3C46FAE7E9
:10A2400000F150039B009BB203F1804303F5883378
:10A2500000221A601B68704708B5F9F75BFD08BD5E
:10A2600010B54FF0FF304FF0FF31F9F7EFFE044625
:10A2700028B9E6F7A1F8044618B1F9F7EFFE204631
:10A2800010BDF9F7EBFE2046F5F78EF8F7E738B585
:10A290000B8A0D463BB101F10C00FDF79DFA012838
:10A2A00018D0022803D06FF01504204638BD4FF0B7
:10A2B000FF304FF0FF31F9F7C9FE04460028F4D112
:10A2C000E868F0F7D7FA0446F9F7C8FEACB1F9F739
:10A2D000A1FFEAE74FF0FF304FF0FF31F9F7B6FE8C
:10A2E00004460028E1D1E868FAF72CF80446F9F7AB
:10A2F000B5FE002CD9D1F9F78DFF2846F4F79EFF63
:10A300000024D2E7F9F7B0BF10B53222044600218D
:10A3100001F0C1F9202323708023A3706FF03F0365
:10A3200063710423A3722823A3730223E37304231A
:10A33000A3756FF0080363760323A3766FF00F0312
:10A34000E3760E232377302384F82030702384F8BB
:10A350002330802384F82630402384F82D3010BD2C
:10A3600008B54FF0FF314FF0FF30F9F76FFEF2F70D
:10A3700082FFBDE80840F9F771BE684620F007018A
:10A380008D4601B5EEF77EFDBDE80140854670477C
:10A39000684620F007018D4601B5EDF76BFFBDE87B
:10A3A000014085467047684620F007018D4601B59B
:10A3B000EDF754FFBDE801408546704708B5F2F758
:10A3C00076FE002008BD7047012802D10020ECF77E
:10A3D00097BD70477047ECF791BB0020704710B5F0
:10A3E0004329046901D00C2904D1EEF783FF2060D2
:10A3F000002010BD6FF08500FBE74FF08053D3F8CD
:10A400003001421C04BF4FF0704393F8E00F062860
:10A4100004D0A0F10A035842584170470120704708
:10A4200003460020184700F0F4BC10B5024611683E
:10A43000B1B1BFF35B8FB1FA81F3C3F11F00012308
:10A44000834021EA030352E8004F8C4204D142E8E2
:10A45000003CBCF1000FF6D1BFF35B8FE7D110BD1C
:10A460006FF00B00FBE710B50368CB40DB0714D49B
:10A4700001238B400268BFF35B8F43EA020150E87F
:10A48000004F944204D140E8001CBCF1000FF6D10B
:10A49000BFF35B8FEED1002010BD6FF01500FBE71E
:10A4A00070B50C460021054608461646FAF702FD2F
:10A4B00000280ADB3378DB0003F1804303F5F8332F
:10A4C0000020C3F81055C3F8144570BD036803F0AD
:10A4D0001F025B0902600CBF4FF0A04000207047D4
:10A4E000F7B5019001A8DDE9084716461D46FFF7BC
:10A4F000EDFF019BB6F1000C18BF4FF0010C00EB13
:10A5000083000B1E18BF0123002D43EA4C0314BF28
:10A510004FF00C0C4FF0000C002C43EA0C0314BF5E
:10A520004FF4E06C4FF0000C002F43EA0C03D0F81E
:10A53000002714BF4FF4403C4FF0000C43EA0C03DB
:10A5400022EA030301B109780EB136787600194387
:10A550000DB12D78AD0031430CB12478240229438C
:10A560000FB13F783F040C433C43C0F8004703B0B1
:10A57000F0BD1FB50DF10F03019300238DF80F10EF
:10A5800000931A461946FFF7ABFF05B05DF804FBD0
:10A5900070B5CBB20833164630F81330DA050446EE
:10A5A0000D4609D5C3F3432300EBC302314650F8EF
:10A5B0003330526828469847A3682BB1E268314689
:10A5C0002846BDE87040184770BD10B4CBB200EB10
:10A5D00043039A8AD1051BD5C2F3432122F4F852D2
:10A5E0009A8200F1520400F1120232F8023F13F491
:10A5F000807F03D0C3F34323994209D0A242F4D110
:10A6000000EBC10300225A6010BC5830FFF72BBF8B
:10A6100010BC704711F0010138B50CD04FF0A045C7
:10A62000D5F820450460C5F82045FAF759FC08B173
:10A63000D5F8203504B90021084638BDF0B50346E9
:10A6400000F58074002005460127844695420AD112
:10A65000D3F87C2132B10022C3F87C21D3F87C31BD
:10A6600040F00040F0BD25F0404607FA06F63142C2
:10A6700009D0D4F800E0BEF1000F04D0C4F800C047
:10A68000D4F800E0304301350434DFE7C9B200EB11
:10A690004100808A830643BF400B800000F5807034
:10A6A0004FF4BE7070470246CBB202EB430308463C
:10A6B0009B8A990611D599070FD410685B0B01216D
:10A6C0009940C0F80813126802EB8303D3F81025F1
:10A6D00022F00302C3F8102570470021FFF749BF9D
:10A6E000F0B5136885B005460C461646DBB1CFB20F
:10A6F00000EB4707BA8A02F02202222A1ED000226B
:10A70000CDE900228DF80E208DF80F200DF10E01FD
:10A710000DF10F022046FFF7E3FEBB8A23F0020390
:10A7200043F00103BB82736823B31A785868E3B21D
:10A7300005EB4303998A8F0703D5A8B16FF0150085
:10A740001BE021F4604121F02001998260B1032ACD
:10A75000F4D8716848682968077801EB870172B9F5
:10A76000C1F81025C1F81025998A21F01C0141EA91
:10A7700082029A82B3684BBB002005B0F0BDD1F8CD
:10A78000100520F00300C1F81005286800EB8700D1
:10A79000D0F8101521F4473121F44071C0F810159C
:10A7A0002102D0F810C501F4F85141EA024141EA12
:10A7B0000C01C0F8101505EB4701A1F85C40998A1F
:10A7C00041EA473141F020019982CDE7D3E90067A2
:10A7D00021462846FFF7F9FE002ECDD06B689E4239
:10A7E00006D005F15800FFF720FE002804DAC4E780
:10A7F000AB689F42F5D1002005EBC003C3E90167B8
:10A80000E4B205EB4404C0B2A38A43EA402343F414
:10A810008073A382B0E7F0B5074685B00C461D46AD
:10A82000F2B1CEB200EB4606B38A980701D499067E
:10A830001ED413F01C0F02D05378012B18D0012323
:10A840008DF80F300023CDE900230DF10F01931C8B
:10A8500020460132FFF744FEB38A43F00303B3827C
:10A86000002D3DD0E2B207EB4202938A9B0703D44E
:10A870006FF0150005B0F0BD28783B6803EB80034E
:10A880000021C3F81015C3F81015938A23F4604310
:10A8900023F0200393826E784FEA800C06B3396868
:10A8A000AD7861443604D1F8103523F4981323F4BD
:10A8B000F853C1F81035230203F4F85306F4403678
:10A8C0002D05D1F81075334305F480152B433B4318
:10A8D000C1F81035938A43EA403343F02003938252
:10A8E0000020C7E7C0E903127047C9B200EB41007E
:10A8F000838A990643BF5B0B002013706FF015002D
:10A90000704738B590F86C4005469CB94022214606
:10A91000143000F0C0FE2868C0F87C41D0F87C31CB
:10A9200040F30730F4F768F9012385F86C30AB6524
:10A93000204638BD6FF07700FBE790F86C000038D8
:10A9400018BF01207047FAF7EDBA73B50C46C9B2CB
:10A9500000EB410105688B8A9E0619D513F00206AB
:10A9600016D15B0B9C0004F580716E50695801682C
:10A970002144D1F8104544F00104C1F810452AB132
:10A980000168012202FA03F3C1F8043302B070BD7A
:10A99000D5F80433002BA4BF4FF00043C5F80433AF
:10A9A0008B8AC3F38203042B12D0052B12D001A88B
:10A9B0000194FFF78BFD019AD0F81035D34003F0D6
:10A9C0000103991C204602B0BDE87040FFF7D1BDDD
:10A9D0000321F7E70221F5E7FFF765BEFFF756BE53
:10A9E0002DE9F04F074685B057F8049BD9F80413BA
:10A9F000C9B28046082241F000414846FFF71EFEDA
:10AA0000051E16DA0023012102A80293FFF702FEB9
:10AA10004FF0010A029A92B94FF000414846FFF701
:10AA20000DFE012102A8FFF7F5FD0028F2D125F067
:10AA300000450124002D76D105B0BDE8F08F92FAD3
:10AA4000A2F4B4FA84F408EB4403E0089E8A039469
:10AA500002AB04F007021B5C0AFA02F223EA0203CB
:10AA600002AAB108135403A8FFF730FD039B03F5B6
:10AA7000E073C6F3820B50F823304A075E46C3F3F7
:10AA8000014332D53246384621465FFA83FBFFF751
:10AA90007FFD03A80394FFF719FD039B03F5E07303
:10AAA00050F82330C3F301439B4507D100212046D2
:10AAB000FFF75FFD59462046FFF75BFD03A80394AF
:10AAC000FFF704FD039B0AFA03F3C0F820350146A3
:10AAD000FAF706FA00289DD0D1F82035D1F82035B4
:10AAE000D1F82035D1F8203594E7022B0DD1032180
:10AAF0002046FFF73EFD0BF00503012BDED1324669
:10AB000021463846FFF744FDD8E70221204601934D
:10AB1000FFF72FFDBBF1030FF1D0019B032BCDD12C
:10AB2000BBF1020FEAE795FAA5F3B3FA83F304FA4F
:10AB300003F225EA020503F5A27208EB430359F874
:10AB40002220B3F85C10C2F301423846FFF720FD23
:10AB500070E770B5A2F58074A408012606FA04F423
:10AB6000054614EA010008D0A85830B10021A950C8
:10AB7000AA581A6822431A60304670BD2DE9F34185
:10AB8000002304460D460193904601AB4FF4A67294
:10AB9000FFF7DFFF4FF4827229462046FFF7D9FF07
:10ABA0004FF48C72074629462046FFF7D2FF06462F
:10ABB00030B1B8F1000F1DD017B1D4F83C353E4686
:10ABC00001AB4FF4887229462046FFF7C2FF30B12F
:10ABD000B8F1000F03D016B90FB1D4F83C3501AB72
:10ABE0004FF4907229462046FFF7B3FF019802B058
:10ABF000BDE8F0814646E3E7430906D101234FF063
:10AC0000A0428340C2F8083570470023C3F80835D6
:10AC1000FFDE430906D101234FF0A0428340C2F872
:10AC20000C3570470023C3F80C35FFDE38B50446F9
:10AC30001D4694F820309BB979B14869FAF706FAB5
:10AC400088B1C4E901252046FAF76EFA00200123F5
:10AC500084F8210084F8203038BDC4E90125F5E7E7
:10AC60006FF07700F8E76FF01500F5E7F0B590F8B2
:10AC7000213085B004460E461746002B40F09F80D9
:10AC800043682BB112F0140F04BF012380F8213068
:10AC900096E80F0004F1100585E80F00606A421C79
:10ACA00005D094F822309B0717D5FFF7A5FF33682E
:10ACB000256823B103F06043B3F1005F06D1B368A8
:10ACC00073B103F06043B3F1005F09D0002384F84F
:10ACD00021306FF00C0005B0F0BDFFF79AFFE6E7FA
:10ACE00017F0010318BF0123C5F8503517F0020310
:10ACF00018BF0123C5F8403596E80F00EC468CE8F4
:10AD00000F00039BC5F84405C5F84815C5F8342560
:10AD1000C5F838350023C5F8183117F01C0FD5F8E1
:10AD2000183128D1D5F80035073B18BF012394F816
:10AD3000222063F38202072384F8222017F0080FF1
:10AD4000C5F80035636818D101222A6143B9D5F8E6
:10AD50001831002BFBD0624640212846FFF70EFF3A
:10AD6000636813BB606A461C12D1211D2846FAF79E
:10AD70001FF90020AFE70123D9E7B3B9606A411C8E
:10AD8000F7D094F822309A070CD5FFF742FFF0E78E
:10AD900094F822309B0702D5FFF73BFFE5E7FFF76A
:10ADA0002BFFE2E7FFF728FFE3E717F0040F4FF070
:10ADB000400314BFC5F80833C5F80433D9E76FF072
:10ADC0000F0088E770B50246044652F8105B402138
:10ADD0002846FFF7D3FED8B1606A421C05D094F82C
:10ADE00022309B0711D5FFF714FF94F821301BB1D7
:10ADF000211D2846FAF7DCF82046002300F80C3F16
:10AE0000D4E90131BDE870401847FFF7F5FEECE7E3
:10AE100070BD08B1F4F730BA704710B54369044605
:10AE20003BB90020E268537843F00103537040427D
:10AE300010BD98470028F4D00028B8BF4042E3680E
:10AE4000FF28A8BFFF201870ECE740B1C36858780E
:10AE500010F001001EBF1878B0FA80F0400970476A
:10AE6000EFF31183402383F31288BFF36F8FFEE764
:10AE700008B5FFF7F5FF10B400F10C04C0E9034476
:10AE800010BCFCF757BA38B50446EFF311854023E0
:10AE900083F31288BFF36F8FFCF7FCF904F10C0009
:10AEA00000F0A0FA30B1294604F11400BDE83840A2
:10AEB000FBF742B985F31188BFF36F8F38BD416945
:10AEC000826842EA010313F003030FD1C3600369F0
:10AED000013B03FB0122002B01DA00207047C1680F
:10AEE00011604169C260013B521AF4E76FF015002E
:10AEF00070472DE9F04105460F46EFF311884023D6
:10AF000083F31288BFF36F8FC668FEB90468A0424E
:10AF10001CD0DCB1D4E9003213605A60637BA660B8
:10AF200023F002036373C4E9006604F1180000F023
:10AF3000C8FA2046C4F8B060276100F00AFA41461A
:10AF400005F10800BDE8F041FBF7F6B83E60AB69DB
:10AF5000EF60013BAB6188F31188BFF36F8FBDE8F1
:10AF6000F08108B54024EFF3118384F31288BFF316
:10AF70006F8FFCF762FBF6E790F90E308B4201D041
:10AF8000FBF768B80020704703460020C3E90200C1
:10AF9000C3E900337047D0E9003213605A60427B46
:10AFA000002322F00202C0E900334273836070473D
:10AFB0002DE9F843914604469DF820200D4600F106
:10AFC0000807EFF31186402181F31288BFF36F8FDA
:10AFD00002B14568D4F80880474518D0B8F1000F91
:10AFE00015D04046FFF7D7FF08F1180000F069FAC6
:10AFF0000023C8F8B030C8F81090404600F0A9F916
:10B0000038463146FBF798F80020BDE8F883A3B135
:10B010000820FBF7A9FC002838D00122C0F80490D2
:10B020000260016801F003015DB922680A43026011
:10B03000626820606AB960600BE0C9F80030484679
:10B04000EFE72A68032A16D80160616869B9C4E984
:10B050000000042104F1100000F0E8FA0028CFD12C
:10B0600086F31188BFF36F8FCFE70A6802F00302FF
:10B0700002430A60DFE722F003020A4302602A6803
:10B0800002F0030240EA02032B60E2E76FF00B00DC
:10B09000E6E710B5044630B10268930703D0446870
:10B0A00009B100F0E2FA204610BD0023C0E90033E8
:10B0B00000F10803C0E9023300F11003C0E90433D2
:10B0C000704707B50123009300230A461946FFF78E
:10B0D0006FFF03B05DF804FB07B500230A46009339
:10B0E0001946FFF765FF03B05DF804FB0068002117
:10B0F000FFF7CFBF5AB18A4209D300F11003C0E96C
:10B100000212C0E90000C0E90433002070476FF06C
:10B1100015007047026801238B4022EA0303036095
:10B1200022FA01F000F001007047704710B50321CA
:10B1300004460C30FFF7EEFF30B104F1100000F0D0
:10B14000C0F9B0FA80F0400910BD20B100221146CC
:10B15000C43000F07CB9704770B5C368C3F34006D3
:10B160009B07044616D4856802210C30FFF7D2FFF6
:10B1700080B1D5F8BC206AB194421DD122689EB935
:10B18000D5F8C030C5F8BC209C4201D1C5F8C0201C
:10B1900000232360E36813F01F001EBF43F0020387
:10B1A000E36040F0020070BD3260D5F8C0209442E8
:10B1B00008BFC5F8C060EBE716461268DBE773B559
:10B1C0000446EFF31185402383F31288BFF36F8F9A
:10B1D0000023A0F11006032104380193FFF79AFF22
:10B1E00028B1A369019301A93046FAF743FC85F31E
:10B1F0001188BFF36F8F02B070BD38B504460D469D
:10B200001022002100F047FA656038BD13B50190A7
:10B210000846EFF31184402383F31288BFF36F8F46
:10B2200001A9FAF727FC84F31188BFF36F8F02B0EE
:10B2300010BD10B5FFF7EAFF041E08DDEFF3118023
:10B24000402383F31288BFF36F8FFAF787FF2046FE
:10B2500010BD70B50D46EFF31186402383F31288BD
:10B26000BFF36F8FFAF762FC044686F31188BFF3D1
:10B270006F8F38B14FF0FF324FF0FF3305F1100000
:10B28000FAF7D6FA204670BD08B5D822002100F0A2
:10B2900002FA08BD38B5302204460D46002100F000
:10B2A000FAF94FF480736560E36038BD38B5044641
:10B2B000EFF31185402383F31288BFF36F8FFFF7FD
:10B2C00035FF2046FFF748FF85F31188BFF36F8FE6
:10B2D00038BDEFF30580003818BF01207047D0E972
:10B2E000003213605A600023C0E90033704708B58C
:10B2F000FFF7F5FF437B23F00203437300238360D2
:10B3000008BD38B504460D46FAF712FE637B43F0DC
:10B3100002036373E5B1A5602B689D4209D16B6898
:10B32000C4E900531C606C6012E06A689A42F6D06F
:10B330001B68002BF3D094F90E2093F90E108A426B
:10B34000F3D09142F1DD5A68C4E9003214605C60C8
:10B3500038BD10B5EFF31184402383F31288BFF397
:10B360006F8FFAF7A3FD84F31188BFF36F8F10BDC1
:10B3700008B5EFF31181402282F31288BFF36F8F7B
:10B3800083680BB1FFF7B3FF81F31188BFF36F8FB1
:10B3900008BD10B50146EFF31184402383F31288F2
:10B3A000BFF36F8F437B13F0280F0AD183680BB173
:10B3B000FFF79DFF4B7B23F004034B730846FAF71E
:10B3C00075FD84F31188BFF36F8F10BD012118380C
:10B3D000FFF7DFBF10B5FFF7CBFFBDE81040183017
:10B3E00000F06FB838B504680546AC424FF0000075
:10B3F00000D138BD002CFCD02046FFF7EBFF2046E3
:10B40000FFF7A7FF2C680120A542F1E770B50546BC
:10B410000E46FAF74BFFB6F1FF3F08BFB5F1FF3F0D
:10B420000446284612D04FF47A7147F6FF73002283
:10B43000C4FB0132D80B40EA4240B0F1004F4FEA62
:10B44000D23272F1000228BF6FF0004070BD38B5F3
:10B45000EFF31185402383F31288BFF36F8F0468E5
:10B46000A04213D0A4B1C4F8B01022612046FFF767
:10B470003EFF04F1180000F024F82046FAF716FD0C
:10B48000012085F31188BFF36F8F38BD0020F8E7E6
:10B490002046F6E708B50246FBF7E0F870B1D0E9C0
:10B4A00004319B1A61EBE272B3F1004F72F10001BB
:10B4B00004DA002AACBF1846002008BD6FF0004037
:10B4C000FBE738B50246EFF31185402383F312887A
:10B4D000BFF36F8F0368CBB1FBF7C0F8044610468B
:10B4E000FBF7CEF800224FF000438442C0E904236A
:10B4F00006D1FBF7BBF8FFF7CDFF0021F8F76EFD93
:10B50000002085F31188BFF36F8F38BD6FF01500F1
:10B51000F7E708B5FBF7C0F908BDB3F1FF3F08BF77
:10B52000B2F1FF3F70B506461D46144614D01A43CB
:10B5300016D0002B08DBFBF7AFF9041941EB05012E
:10B54000C6E90041304670BD6FF001031C1B4FF08F
:10B55000FF3363EB0501F3E74FF0FF342146EFE7DC
:10B560000024FBE7B3F1FF3F08BFB2F1FF3FF8B59E
:10B57000074616461C4610D054EA020311D0FBF7CA
:10B580008BF9B0420A46A14103460AD2F31A64EB92
:10B590000204C7E900343846F8BD4FF0FF331C46BB
:10B5A000F7E70023FBE72DE9F041846805460E46E6
:10B5B000D4B16378012B22D114F8533C9A0711D5EA
:10B5C000A4F160073846FFF705FF082E0CBF6FF0A7
:10B5D00003030023236514F8533CDB0602D13846ED
:10B5E000FFF7B7FE00232370EB68C3F386321643E0
:10B5F000002066F39433A860EB60BDE8F081022B75
:10B60000F0D12378002BEDD054F8048CB8F1000F62
:10B61000E8D004F11400FFF754FFA4F1140700234D
:10B62000E36239464046FFF7F1FDDBE738B5EFF35B
:10B630001185402383F31288BFF36F8F0468A04203
:10B6400011D0D4E9003213605A600023C4E90033FA
:10B650002046FFF7A8FF85F31188BFF36F8F201EE8
:10B6600018BF012038BD0024F5E720B1011F50F8B4
:10B67000040CFFF708BC704770470A44914200F180
:10B68000FF3300D1704710B511F8014B03F8014F9B
:10B690009142F9D110BD02440346934200D1704754
:10B6A00003F8011BF9E710B501390244904201D1BA
:10B6B000002005E0037811F8014FA34201D0181BC8
:10B6C00010BD0130F2E710B50139044632B111F86E
:10B6D000013F00F8013B013A002BF7D10021FFF7B1
:10B6E000DAFF204610BD10B5024601448A421346D7
:10B6F00003D01C780132002CF8D1181A10BDF0B517
:10B70000C3F137070446FFB203F01F031046082BAE
:10B71000E6B233D0102B3ED06508A40844EA817409
:10B7200045EAC1752D194FEA910242EB51022909F0
:10B7300041EA02716D1842EB1212290A41EA0261D4
:10B740006D1842EB1222290C41EA02416D1842EBBE
:10B750001242AD1842F10002EC0844EA4274D108EA
:10B7600004EB8402A6EB4205EDB2092D0CD901349D
:10B77000A5F10A0541F10001EDB212E0E40844EA46
:10B78000417406F00705C908303554EA010200F893
:10B79000015BBCD1F0BD240944EA017406F00F0539
:10B7A0000909092D84BFED19EDB2EDE7D1E90432A5
:10B7B00093421EBF5A1C0A61187070470148006806
:10B7C000704700002C260020DA1AFF7F01000000DD
:10B7D0009DF2000000000000117801000000000050
:10B7E0000000000078B801002555010000000000AD
:10B7F00049550100000000000000000094B801005D
:10B80000ED49010000000000BDA3010000000000A0
:10B8100000000000B0B8010000000000CCB801003A
:10B820007D32010000000000893E010000000000A0
:10B8300091F000000000000000000000E8B80100E6
:10B84000554A010000000000FD5801000000000002
:10B850000000000004B90100000000003CB9010034
:10B860000000000020B901004DF4000000000000BD
:10B8700051E5000000000000A1C9010088C10100DD
:10B88000B4BA0100CC040020EC270020D92F01001D
:10B8900000000000C0C9010098C1010050BA0100B9
:10B8A000D004002094280020B135010000000000E1
:10B8B000B0C901000000000048BA0100CE04002019
:10B8C00040280020913401000000000030CB01002E
:10B8D00008C20100D0BA0100D4040020A028002032
:10B8E0008B9D01000000000071CB010000000000F2
:10B8F000B0C20100D8040020B82800206141010036
:10B90000000000003ECB01004CC20100ACBA0100B7
:10B91000D60400200C040020779F010000000000E6
:10B92000D6C90100ACC1010074BA0100D2040020E4
:10B9300000130020A5970100000000009BCB010030
:10B940000000000090BA0100DA040020E428002082
:10B95000DBA3010000000000D7A3010021A4010027
:10B960000000000009760100CCB801002B9D010009
:10B9700000000000097601000C040020C5AD0100A4
:10B980000000000009760100DC0200209194010013
:10B9900000000000097601000000000009760100A7
:10B9A0000000000009760100000000000976010097
:10B9B0000000000009760100000000000976010087
:10B9C0004028002001350100000000000976010038
:10B9D0000000000009760100000000000976010067
:10B9E00000000000193F010000000000097601007E
:10B9F0000000000009760100000000000976010047
:10BA00000000000009760100000000000976010036
:10BA10000000000009760100000000000976010026
:10BA200000000000454A0100000000000976010006
:10BA30000000000009760100000000000976010006
:10BA40000000000009760100393401009133010043
:10BA500095940100E7930100F59301000D94010016
:10BA60001994010025940100079601003F940100FC
:10BA70000000000059DE000000000000019C0100F1
:10BA80003797010069D600000000000000000000A8
:10BA9000000000000000000000000000DFA3010023
:10BAA000E94A0100000000000000000085380100A4
:10BAB000459F01003130010051930100B393010013
:10BAC00000000000ED9201000000000000000000F6
:10BAD000E59C0100CD370100D79C01000500000066
:10BAE0002D15010006000000492F01000400000090
:10BAF000311B010099E0000031E00000000000006F
:10BB000000000000000000000000000078C00100FC
:10BB100004000000C8C0010007000000B0BD010023
:10BB20000B000000040000000F00000001000000F6
:10BB30000800000020000000640000007400000005
:10BB40000D0000000C0000000E000000500000007E
:10BB500078000000AC000000FFFFFFFFFFFFFFFFC9
:08BB6000FFFFFFFFFFFFFFFFE5
:10BB70000000000003000000300000006000000032
:10BB8000000000000800030001020203030100019D
:10BB9000000001010000010001000001000100009F
:10BBA000000001000B0002000A00050009000A0065
:10BBB0000800140007001E000600320005004B00BC
:10BBC00004006400030096000200FA000100F40182
:10BBD0000000F401FA00960064004B0032001E00E1
:10BBE00014000A000500020001000C0802170D01F4
:10BBF00001020909010106020918180301010909D6
:10BC0000030385030201230202240910040405052D
:10BC10000B0B040B2B1B1B159A9A1C021D161305EC
:10BC200001490D150508061B1B0F01010000FEFE52
:10BC3000FEFEFEFEFEFEFEFEFEFEFEFEFEFEFEFE24
:10BC4000FEFEFE16FEFEFEFEFEFEFEFEFEFEFE1FDB
:10BC50001FFEFEFE26FEFEFEFEFEFEFEFEFEFEFEBB
:10BC6000FEFEFEFEFEFEFE3E3EFEFEFEFE3B3B00F8
:10BC7000A301B103BF05EF024906A309C505F50BF2
:10BC8000251200000100000010110040000000001B
:10BC90000000000000000000000000000406080A88
:10BCA0000C0E10121416181C1E20222426282A2CD2
:10BCB0002E30323436383A3C3E40424446484A4CB4
:10BCC0004E021A500000000028000000180000007A
:10BCD00000000000141E00003011000000000000F1
:10BCE00070170000A00F00000000DC05E803000052
:10BCF00000000000141E00003011000000002CA6FF
:10BD0000E0A100003408E8031800280000002A0021
:10BD1000D8ECF0F4F8FC0002030405060708000064
:10BD20000000000000000000000000000000000013
:10BD300000000101010102020202030303030404E3
:10BD400004040505050506060608090000000000B4
:10BD500000000000000000000000000000000001E2
:10BD600001010102020202030303030404040405A7
:10BD700005050506060708090A0B0C0D0010020050
:10BD8000FA000000000000000000000000000000B9
:10BD90000338FDD87047000001010000C2040020F4
:10BDA00003020000C0040020090E00008CC3010043
:10BDB00044C30100D78E01000000000040C3010011
:10BDC000000001003CC30100599001000000000088
:10BDD000B00200200000010034C3010015E00000A3
:10BDE00000000000000000000000010030C301005E
:10BDF0005990010000000000A8020020000001008E
:10BE000028C30100F9DF000000000000000000006E
:10BE10000000010024C3010059900100000000004F
:10BE2000A0020020000001001CC30100CD6E010033
:10BE300000000000000000000000010018C3010025
:10BE4000B78F0100AD270100880200200000030029
:10BE500014C301000000000000000000C304002023
:10BE60000000010010C30100599001000000000013
:10BE7000800200200000010008C301000000000053
:10BE8000C96E0100000000000000020094B801002B
:10BE90000C00200094B801000D00070000000020F5
:10BEA0000000000000000B0602000000B0BE010010
:10BEB00000000000F8C70100220002060000002078
:10BEC00000C801001C000B111DF100000000000063
:10BED0009D760100C8BE0100E4BE010047000000DD
:10BEE00000000000F04D0020C8BE0100F8BE0100B7
:10BEF0002E0000000000000094520020C8BE010087
:10BF00000CBF010002010000000000006853002087
:10BF10000E030000750001000F0400007101010014
:10BF20001A010000AD7901000504000001F40000D1
:10BF300013010000E77A01003E010000EDF400006B
:10BF400001120000897B01000A1E0000D97A01005D
:10BF5000FF010000ADF400003E010000CDF4000040
:10BF600005040000D379010010010000337A0100BC
:10BF700001120000C9FB00000A1E0000057D01003F
:10BF800003090000977B0100040B00003B7A0100CD
:10BF9000060A0000817D01000C050000FB7901000C
:10BFA000C8BE0100B0BF0100470000000000000053
:10BFB00084540020C8BE0100C4BF0100000000007E
:10BFC0000000000044550020C8BE0100D8BF010099
:10BFD00020000000000000006C550020C981010015
:10BFE0001B820100000000000000000000000000B3
:10BFF0009783010000000000000000000000000026
:10C000000000000002020100518C01000404010044
:10C01000ED220100060601002D22010008040100A6
:10C02000192101000A020100398C01000C040100F1
:10C03000218C01000E040100ED1F0100200401000D
:10C04000511F010010040100611E010012020100D5
:10C05000A18C01001E0004003B8D01005202000073
:10C06000C78C0100C8BE010074C00100220000009E
:10C0700000000000445600205CC30100D78E010080
:10C080000000000058C301000000010054C301007B
:10C090005990010000000000D403002000000100BE
:10C0A0004CC3010000000000000000000000000080
:10C0B0000000000048C30100B78F0100AD27010058
:10C0C000DC0300200000030088C30100D78E0100BC
:10C0D0000000000084C301000000010080C30100D3
:10C0E000599001000000000004040020000001003D
:10C0F00078C301000F8F0100000000000000000065
:10C100000000010074C3010059900100000000000C
:10C11000FC030020000001006CC30100398F010006
:10C1200000000000000000000000010068C30100E2
:10C130005990010000000000F403002000000100FD
:10C1400060C301001926010000000000000000008B
:10C1500000000100000000000000000000000000DE
:10C1600000000000000000009B92010000000000A1
:10C17000000000000000000000000000952F0100FA
:10C18000652F010000000000ED3001006D3001005E
:10C19000DD930100D9930100FFFFFFFF0000005075
:10C1A000DC020020000000000000000004B90100D3
:10C1B00000127A000001000094B801000A0001009A
:10C1C000000000000100000000000000F8C10100B4
:10C1D000E4C1010094B80100060000000000000066
:10C1E00000000000DFC90100E8C9010048010000AB
:10C1F0000000000000000000AB9901004999010017
:10C20000CF99010097990100002000400100000033
:10C210000000000028C201000000D601000000005C
:10C220003E2900203D2900200020004034C20100AA
:10C23000010000003CC201000400000006000000F4
:10C2400008000001050000020700000300127A0048
:10C25000000000000000000000000000FFFFFFFFE2
:10C260000000FF00000000000000000101000000CD
:10C270006F9E0100FF03000088C201000000000063
:10C28000FFFFFFFF000000000040004094C20100DB
:10C29000010000009CC2010003000000090000042E
:10C2A000080000050700000694B801000A0001001C
:10C2B000AD40010061A201008FA20100D0B70100D2
:10C2C000D8B7010028B8010030B8010070B80100EB
:10C2D00078B80100D4CB010000010000000000008C
:10C2E000647261676F6F6E2F6C6962732F7363681E
:10C2F00065642F7372632F73636865645F68616C34
:10C300005F7274632E63000000004C2A00004C2A08
:10C3100000000328000008290000022900004D2A1F
:10C3200000004D2A0000032800004B2A00004B2A81
:10C330000000032800004A2A00004A2A00000328BF
:10C340000000121800000028000002290000052A41
:10C350000000052A00000328000001180000002842
:10C360000000042A0000042A000003280000012A1B
:10C370000000012A000003280000002A0000002A13
:10C38000000003280000001800000028494D552037
:10C39000436F6E74726F6C6C657200050C0901A1BD
:10C3A000018501150025017501950209E909EA8158
:10C3B00002950175068101C02A2A2A20426F6F74F6
:10C3C000696E67206E524620436F6E6E65637420FF
:10C3D00053444B2076332E332E342D62303936645D
:10C3E00033306438393362202A2A2A0A002A2A2A5A
:10C3F000205573696E67205A6570687972204F53B3
:10C400002076342E332E39392D3337653663323862
:10C410003537366565202A2A2A0A0072302F6131A5
:10C420003A2020307825303878202072312F613240
:10C430003A2020307825303878202072322F61332E
:10C440003A20203078253038780A0072332F613452
:10C450003A2020307825303878207231322F6970B8
:10C460003A2020307825303878207231342F6C72A1
:10C470003A20203078253038780A0020787073729E
:10C480003A20203078253038780A004661756C747F
:10C49000696E6720696E737472756374696F6E205C
:10C4A0006164647265737320287231352F7063295B
:10C4B0003A203078253038780A00556E68616E640D
:10C4C0006C6564204952516E3A2025640A002A2A7C
:10C4D0002A2A2A204D5055204641554C54202A2ABC
:10C4E0002A2A2A0A002020537461636B696E672030
:10C4F0006572726F722028636F6E74657874206144
:10C50000726561206D69676874206265206E6F7462
:10C510002076616C6964290A002020556E7374616D
:10C52000636B696E67206572726F720A0020204427
:10C53000617461204163636573732056696F6C6138
:10C5400074696F6E0A0020204D4D464152204164AF
:10C5500064726573733A20307825780A0020204988
:10C560006E737472756374696F6E20416363657373
:10C57000732056696F6C6174696F6E0A002A2A2AEB
:10C580002A2A205553414745204641554C54202ADC
:10C590002A2A2A2A0A0020204469766973696F6E64
:10C5A000206279207A65726F0A002020556E616CD6
:10C5B00069676E6564206D656D6F72792061636374
:10C5C0006573730A0020204E6F20636F70726F6373
:10C5D0006573736F7220696E737472756374696FBB
:10C5E0006E730A002020496C6C6567616C206C6F6B
:10C5F0006164206F66204558435F52455455524E42
:10C6000020696E746F2050430A002020496C6C65CD
:10C6100067616C20757365206F66207468652045BE
:10C620005053520A002020417474656D7074207458
:10C630006F206578656375746520756E64656669DD
:10C640006E656420696E737472756374696F6E0AC7
:10C65000002A2A2A2A2A20425553204641554C5462
:10C66000202A2A2A2A2A0A002020537461636B692F
:10C670006E67206572726F720A00202050726563C7
:10C6800069736520646174612062757320657272DC
:10C690006F720A0020204246415220416464726554
:10C6A00073733A20307825780A002020496D707223
:10C6B00065636973652064617461206275732065C8
:10C6C00072726F720A002020496E737472756374FF
:10C6D000696F6E20627573206572726F720A005204
:10C6E0006573657276656420457863657074696FFB
:10C6F0006E20280053707572696F757320696E74AF
:10C70000657272757074202849525120005350533D
:10C71000454C20696E20746872656164206D6F6499
:10C720006520646F6573206E6F7420696E64696341
:10C73000617465205053500A002A2A2A2A2A204868
:10C74000415244204641554C54202A2A2A2A2A0A7A
:10C75000002020427573206661756C74206F6E2016
:10C76000766563746F72207461626C6520726561B6
:10C77000640A0020204465627567206576656E74E2
:10C780000A0020204661756C7420657363616C61DA
:10C7900074696F6E20287365652062656C6F7729F8
:10C7A0000A00415243485F45584345505420776939
:10C7B000746820726561736F6E2025780A0A002AFA
:10C7C0002A2A2A2A204465627567206D6F6E697473
:10C7D0006F7220657863657074696F6E202A2A2AEB
:10C7E0002A2A0A002A2A2A2A2A202573202564298F
:10C7F000202A2A2A2A2A0A00464C4153485F300040
:10C800005352414D5F300000FFFFFFFFFFFF00006C
:10C810000000000000FFFFFFFFFFFF00000000001E
:10C820000002FB349B5F80000080001000000000CD
:10C8300000000104000200000002000000000000EF
:10C8400000050000000000000000000000000000E3
:10C85000000562745F74785F70726F636573736FE5
:10C860007200574553545F544F504449522F7A65D4
:10C87000706879722F7375627379732F626C756546
:10C88000746F6F74682F686F73742F6863695F6368
:10C890006F72652E63006576745F666C61677320E6
:10C8A00026202831554C203C3C20283029290041A5
:10C8B0005353455254494F4E204641494C205B2525
:10C8C000735D20402025733A25640A0062745F6816
:10C8D00063695F6576745F6765745F666C616773D3
:10C8E000286864722D3E65767429202620283155EB
:10C8F0004C203C3C202831292900657272203D3DA6
:10C9000020300009436F6E74726F6C6C6572207515
:10C910006E726573706F6E736976652C20636F6DD0
:10C920006D616E64206F70636F64652030782530B0
:10C9300034782074696D656F757420776974682028
:10C940006572722025640A004254205258205751C3
:10C9500000627566007075626C69630072616E6476
:10C960006F6D007075626C69632D69640072616E31
:10C97000646F6D2D69640030782530327800253081
:10C9800032583A253032583A253032583A2530322A
:10C99000583A253032583A25303258202825732904
:10C9A00000636C6F636B40343030303030303000B7
:10C9B00072616E646F6D40343030306430303000FE
:10C9C0006770696F403530303030303030000001F2
:10C9D000020304050607626D693237304030006D8E
:10C9E00061785F6669666F00C82E002E802E1A007F
:10C9F000C82E002EC82E002EC82E002EC82E002EA7
:10CA0000C82E002EC82E002E9032212E59F510303F
:10CA1000212E6AF51A242200802E3B00C82E44479E
:10CA200022003700A400FF0FD10007AD802E00C107
:10CA3000802E00C1802E00C1802E00C1802E00C13A
:10CA4000802E00C1802E00C1802E00C1802E00C12A
:10CA5000802E00C1802E00C10000000000001124C3
:10CA6000FCF580304042505000301224EB0003307F
:10CA7000002EC1865A0EFB2F212EFCF5132463F5E0
:10CA8000E03C48002230F780C242E17F3A25FC8634
:10CA9000F07F4133982EC2C4D66FF130F108C46FD5
:10CAA0001124FF03122400FC6109A20836BE2AB932
:10CAB0001324380064BBD1BE940A7108D54221BD4D
:10CAC00091BCD242C14200B2FE82052F5030212ECD
:10CAD00021F2002E002ED02EF06F023002422026CE
:10CAE000E06F023103409A0A0242F037052E5EF7EA
:10CAF000100812241EF280428384F17F0A2513302D
:10CB000083423B82F06F002E002ED02E1240524204
:10CB1000002E124052423E84004040427E82E17F1D
:10CB2000F27F982E6AD62130232E61F5EB2CE16F2F
:10CB30007561727440343030303230303000737090
:10CB40006940343030303430303000536F667444D4
:10CB5000657669636520436F6E74726F6C6C657285
:10CB6000204153534552543A2025732C2025640A02
:10CB70000062745F6863695F736463004D50534C77
:10CB8000204153534552543A2025732C2025640AE2
:10CB9000004D50534C20576F726B0074656D7040A0
:10CBA00034303030633030300000000100000000CD
:10CBB000010000000101000001010101000000006E
:10CBC0000000010101000101010169646C65006D53
:10CBD00061696E00737973776F726B7100614F7367
:10CBE000360EE07BC8CB68C4175E287F9305555C82
:10CBF0009500FFFFFFFF1F00286E756C6C29002A4F
:10CC0000666C6F61742A0000FFFFFFFFFF1F0000CA
:10CC10001F000000000000001D4000000000000098
:10CC2000FFFFFFFF1FFF0000BAABBABA10101010D1
:10CC30000000000000800040000000000000000034
:10CC40000C0000000000000000FF7F00000000005A
:10CC50005BB40000000000008FB400000000000082
:10CC60001D1C000000000000AFB400000000000028
:10CC70006DB400000000000054670000FF000000D9
:10CC8000FC9700000100000000000000CDE0000063
:10CC90000000000000010000000000000000000093
:10CCA0000000000000000000000000000000000084
:10CCB000000000000000000000000000EDDF0000A8
:10CCC0000000000000010000000000000000000063
:10CCD0000000000000000000000000000000000054
:10CCE00000000000000000000000000069D5000006
:10CCF0000000000000010000000000000000000033
:10CD00000000000000000000000000000000000023
:10CD10000000000000000000000000000000000013
:10CD20000000000000000000000000000000000003
:10CD300000000000000000000000000000000000F3
:10CD400000000000000000000000000000000000E3
:10CD500000000000000000000000000000000000D3
:10CD600000000000000000000000000000000000C3
:10CD700000000000000000000000000000000000B3
:10CD800000000000000000000000000000000000A3
:10CD90000000000000000000000000000000000093
:10CDA0000000000000000000000000000000000083
:10CDB0000000000000000000000000000000000073
:10CDC0000000000000000000000000000000000063
:10CDD0000000000000000000000000000000000053
:10CDE000ADFF000000000000000000000000000097
:10CDF0000000000000000000000000000000000033
:10CE00000000000000000000000000000000000022
:10CE10000000000000000000000000000000000012
:10CE20000000000000000000000000000000000002
:10CE300000000000000000000000000000000000F2
:10CE400000000000000000000000000000000000E2
:10CE500000000000000000000000000000000000D2
:10CE600000000000000000000000000000000000C2
:10CE700000000000000000000000000000000000B2
:10CE800000000000E8B801000CC30100000004002D
:10CE9000000000000000000000000000CDDF0000E6
:10CEA000000000000000000020C30100000012008C
:10CEB0002CC301000000020038C301000000020082
:10CEC000000000005DE00000000000000000000025
:10CED000E5730100000000009376010000000000EF
:10CEE00000000000006000400000000000000000A2
:10CEF0000000000000000000000000000000000032
:10CF00000000000000000000000000000000000021
:10CF10000000000000000000000000000000000011
:10CF20000000000000000000000000000000000001
:10CF300000000000000000000000000000000000F1
:10CF400000000000000000000000000000000000E1
:10CF50000000000000000000B1000100000000001F
:10CF6000000000000000000025F6000000000000A6
:10CF70000000000000000000F50D010000000000AE
:10CF80000000000000000000D90A010000000000BD
:10CF9000000000008C0300208C0300200000000033
:10CFA0000000000001190100092501000000000037
:10CFB0000000000000000000D51D0100618B010091
:10CFC000918A01005D1801000000000000000000CF
:10CFD000A91C0100000000000000000050C3010077
:10CFE0000000200000000000000000000000000021
:10CFF00000000000998F01000000000064C30100E0
:10D000000000020070C30100000002007CC30100A8
:10D01000000002000040004000000000000000008E
:10D020000000000000000000000000000000000000
:10D0300000000000000000000000000000000000F0
:10D0400000000000A8C2010001000000440400200C
:10D0500044040020000000000100000054040020EF
:10D06000540400205C0400205C0400200000000048
:10D07000010000006C0400206C040020000000008F
:10D0800000000000000000000000000000000000A0
:10D090000000000000000000000000000000000090
:10D0A00004B9010000000000000000004729002032
:10D0B0003F2900200090D003FF00000090020000F4
:10D0C000B8040020B8040020121806010111010064
:10D0D000020000000000000000000000000000004E
:10D0E00000000000DC040020DC04002024570020A5
:10D0F00000000000010000002C0000000000000003
:10D10000F8040020F8040020404D0020000000003A
:10D1100001000000B0000000000000001405002025
:10D1200014050020505700200000000003000000FC
:10D130001000000000000000300500203005002035
:10D1400000000000000000000E0000004405002068
:10D150004405002000000000FFFFFFFF54050020F1
:10D1600054050020000000000000000064050020BD
:10D17000640500206C0500206C0500200000000004
:10D18000000000007C0500207C05002084050020B4
:10D1900084050020030003001000000000000000D0
:10D1A000C8BF0100CC5500200000000000000000B6
:10D1B000A8050020A8050020B0050020B00500202B
:10D1C0000300030010000000B118010064C001005A
:10D1D000AC5600200000000000000000D405002034
:10D1E000D4050020DC050020DC050020030003003E
:10D1F0000000000000000000E8BE010020530020F5
:10D2000000000000000000000006002000060020D2
:10D2100008060020080600200100010010000000A0
:10D220003D0A0100B4BF0100445500200000000089
:10D23000000000002C0600202C06002034060020F0
:10D240003406002002000200000000000000000080
:10D25000A0BF0100145500200000000000000000E5
:10D2600058060020580600206006002060060020B6
:10D270000C000C000400000031F30000D4BE0100DB
:10D28000445100200000000000000000840600203F
:10D29000840600208C0600208C060020010001007E
:10D2A0000000000000000000FCBE01006C540020E3
:04D2B00015E015E090
:00000001FF
